id	module	function	parallel	suggested_executable	arm_input_profile	dimensions_or_object	precision_mode	error_metric	warmups	measured_runs	arm_aligned_speedup	dcu_off_on_speedup	status
1	Filtering/AnisotropicSmoothing	AnisotropicDiffusionImageFilter	并行		package_file:BrainProtonDensity1024.png	1024x1024 scalar gray	float_vs_double	max_abs	1	3			待按ARM对齐口径重测
2	Filtering/AnisotropicSmoothing	CurvatureAnisotropicDiffusionImageFilter	并行	hip_anisotropic_smoothing_benchmark / hip_anisotropic_smoothing_test	package_file:BrainProtonDensity1024.png	1024x1024 scalar gray	float_vs_double	max_abs	1	3			待按ARM对齐口径重测
3	Filtering/AnisotropicSmoothing	GradientAnisotropicDiffusionImageFilter	并行	hip_anisotropic_smoothing_benchmark / hip_anisotropic_smoothing_test	package_file:BrainProtonDensity1024.png	1024x1024 scalar gray	float_vs_double	max_abs	1	3			待按ARM对齐口径重测
4	Filtering/AnisotropicSmoothing	VectorCurvatureAnisotropicDiffusionImageFilter	并行		package_file:BrainProtonDensity1024.png	1024x1024 scalar gray	float_vs_double	max_abs	1	3			待按ARM对齐口径重测
5	Filtering/AnisotropicSmoothing	VectorGradientAnisotropicDiffusionImageFilter	并行		package_file:BrainProtonDensity1024.png	1024x1024 scalar gray	float_vs_double	max_abs	1	3			待按ARM对齐口径重测
6	Filtering/AntiAlias	AntiAliasBinaryImageFilter	并行	hip_antialias_benchmark / hip_antialias_test	package_file:labels_u16.mha+binary_u8.mha	1024x1024 label/binary	float_vs_double	binary_or_label_consistency	1	3			待按ARM对齐口径重测
7	Filtering/BiasCorrection	MRIBiasFieldCorrectionFilter	并行	hip_misc_benchmark / hip_misc3_benchmark	package_file:BrainProtonDensity1024.png	1024x1024 scalar gray	float_vs_double	max_abs	1	3			待按ARM对齐口径重测
8	Filtering/BiasCorrection	N4BiasFieldCorrectionImageFilter	并行	hip_misc_benchmark / hip_misc3_benchmark	package_file:BrainProtonDensity1024.png	1024x1024 scalar gray	float_vs_double	max_abs	1	3			待按ARM对齐口径重测
9	Filtering/BinaryMathematicalMorphology	BinaryClosingByReconstructionImageFilter	串行		package_file:labels_u16.mha+binary_u8.mha	1024x1024 label/binary	float_vs_double	binary_or_label_consistency	1	3			待按ARM对齐口径重测
10	Filtering/BinaryMathematicalMorphology	BinaryDilateImageFilter	并行	hip_mathematical_morphology_benchmark / hip_binary_reconstruction_benchmark	package_file:labels_u16.mha+binary_u8.mha	1024x1024 label/binary	float_vs_double	binary_or_label_consistency	1	3			待按ARM对齐口径重测
11	Filtering/BinaryMathematicalMorphology	BinaryErodeImageFilter	并行	hip_mathematical_morphology_benchmark / hip_binary_reconstruction_benchmark	package_file:labels_u16.mha+binary_u8.mha	1024x1024 label/binary	float_vs_double	binary_or_label_consistency	1	3			待按ARM对齐口径重测
12	Filtering/BinaryMathematicalMorphology	BinaryMorphologicalClosingImageFilter	并行	hip_mathematical_morphology_benchmark / hip_binary_reconstruction_benchmark	package_file:labels_u16.mha+binary_u8.mha	1024x1024 label/binary	float_vs_double	binary_or_label_consistency	1	3			待按ARM对齐口径重测
13	Filtering/BinaryMathematicalMorphology	BinaryMorphologicalOpeningImageFilter	并行	hip_mathematical_morphology_benchmark / hip_binary_reconstruction_benchmark	package_file:labels_u16.mha+binary_u8.mha	1024x1024 label/binary	float_vs_double	binary_or_label_consistency	1	3			待按ARM对齐口径重测
14	Filtering/BinaryMathematicalMorphology	BinaryMorphologyImageFilter	并行		package_file:labels_u16.mha+binary_u8.mha	1024x1024 label/binary	float_vs_double	binary_or_label_consistency	1	3			待按ARM对齐口径重测
15	Filtering/BinaryMathematicalMorphology	BinaryOpeningByReconstructionImageFilter	串行		package_file:labels_u16.mha+binary_u8.mha	1024x1024 label/binary	float_vs_double	binary_or_label_consistency	1	3			待按ARM对齐口径重测
16	Filtering/BinaryMathematicalMorphology	BinaryPruningImageFilter	串行		internal_deterministic:synthetic_binary_64	64x64 synthetic binary	float_vs_double	max_abs_or_binary_consistency	1	3			待按ARM对齐口径重测
17	Filtering/BinaryMathematicalMorphology	BinaryThinningImageFilter	串行		internal_deterministic:synthetic_binary_64	64x64 synthetic binary	float_vs_double	max_abs_or_binary_consistency	1	3			待按ARM对齐口径重测
18	Filtering/BinaryMathematicalMorphology	DilateObjectMorphologyImageFilter	并行	hip_mathematical_morphology_benchmark / hip_binary_reconstruction_benchmark	package_file:BrainProtonDensity1024.png	1024x1024 scalar gray	float_vs_double	max_abs	1	3			待按ARM对齐口径重测
19	Filtering/BinaryMathematicalMorphology	ErodeObjectMorphologyImageFilter	并行	hip_mathematical_morphology_benchmark / hip_binary_reconstruction_benchmark	package_file:BrainProtonDensity1024.png	1024x1024 scalar gray	float_vs_double	max_abs	1	3			待按ARM对齐口径重测
20	Filtering/BinaryMathematicalMorphology	FastIncrementalBinaryDilateImageFilter	并行	hip_mathematical_morphology_benchmark / hip_binary_reconstruction_benchmark	package_file:labels_u16.mha+binary_u8.mha	1024x1024 label/binary	float_vs_double	binary_or_label_consistency	1	3			待按ARM对齐口径重测
21	Filtering/BinaryMathematicalMorphology	ObjectMorphologyImageFilter	并行		package_file:BrainProtonDensity1024.png	1024x1024 scalar gray	float_vs_double	max_abs	1	3			待按ARM对齐口径重测
22	Filtering/Colormap	ScalarToRGBColormapImageFilter	并行		package_file:BrainProtonDensity1024.png	1024x1024 scalar gray	float_vs_double	max_abs	1	3			待按ARM对齐口径重测
23	Filtering/Convolution	ConvolutionImageFilter	并行	hip_convolution_benchmark	package_file:BrainProtonDensity1024.png	1024x1024 scalar gray	float_vs_double	max_abs	1	3			待按ARM对齐口径重测
24	Filtering/Convolution	ConvolutionImageFilterBase	并行		package_file:BrainProtonDensity1024.png	1024x1024 scalar gray	float_vs_double	max_abs	1	3			待按ARM对齐口径重测
25	Filtering/Convolution	FFTConvolutionImageFilter	并行	hip_convolution_benchmark	internal_deterministic:complex_frequency_protocol	1024x1024 complex or frequency input	float_vs_double	complex_domain_error	1	3			待按ARM对齐口径重测
26	Filtering/Convolution	FFTNormalizedCorrelationImageFilter	并行	hip_convolution_benchmark	internal_deterministic:complex_frequency_protocol	1024x1024 complex or frequency input	float_vs_double	complex_domain_error	1	3			待按ARM对齐口径重测
27	Filtering/Convolution	MaskedFFTNormalizedCorrelationImageFilter	并行	hip_convolution_benchmark	internal_deterministic:complex_frequency_protocol	1024x1024 complex or frequency input	float_vs_double	complex_domain_error	1	3			待按ARM对齐口径重测
28	Filtering/Convolution	NormalizedCorrelationImageFilter	并行	hip_convolution_benchmark	package_file:BrainProtonDensity1024.png	1024x1024 scalar gray	float_vs_double	max_abs	1	3			待按ARM对齐口径重测
29	Filtering/CurvatureFlow	BinaryMinMaxCurvatureFlowImageFilter	并行	hip_curvature_flow_benchmark / hip_smoothing_extra_benchmark	package_file:labels_u16.mha+binary_u8.mha	1024x1024 label/binary	float_vs_double	binary_or_label_consistency	1	3			待按ARM对齐口径重测
30	Filtering/CurvatureFlow	CurvatureFlowImageFilter	并行	hip_curvature_flow_benchmark / hip_smoothing_extra_benchmark	package_file:BrainProtonDensity1024.png	1024x1024 scalar gray	float_vs_double	max_abs	1	3			待按ARM对齐口径重测
31	Filtering/CurvatureFlow	MinMaxCurvatureFlowImageFilter	并行	hip_curvature_flow_benchmark / hip_smoothing_extra_benchmark	package_file:BrainProtonDensity1024.png	1024x1024 scalar gray	float_vs_double	max_abs	1	3			待按ARM对齐口径重测
32	Filtering/Deconvolution	InverseDeconvolutionImageFilter	并行	hip_deconvolution_benchmark	package_file:BrainProtonDensity1024.png	1024x1024 scalar gray	float_vs_double	max_abs	1	3			待按ARM对齐口径重测
33	Filtering/Deconvolution	IterativeDeconvolutionImageFilter	并行		package_file:BrainProtonDensity1024.png	1024x1024 scalar gray	float_vs_double	max_abs	1	3			待按ARM对齐口径重测
34	Filtering/Deconvolution	LandweberDeconvolutionImageFilter	并行	hip_deconvolution_benchmark	package_file:BrainProtonDensity1024.png	1024x1024 scalar gray	float_vs_double	max_abs	1	3			待按ARM对齐口径重测
35	Filtering/Deconvolution	ParametricBlindLeastSquaresDeconvolutionImageFilter	并行	hip_deconvolution_benchmark	package_file:BrainProtonDensity1024_fixed.png+BrainProtonDensity1024_moving.png	1024x1024 fixed/moving	float_vs_double	max_abs_or_domain_metric	1	3			待按ARM对齐口径重测
36	Filtering/Deconvolution	ProjectedIterativeDeconvolutionImageFilter	并行	hip_deconvolution_benchmark	package_file:BrainProtonDensity1024.png	1024x1024 scalar gray	float_vs_double	max_abs	1	3			待按ARM对齐口径重测
37	Filtering/Deconvolution	ProjectedLandweberDeconvolutionImageFilter	并行	hip_deconvolution_benchmark	package_file:BrainProtonDensity1024.png	1024x1024 scalar gray	float_vs_double	max_abs	1	3			待按ARM对齐口径重测
38	Filtering/Deconvolution	RichardsonLucyDeconvolutionImageFilter	并行	hip_deconvolution_benchmark	package_file:BrainProtonDensity1024.png	1024x1024 scalar gray	float_vs_double	max_abs	1	3			待按ARM对齐口径重测
39	Filtering/Deconvolution	TikhonovDeconvolutionImageFilter	并行	hip_deconvolution_benchmark	package_file:BrainProtonDensity1024.png	1024x1024 scalar gray	float_vs_double	max_abs	1	3			待按ARM对齐口径重测
40	Filtering/Deconvolution	WienerDeconvolutionImageFilter	并行	hip_deconvolution_benchmark	package_file:BrainProtonDensity1024.png	1024x1024 scalar gray	float_vs_double	max_abs	1	3			待按ARM对齐口径重测
41	Filtering/Denoising	PatchBasedDenoisingBaseImageFilter	并行		package_file:BrainProtonDensity1024.png	1024x1024 scalar gray	float_vs_double	max_abs	1	3			待按ARM对齐口径重测
42	Filtering/Denoising	PatchBasedDenoisingImageFilter	并行	hip_denoising_benchmark	package_file:BrainProtonDensity1024.png	1024x1024 scalar gray	float_vs_double	max_abs	1	3			待按ARM对齐口径重测
43	Filtering/DiffusionTensorImage	DiffusionTensor3DReconstructionImageFilter	并行		package_file:BrainProtonDensity1024.png	1024x1024 scalar gray	float_vs_double	max_abs	1	3			待按ARM对齐口径重测
44	Filtering/DiffusionTensorImage	TensorFractionalAnisotropyImageFilter	并行	hip_diffusion_tensor_image_benchmark	package_file:BrainProtonDensity1024.png	1024x1024 scalar gray	float_vs_double	max_abs	1	3			待按ARM对齐口径重测
45	Filtering/DiffusionTensorImage	TensorRelativeAnisotropyImageFilter	并行	hip_diffusion_tensor_image_benchmark	package_file:BrainProtonDensity1024.png	1024x1024 scalar gray	float_vs_double	max_abs	1	3			待按ARM对齐口径重测
46	Filtering/DisplacementField	ComposeDisplacementFieldsImageFilter	并行		package_file:BrainProtonDensity1024.png	1024x1024 scalar gray	float_vs_double	max_abs	1	3			待按ARM对齐口径重测
47	Filtering/DisplacementField	DisplacementFieldJacobianDeterminantFilter	并行	hip_displacement_field_benchmark	package_file:BrainProtonDensity1024.png	1024x1024 scalar gray	float_vs_double	max_abs	1	3			待按ARM对齐口径重测
48	Filtering/DisplacementField	DisplacementFieldToBSplineImageFilter	并行		package_file:BrainProtonDensity1024.png	1024x1024 scalar gray	float_vs_double	max_abs	1	3			待按ARM对齐口径重测
49	Filtering/DisplacementField	ExponentialDisplacementFieldImageFilter	并行		package_file:BrainProtonDensity1024.png	1024x1024 scalar gray	float_vs_double	max_abs	1	3			待按ARM对齐口径重测
50	Filtering/DisplacementField	InverseDisplacementFieldImageFilter	并行		package_file:BrainProtonDensity1024.png	1024x1024 scalar gray	float_vs_double	max_abs	1	3			待按ARM对齐口径重测
51	Filtering/DisplacementField	InvertDisplacementFieldImageFilter	并行		package_file:BrainProtonDensity1024.png	1024x1024 scalar gray	float_vs_double	max_abs	1	3			待按ARM对齐口径重测
52	Filtering/DisplacementField	IterativeInverseDisplacementFieldImageFilter	并行		package_file:BrainProtonDensity1024.png	1024x1024 scalar gray	float_vs_double	max_abs	1	3			待按ARM对齐口径重测
53	Filtering/DisplacementField	TimeVaryingVelocityFieldIntegrationImageFilter	并行		package_file:BrainProtonDensity1024.png	1024x1024 scalar gray	float_vs_double	max_abs	1	3			待按ARM对齐口径重测
54	Filtering/DisplacementField	TransformToDisplacementFieldFilter	并行		package_file:BrainProtonDensity1024_fixed.png+BrainProtonDensity1024_moving.png	1024x1024 fixed/moving	float_vs_double	max_abs_or_domain_metric	1	3			待按ARM对齐口径重测
55	Filtering/DistanceMap	ApproximateSignedDistanceMapImageFilter	并行	hip_distance_map_benchmark	package_file:BrainProtonDensity1024.png	1024x1024 scalar gray	float_vs_double	max_abs	1	3			待按ARM对齐口径重测
56	Filtering/DistanceMap	ContourDirectedMeanDistanceImageFilter	并行		package_file:BrainProtonDensity1024.png	1024x1024 scalar gray	float_vs_double	max_abs	1	3			待按ARM对齐口径重测
57	Filtering/DistanceMap	ContourMeanDistanceImageFilter	并行		package_file:BrainProtonDensity1024.png	1024x1024 scalar gray	float_vs_double	max_abs	1	3			待按ARM对齐口径重测
58	Filtering/DistanceMap	DanielssonDistanceMapImageFilter	并行	hip_distance_map_benchmark	package_file:BrainProtonDensity1024.png	1024x1024 scalar gray	float_vs_double	max_abs	1	3			待按ARM对齐口径重测
59	Filtering/DistanceMap	DirectedHausdorffDistanceImageFilter	并行		package_file:BrainProtonDensity1024.png	1024x1024 scalar gray	float_vs_double	max_abs	1	3			待按ARM对齐口径重测
60	Filtering/DistanceMap	FastChamferDistanceImageFilter	并行	hip_distance_map_benchmark	package_file:BrainProtonDensity1024.png	1024x1024 scalar gray	float_vs_double	max_abs	1	3			待按ARM对齐口径重测
61	Filtering/DistanceMap	HausdorffDistanceImageFilter	并行		package_file:BrainProtonDensity1024.png	1024x1024 scalar gray	float_vs_double	max_abs	1	3			待按ARM对齐口径重测
62	Filtering/DistanceMap	IsoContourDistanceImageFilter	并行	hip_distance_map_benchmark	package_file:BrainProtonDensity1024.png	1024x1024 scalar gray	float_vs_double	max_abs	1	3			待按ARM对齐口径重测
63	Filtering/DistanceMap	SignedDanielssonDistanceMapImageFilter	并行	hip_distance_map_benchmark	package_file:BrainProtonDensity1024.png	1024x1024 scalar gray	float_vs_double	max_abs	1	3			待按ARM对齐口径重测
64	Filtering/DistanceMap	SignedMaurerDistanceMapImageFilter	并行	hip_distance_map_benchmark	package_file:BrainProtonDensity1024.png	1024x1024 scalar gray	float_vs_double	max_abs	1	3			待按ARM对齐口径重测
65	Filtering/FFT	ComplexToComplex1DFFTImageFilter	并行		internal_deterministic:complex_frequency_protocol	1024x1024 complex or frequency input	float_vs_double	complex_domain_error	1	3			待按ARM对齐口径重测
66	Filtering/FFT	ComplexToComplexFFTImageFilter	并行		internal_deterministic:complex_frequency_protocol	1024x1024 complex or frequency input	float_vs_double	complex_domain_error	1	3			待按ARM对齐口径重测
67	Filtering/FFT	FFTPadImageFilter	并行	hip_fft_benchmark	internal_deterministic:complex_frequency_protocol	1024x1024 complex or frequency input	float_vs_double	complex_domain_error	1	3			待按ARM对齐口径重测
68	Filtering/FFT	FFTShiftImageFilter	并行	hip_fft_benchmark	internal_deterministic:complex_frequency_protocol	1024x1024 complex or frequency input	float_vs_double	complex_domain_error	1	3			待按ARM对齐口径重测
69	Filtering/FFT	FFTWComplexToComplex1DFFTImageFilter	并行		internal_deterministic:complex_frequency_protocol	1024x1024 complex or frequency input	float_vs_double	complex_domain_error	1	3			待按ARM对齐口径重测
70	Filtering/FFT	FFTWComplexToComplexFFTImageFilter	并行		internal_deterministic:complex_frequency_protocol	1024x1024 complex or frequency input	float_vs_double	complex_domain_error	1	3			待按ARM对齐口径重测
71	Filtering/FFT	FFTWForward1DFFTImageFilter	并行		internal_deterministic:complex_frequency_protocol	1024x1024 complex or frequency input	float_vs_double	complex_domain_error	1	3			待按ARM对齐口径重测
72	Filtering/FFT	FFTWForwardFFTImageFilter	并行		internal_deterministic:complex_frequency_protocol	1024x1024 complex or frequency input	float_vs_double	complex_domain_error	1	3			待按ARM对齐口径重测
73	Filtering/FFT	FFTWHalfHermitianToRealInverseFFTImageFilter	并行		internal_deterministic:complex_frequency_protocol	1024x1024 complex or frequency input	float_vs_double	complex_domain_error	1	3			待按ARM对齐口径重测
74	Filtering/FFT	FFTWInverse1DFFTImageFilter	并行		internal_deterministic:complex_frequency_protocol	1024x1024 complex or frequency input	float_vs_double	complex_domain_error	1	3			待按ARM对齐口径重测
75	Filtering/FFT	FFTWInverseFFTImageFilter	并行		internal_deterministic:complex_frequency_protocol	1024x1024 complex or frequency input	float_vs_double	complex_domain_error	1	3			待按ARM对齐口径重测
76	Filtering/FFT	FFTWRealToHalfHermitianForwardFFTImageFilter	并行		internal_deterministic:complex_frequency_protocol	1024x1024 complex or frequency input	float_vs_double	complex_domain_error	1	3			待按ARM对齐口径重测
77	Filtering/FFT	Forward1DFFTImageFilter	并行		internal_deterministic:complex_frequency_protocol	1024x1024 complex or frequency input	float_vs_double	complex_domain_error	1	3			待按ARM对齐口径重测
78	Filtering/FFT	ForwardFFTImageFilter	并行		internal_deterministic:complex_frequency_protocol	1024x1024 complex or frequency input	float_vs_double	complex_domain_error	1	3			待按ARM对齐口径重测
79	Filtering/FFT	FullToHalfHermitianImageFilter	并行		package_file:BrainProtonDensity1024.png	1024x1024 scalar gray	float_vs_double	max_abs	1	3			待按ARM对齐口径重测
80	Filtering/FFT	HalfHermitianToRealInverseFFTImageFilter	并行		internal_deterministic:complex_frequency_protocol	1024x1024 complex or frequency input	float_vs_double	complex_domain_error	1	3			待按ARM对齐口径重测
81	Filtering/FFT	HalfToFullHermitianImageFilter	并行		package_file:BrainProtonDensity1024.png	1024x1024 scalar gray	float_vs_double	max_abs	1	3			待按ARM对齐口径重测
82	Filtering/FFT	Inverse1DFFTImageFilter	并行		internal_deterministic:complex_frequency_protocol	1024x1024 complex or frequency input	float_vs_double	complex_domain_error	1	3			待按ARM对齐口径重测
83	Filtering/FFT	InverseFFTImageFilter	并行		internal_deterministic:complex_frequency_protocol	1024x1024 complex or frequency input	float_vs_double	complex_domain_error	1	3			待按ARM对齐口径重测
84	Filtering/FFT	RealToHalfHermitianForwardFFTImageFilter	并行		internal_deterministic:complex_frequency_protocol	1024x1024 complex or frequency input	float_vs_double	complex_domain_error	1	3			待按ARM对齐口径重测
85	Filtering/FFT	VnlComplexToComplex1DFFTImageFilter	并行	hip_fft_benchmark	internal_deterministic:complex_frequency_protocol	1024x1024 complex or frequency input	float_vs_double	complex_domain_error	1	3			待按ARM对齐口径重测
86	Filtering/FFT	VnlComplexToComplexFFTImageFilter	并行	hip_fft_benchmark	internal_deterministic:complex_frequency_protocol	1024x1024 complex or frequency input	float_vs_double	complex_domain_error	1	3			待按ARM对齐口径重测
87	Filtering/FFT	VnlForward1DFFTImageFilter	并行		internal_deterministic:complex_frequency_protocol	1024x1024 complex or frequency input	float_vs_double	complex_domain_error	1	3			待按ARM对齐口径重测
88	Filtering/FFT	VnlForwardFFTImageFilter	并行		internal_deterministic:complex_frequency_protocol	1024x1024 complex or frequency input	float_vs_double	complex_domain_error	1	3			待按ARM对齐口径重测
89	Filtering/FFT	VnlHalfHermitianToRealInverseFFTImageFilter	并行		internal_deterministic:complex_frequency_protocol	1024x1024 complex or frequency input	float_vs_double	complex_domain_error	1	3			待按ARM对齐口径重测
90	Filtering/FFT	VnlInverse1DFFTImageFilter	并行		internal_deterministic:complex_frequency_protocol	1024x1024 complex or frequency input	float_vs_double	complex_domain_error	1	3			待按ARM对齐口径重测
91	Filtering/FFT	VnlInverseFFTImageFilter	并行		internal_deterministic:complex_frequency_protocol	1024x1024 complex or frequency input	float_vs_double	complex_domain_error	1	3			待按ARM对齐口径重测
92	Filtering/FFT	VnlRealToHalfHermitianForwardFFTImageFilter	并行		internal_deterministic:complex_frequency_protocol	1024x1024 complex or frequency input	float_vs_double	complex_domain_error	1	3			待按ARM对齐口径重测
93	Filtering/FastMarching	FastMarchingExtensionImageFilter	串行		package_file:BrainProtonDensity1024.png	1024x1024 scalar gray	float_vs_double	max_abs	1	3			待按ARM对齐口径重测
94	Filtering/FastMarching	FastMarchingExtensionImageFilterBase	并行		package_file:BrainProtonDensity1024.png	1024x1024 scalar gray	float_vs_double	max_abs	1	3			待按ARM对齐口径重测
95	Filtering/FastMarching	FastMarchingImageFilter	串行		package_file:BrainProtonDensity1024.png	1024x1024 scalar gray	float_vs_double	max_abs	1	3			待按ARM对齐口径重测
96	Filtering/FastMarching	FastMarchingImageFilterBase	并行		package_file:BrainProtonDensity1024.png	1024x1024 scalar gray	float_vs_double	max_abs	1	3			待按ARM对齐口径重测
97	Filtering/FastMarching	FastMarchingQuadEdgeMeshFilterBase	并行		internal_deterministic:official_object_protocol	fixed object size from benchmark	float_vs_double	domain_metric	1	3			待按ARM对齐口径重测
98	Filtering/FastMarching	FastMarchingUpwindGradientImageFilter	串行		package_file:BrainProtonDensity1024.png	1024x1024 scalar gray	float_vs_double	max_abs	1	3			待按ARM对齐口径重测
99	Filtering/FastMarching	FastMarchingUpwindGradientImageFilterBase	并行		package_file:BrainProtonDensity1024.png	1024x1024 scalar gray	float_vs_double	max_abs	1	3			待按ARM对齐口径重测
100	Filtering/GPUAnisotropicSmoothing	GPUAnisotropicDiffusionImageFilter	并行		internal_deterministic:gpu_interface_protocol	interface-defined input	float_vs_double	domain_metric	1	3			待按ARM对齐口径重测
101	Filtering/GPUAnisotropicSmoothing	GPUGradientAnisotropicDiffusionImageFilter	并行		internal_deterministic:gpu_interface_protocol	interface-defined input	float_vs_double	domain_metric	1	3			待按ARM对齐口径重测
102	Filtering/GPUImageFilterBase	GPUBoxImageFilter	并行		internal_deterministic:gpu_interface_protocol	interface-defined input	float_vs_double	domain_metric	1	3			待按ARM对齐口径重测
103	Filtering/GPUImageFilterBase	GPUCastImageFilter	并行		internal_deterministic:gpu_interface_protocol	interface-defined input	float_vs_double	domain_metric	1	3			待按ARM对齐口径重测
104	Filtering/GPUImageFilterBase	GPUNeighborhoodOperatorImageFilter	并行		internal_deterministic:gpu_interface_protocol	interface-defined input	float_vs_double	domain_metric	1	3			待按ARM对齐口径重测
105	Filtering/GPUSmoothing	GPUDiscreteGaussianImageFilter	并行		internal_deterministic:gpu_interface_protocol	interface-defined input	float_vs_double	domain_metric	1	3			待按ARM对齐口径重测
106	Filtering/GPUSmoothing	GPUMeanImageFilter	并行		internal_deterministic:gpu_interface_protocol	interface-defined input	float_vs_double	domain_metric	1	3			待按ARM对齐口径重测
107	Filtering/GPUThresholding	GPUBinaryThresholdImageFilter	并行		package_file:labels_u16.mha+binary_u8.mha	1024x1024 label/binary	float_vs_double	binary_or_label_consistency	1	3			待按ARM对齐口径重测
108	Filtering/ImageCompare	AbsoluteValueDifferenceImageFilter	并行	hip_image_compare_benchmark / hip_image_compare_test	package_file:BrainProtonDensity1024.png	1024x1024 scalar gray	float_vs_double	max_abs	1	3			待按ARM对齐口径重测
109	Filtering/ImageCompare	CheckerBoardImageFilter	并行	hip_image_compare_benchmark / hip_image_compare_test	package_file:BrainProtonDensity1024.png	1024x1024 scalar gray	float_vs_double	max_abs	1	3			待按ARM对齐口径重测
110	Filtering/ImageCompare	STAPLEImageFilter	并行		package_file:BrainProtonDensity1024.png	1024x1024 scalar gray	float_vs_double	max_abs	1	3			待按ARM对齐口径重测
111	Filtering/ImageCompare	SimilarityIndexImageFilter	并行		package_file:BrainProtonDensity1024.png	1024x1024 scalar gray	float_vs_double	max_abs	1	3			待按ARM对齐口径重测
112	Filtering/ImageCompare	SquaredDifferenceImageFilter	并行	hip_image_compare_benchmark / hip_image_compare_test	package_file:BrainProtonDensity1024.png	1024x1024 scalar gray	float_vs_double	max_abs	1	3			待按ARM对齐口径重测
113	Filtering/ImageCompose	ComposeImageFilter	并行		package_file:BrainProtonDensity1024.png	1024x1024 scalar gray	float_vs_double	max_abs	1	3			待按ARM对齐口径重测
114	Filtering/ImageCompose	JoinImageFilter	并行		package_file:BrainProtonDensity1024.png	1024x1024 scalar gray	float_vs_double	max_abs	1	3			待按ARM对齐口径重测
115	Filtering/ImageCompose	JoinSeriesImageFilter	并行		package_file:BrainProtonDensity1024.png	1024x1024 scalar gray	float_vs_double	max_abs	1	3			待按ARM对齐口径重测
116	Filtering/ImageFeature	BilateralImageFilter	并行	hip_image_feature_benchmark / hip_image_feature_correctness_test	package_file:BrainProtonDensity1024.png	1024x1024 scalar gray	float_vs_double	max_abs	1	3			待按ARM对齐口径重测
117	Filtering/ImageFeature	CannyEdgeDetectionImageFilter	并行	hip_image_feature_benchmark / hip_image_feature_correctness_test	package_file:BrainProtonDensity1024.png	1024x1024 scalar gray	float_vs_double	max_abs	1	3			待按ARM对齐口径重测
118	Filtering/ImageFeature	DerivativeImageFilter	并行	hip_image_feature_benchmark / hip_image_feature_correctness_test	package_file:BrainProtonDensity1024.png	1024x1024 scalar gray	float_vs_double	max_abs	1	3			待按ARM对齐口径重测
119	Filtering/ImageFeature	DiscreteGaussianDerivativeImageFilter	并行	hip_image_feature_benchmark / hip_image_feature_correctness_test	package_file:BrainProtonDensity1024.png	1024x1024 scalar gray	float_vs_double	max_abs	1	3			待按ARM对齐口径重测
120	Filtering/ImageFeature	GradientVectorFlowImageFilter	并行		package_file:BrainProtonDensity1024.png	1024x1024 scalar gray	float_vs_double	max_abs	1	3			待按ARM对齐口径重测
121	Filtering/ImageFeature	Hessian3DToVesselnessMeasureImageFilter	并行	hip_image_feature_benchmark / hip_image_feature_correctness_test	package_file:BrainProtonDensity1024.png	1024x1024 scalar gray	float_vs_double	max_abs	1	3			待按ARM对齐口径重测
122	Filtering/ImageFeature	HessianRecursiveGaussianImageFilter	并行		package_file:BrainProtonDensity1024.png	1024x1024 scalar gray	float_vs_double	max_abs	1	3			待按ARM对齐口径重测
123	Filtering/ImageFeature	HessianToObjectnessMeasureImageFilter	并行	hip_image_feature_benchmark / hip_image_feature_correctness_test	package_file:BrainProtonDensity1024.png	1024x1024 scalar gray	float_vs_double	max_abs	1	3			待按ARM对齐口径重测
124	Filtering/ImageFeature	HoughTransform2DCirclesImageFilter	并行		package_file:BrainProtonDensity1024_fixed.png+BrainProtonDensity1024_moving.png	1024x1024 fixed/moving	float_vs_double	max_abs_or_domain_metric	1	3			待按ARM对齐口径重测
125	Filtering/ImageFeature	HoughTransform2DLinesImageFilter	并行		package_file:BrainProtonDensity1024_fixed.png+BrainProtonDensity1024_moving.png	1024x1024 fixed/moving	float_vs_double	max_abs_or_domain_metric	1	3			待按ARM对齐口径重测
126	Filtering/ImageFeature	LaplacianImageFilter	并行	hip_image_feature_benchmark / hip_image_feature_correctness_test	package_file:BrainProtonDensity1024.png	1024x1024 scalar gray	float_vs_double	max_abs	1	3			待按ARM对齐口径重测
127	Filtering/ImageFeature	LaplacianRecursiveGaussianImageFilter	并行	hip_image_feature_benchmark / hip_image_feature_correctness_test	package_file:BrainProtonDensity1024.png	1024x1024 scalar gray	float_vs_double	max_abs	1	3			待按ARM对齐口径重测
128	Filtering/ImageFeature	LaplacianSharpeningImageFilter	并行	hip_image_feature_benchmark / hip_image_feature_correctness_test	package_file:BrainProtonDensity1024.png	1024x1024 scalar gray	float_vs_double	max_abs	1	3			待按ARM对齐口径重测
129	Filtering/ImageFeature	MaskFeaturePointSelectionFilter	并行		package_file:BrainProtonDensity1024.png	1024x1024 scalar gray	float_vs_double	max_abs	1	3			待按ARM对齐口径重测
130	Filtering/ImageFeature	MultiScaleHessianBasedMeasureImageFilter	并行	hip_image_feature_benchmark / hip_image_feature_correctness_test	package_file:BrainProtonDensity1024.png	1024x1024 scalar gray	float_vs_double	max_abs	1	3			待按ARM对齐口径重测
131	Filtering/ImageFeature	SimpleContourExtractorImageFilter	并行	hip_image_feature_benchmark / hip_image_feature_correctness_test	package_file:BrainProtonDensity1024.png	1024x1024 scalar gray	float_vs_double	max_abs	1	3			待按ARM对齐口径重测
132	Filtering/ImageFeature	SobelEdgeDetectionImageFilter	并行	hip_image_feature_benchmark / hip_image_feature_correctness_test	package_file:BrainProtonDensity1024.png	1024x1024 scalar gray	float_vs_double	max_abs	1	3			待按ARM对齐口径重测
133	Filtering/ImageFeature	UnsharpMaskImageFilter	并行	hip_image_feature_benchmark / hip_image_feature_correctness_test	package_file:BrainProtonDensity1024.png	1024x1024 scalar gray	float_vs_double	max_abs	1	3			待按ARM对齐口径重测
134	Filtering/ImageFeature	ZeroCrossingBasedEdgeDetectionImageFilter	并行	hip_image_feature_benchmark / hip_image_feature_correctness_test	package_file:BrainProtonDensity1024.png	1024x1024 scalar gray	float_vs_double	max_abs	1	3			待按ARM对齐口径重测
135	Filtering/ImageFeature	ZeroCrossingImageFilter	并行	hip_image_feature_benchmark / hip_image_feature_correctness_test	package_file:BrainProtonDensity1024.png	1024x1024 scalar gray	float_vs_double	max_abs	1	3			待按ARM对齐口径重测
136	Filtering/ImageFilterBase	BinaryFunctorImageFilter	并行		package_file:labels_u16.mha+binary_u8.mha	1024x1024 label/binary	float_vs_double	binary_or_label_consistency	1	3			待按ARM对齐口径重测
137	Filtering/ImageFilterBase	BinaryGeneratorImageFilter	并行		package_file:labels_u16.mha+binary_u8.mha	1024x1024 label/binary	float_vs_double	binary_or_label_consistency	1	3			待按ARM对齐口径重测
138	Filtering/ImageFilterBase	BoxImageFilter	并行		package_file:BrainProtonDensity1024.png	1024x1024 scalar gray	float_vs_double	max_abs	1	3			待按ARM对齐口径重测
139	Filtering/ImageFilterBase	CastImageFilter	并行	hip_image_intensity_benchmark / hip_misc_benchmark	package_file:BrainProtonDensity1024.png	1024x1024 scalar gray	float_vs_double	max_abs	1	3			待按ARM对齐口径重测
140	Filtering/ImageFilterBase	KernelImageFilter	并行		package_file:BrainProtonDensity1024.png	1024x1024 scalar gray	float_vs_double	max_abs	1	3			待按ARM对齐口径重测
141	Filtering/ImageFilterBase	MaskNeighborhoodOperatorImageFilter	并行		package_file:BrainProtonDensity1024.png	1024x1024 scalar gray	float_vs_double	max_abs	1	3			待按ARM对齐口径重测
142	Filtering/ImageFilterBase	MovingHistogramImageFilter	并行		package_file:BrainProtonDensity1024.png	1024x1024 scalar gray	float_vs_double	max_abs	1	3			待按ARM对齐口径重测
143	Filtering/ImageFilterBase	MovingHistogramImageFilterBase	并行		package_file:BrainProtonDensity1024.png	1024x1024 scalar gray	float_vs_double	max_abs	1	3			待按ARM对齐口径重测
144	Filtering/ImageFilterBase	NeighborhoodOperatorImageFilter	并行		package_file:BrainProtonDensity1024.png	1024x1024 scalar gray	float_vs_double	max_abs	1	3			待按ARM对齐口径重测
145	Filtering/ImageFilterBase	NoiseImageFilter	并行	hip_image_intensity_benchmark / hip_misc_benchmark	package_file:BrainProtonDensity1024.png	1024x1024 scalar gray	float_vs_double	max_abs	1	3			待按ARM对齐口径重测
146	Filtering/ImageFilterBase	RecursiveSeparableImageFilter	并行		package_file:BrainProtonDensity1024.png	1024x1024 scalar gray	float_vs_double	max_abs	1	3			待按ARM对齐口径重测
147	Filtering/ImageFilterBase	TernaryFunctorImageFilter	并行		package_file:BrainProtonDensity1024.png	1024x1024 scalar gray	float_vs_double	max_abs	1	3			待按ARM对齐口径重测
148	Filtering/ImageFilterBase	TernaryGeneratorImageFilter	并行		package_file:BrainProtonDensity1024.png	1024x1024 scalar gray	float_vs_double	max_abs	1	3			待按ARM对齐口径重测
149	Filtering/ImageFilterBase	UnaryGeneratorImageFilter	并行		package_file:BrainProtonDensity1024.png	1024x1024 scalar gray	float_vs_double	max_abs	1	3			待按ARM对齐口径重测
150	Filtering/ImageFilterBase	VectorNeighborhoodOperatorImageFilter	并行		package_file:BrainProtonDensity1024.png	1024x1024 scalar gray	float_vs_double	max_abs	1	3			待按ARM对齐口径重测
151	Filtering/ImageFrequency	FrequencyBandImageFilter	并行		internal_deterministic:complex_frequency_protocol	1024x1024 complex or frequency input	float_vs_double	complex_domain_error	1	3			待按ARM对齐口径重测
152	Filtering/ImageFrequency	UnaryFrequencyDomainFilter	并行		internal_deterministic:complex_frequency_protocol	1024x1024 complex or frequency input	float_vs_double	complex_domain_error	1	3			待按ARM对齐口径重测
153	Filtering/ImageFusion	LabelMapContourOverlayImageFilter	并行		package_file:labels_u16.mha+binary_u8.mha	1024x1024 label/binary	float_vs_double	binary_or_label_consistency	1	3			待按ARM对齐口径重测
154	Filtering/ImageFusion	LabelMapOverlayImageFilter	并行		package_file:labels_u16.mha+binary_u8.mha	1024x1024 label/binary	float_vs_double	binary_or_label_consistency	1	3			待按ARM对齐口径重测
155	Filtering/ImageFusion	LabelMapToRGBImageFilter	并行		package_file:labels_u16.mha+binary_u8.mha	1024x1024 label/binary	float_vs_double	binary_or_label_consistency	1	3			待按ARM对齐口径重测
156	Filtering/ImageFusion	LabelOverlayImageFilter	并行		package_file:labels_u16.mha+binary_u8.mha	1024x1024 label/binary	float_vs_double	binary_or_label_consistency	1	3			待按ARM对齐口径重测
157	Filtering/ImageFusion	LabelToRGBImageFilter	并行		package_file:labels_u16.mha+binary_u8.mha	1024x1024 label/binary	float_vs_double	binary_or_label_consistency	1	3			待按ARM对齐口径重测
158	Filtering/ImageGradient	DifferenceOfGaussiansGradientImageFilter	并行	hip_image_gradient_benchmark	package_file:BrainProtonDensity1024.png	1024x1024 scalar gray	float_vs_double	max_abs	1	3			待按ARM对齐口径重测
159	Filtering/ImageGradient	GradientImageFilter	并行		package_file:BrainProtonDensity1024.png	1024x1024 scalar gray	float_vs_double	max_abs	1	3			待按ARM对齐口径重测
160	Filtering/ImageGradient	GradientMagnitudeImageFilter	并行	hip_image_gradient_benchmark	package_file:BrainProtonDensity1024.png	1024x1024 scalar gray	float_vs_double	max_abs	1	3			待按ARM对齐口径重测
161	Filtering/ImageGradient	GradientMagnitudeRecursiveGaussianImageFilter	并行	hip_image_gradient_benchmark	package_file:BrainProtonDensity1024.png	1024x1024 scalar gray	float_vs_double	max_abs	1	3			待按ARM对齐口径重测
162	Filtering/ImageGradient	GradientRecursiveGaussianImageFilter	并行		package_file:BrainProtonDensity1024.png	1024x1024 scalar gray	float_vs_double	max_abs	1	3			待按ARM对齐口径重测
163	Filtering/ImageGradient	VectorGradientMagnitudeImageFilter	并行		package_file:BrainProtonDensity1024.png	1024x1024 scalar gray	float_vs_double	max_abs	1	3			待按ARM对齐口径重测
164	Filtering/ImageGrid	BSplineCenteredL2ResampleImageFilterBase	并行		package_file:BrainProtonDensity1024.png	1024x1024 scalar gray	float_vs_double	max_abs	1	3			待按ARM对齐口径重测
165	Filtering/ImageGrid	BSplineCenteredResampleImageFilterBase	并行		package_file:BrainProtonDensity1024.png	1024x1024 scalar gray	float_vs_double	max_abs	1	3			待按ARM对齐口径重测
166	Filtering/ImageGrid	BSplineControlPointImageFilter	并行		package_file:BrainProtonDensity1024.png	1024x1024 scalar gray	float_vs_double	max_abs	1	3			待按ARM对齐口径重测
167	Filtering/ImageGrid	BSplineDownsampleImageFilter	并行	hip_image_grid_benchmark / hip_imagegrid2_benchmark / hip_imagegrid3_benchmark	package_file:BrainProtonDensity1024.png	1024x1024 scalar gray	float_vs_double	max_abs	1	3			待按ARM对齐口径重测
168	Filtering/ImageGrid	BSplineL2ResampleImageFilterBase	并行		package_file:BrainProtonDensity1024.png	1024x1024 scalar gray	float_vs_double	max_abs	1	3			待按ARM对齐口径重测
169	Filtering/ImageGrid	BSplineResampleImageFilterBase	并行		package_file:BrainProtonDensity1024.png	1024x1024 scalar gray	float_vs_double	max_abs	1	3			待按ARM对齐口径重测
170	Filtering/ImageGrid	BSplineScatteredDataPointSetToImageFilter	并行	hip_image_grid_benchmark / hip_imagegrid2_benchmark / hip_imagegrid3_benchmark	internal_deterministic:official_object_protocol	fixed object size from benchmark	float_vs_double	domain_metric	1	3			待按ARM对齐口径重测
171	Filtering/ImageGrid	BSplineUpsampleImageFilter	并行	hip_image_grid_benchmark / hip_imagegrid2_benchmark / hip_imagegrid3_benchmark	package_file:BrainProtonDensity1024.png	1024x1024 scalar gray	float_vs_double	max_abs	1	3			待按ARM对齐口径重测
172	Filtering/ImageGrid	BinShrinkImageFilter	并行	hip_image_grid_benchmark / hip_imagegrid2_benchmark / hip_imagegrid3_benchmark	package_file:BrainProtonDensity1024.png	1024x1024 scalar gray	float_vs_double	max_abs	1	3			待按ARM对齐口径重测
173	Filtering/ImageGrid	ChangeInformationImageFilter	并行	hip_image_grid_benchmark / hip_imagegrid2_benchmark / hip_imagegrid3_benchmark	package_file:BrainProtonDensity1024.png	1024x1024 scalar gray	float_vs_double	max_abs	1	3			待按ARM对齐口径重测
174	Filtering/ImageGrid	ConstantPadImageFilter	并行	hip_image_grid_benchmark / hip_imagegrid2_benchmark / hip_imagegrid3_benchmark	package_file:BrainProtonDensity1024.png	1024x1024 scalar gray	float_vs_double	max_abs	1	3			待按ARM对齐口径重测
175	Filtering/ImageGrid	CropImageFilter	并行	hip_image_grid_benchmark / hip_imagegrid2_benchmark / hip_imagegrid3_benchmark	package_file:BrainProtonDensity1024.png	1024x1024 scalar gray	float_vs_double	max_abs	1	3			待按ARM对齐口径重测
176	Filtering/ImageGrid	CyclicShiftImageFilter	并行	hip_image_grid_benchmark / hip_imagegrid2_benchmark / hip_imagegrid3_benchmark	package_file:BrainProtonDensity1024.png	1024x1024 scalar gray	float_vs_double	max_abs	1	3			待按ARM对齐口径重测
177	Filtering/ImageGrid	ExpandImageFilter	并行	hip_image_grid_benchmark / hip_imagegrid2_benchmark / hip_imagegrid3_benchmark	package_file:BrainProtonDensity1024.png	1024x1024 scalar gray	float_vs_double	max_abs	1	3			待按ARM对齐口径重测
178	Filtering/ImageGrid	FlipImageFilter	并行	hip_image_grid_benchmark / hip_imagegrid2_benchmark / hip_imagegrid3_benchmark	package_file:BrainProtonDensity1024.png	1024x1024 scalar gray	float_vs_double	max_abs	1	3			待按ARM对齐口径重测
179	Filtering/ImageGrid	InterpolateImageFilter	并行	需新增专用benchmark	package_file:BrainProtonDensity1024.png	1024x1024 scalar gray	float_vs_double	max_abs	1	3			待按ARM对齐口径重测
180	Filtering/ImageGrid	InterpolateImagePointsFilter	并行	hip_image_grid_benchmark / hip_imagegrid2_benchmark / hip_imagegrid3_benchmark	package_file:BrainProtonDensity1024.png	1024x1024 scalar gray	float_vs_double	max_abs	1	3			待按ARM对齐口径重测
181	Filtering/ImageGrid	MirrorPadImageFilter	并行	hip_image_grid_benchmark / hip_imagegrid2_benchmark / hip_imagegrid3_benchmark	package_file:BrainProtonDensity1024.png	1024x1024 scalar gray	float_vs_double	max_abs	1	3			待按ARM对齐口径重测
182	Filtering/ImageGrid	OrientImageFilter	并行	hip_image_grid_benchmark / hip_imagegrid2_benchmark / hip_imagegrid3_benchmark	package_file:BrainProtonDensity1024.png	1024x1024 scalar gray	float_vs_double	max_abs	1	3			待按ARM对齐口径重测
183	Filtering/ImageGrid	PadImageFilter	并行	hip_image_grid_benchmark / hip_imagegrid2_benchmark / hip_imagegrid3_benchmark	package_file:BrainProtonDensity1024.png	1024x1024 scalar gray	float_vs_double	max_abs	1	3			待按ARM对齐口径重测
184	Filtering/ImageGrid	PadImageFilterBase	并行		package_file:BrainProtonDensity1024.png	1024x1024 scalar gray	float_vs_double	max_abs	1	3			待按ARM对齐口径重测
185	Filtering/ImageGrid	PasteImageFilter	并行	hip_image_grid_benchmark / hip_imagegrid2_benchmark / hip_imagegrid3_benchmark	package_file:BrainProtonDensity1024.png	1024x1024 scalar gray	float_vs_double	max_abs	1	3			待按ARM对齐口径重测
186	Filtering/ImageGrid	PermuteAxesImageFilter	并行	hip_image_grid_benchmark / hip_imagegrid2_benchmark / hip_imagegrid3_benchmark	package_file:BrainProtonDensity1024.png	1024x1024 scalar gray	float_vs_double	max_abs	1	3			待按ARM对齐口径重测
187	Filtering/ImageGrid	RegionOfInterestImageFilter	并行	hip_image_grid_benchmark / hip_imagegrid2_benchmark / hip_imagegrid3_benchmark	package_file:BrainProtonDensity1024.png	1024x1024 scalar gray	float_vs_double	max_abs	1	3			待按ARM对齐口径重测
188	Filtering/ImageGrid	ResampleImageFilter	并行	hip_image_grid_benchmark / hip_imagegrid2_benchmark / hip_imagegrid3_benchmark	package_file:BrainProtonDensity1024.png	1024x1024 scalar gray	float_vs_double	max_abs	1	3			待按ARM对齐口径重测
189	Filtering/ImageGrid	ShrinkImageFilter	并行	hip_image_grid_benchmark / hip_imagegrid2_benchmark / hip_imagegrid3_benchmark	package_file:BrainProtonDensity1024.png	1024x1024 scalar gray	float_vs_double	max_abs	1	3			待按ARM对齐口径重测
190	Filtering/ImageGrid	SliceBySliceImageFilter	并行	hip_image_grid_benchmark / hip_imagegrid2_benchmark / hip_imagegrid3_benchmark	package_file:BrainProtonDensity1024.png	1024x1024 scalar gray	float_vs_double	max_abs	1	3			待按ARM对齐口径重测
191	Filtering/ImageGrid	SliceImageFilter	并行	hip_image_grid_benchmark / hip_imagegrid2_benchmark / hip_imagegrid3_benchmark	package_file:BrainProtonDensity1024.png	1024x1024 scalar gray	float_vs_double	max_abs	1	3			待按ARM对齐口径重测
192	Filtering/ImageGrid	TileImageFilter	并行	hip_image_grid_benchmark / hip_imagegrid2_benchmark / hip_imagegrid3_benchmark	package_file:BrainProtonDensity1024.png	1024x1024 scalar gray	float_vs_double	max_abs	1	3			待按ARM对齐口径重测
193	Filtering/ImageGrid	WarpImageFilter	并行	hip_image_grid_benchmark / hip_imagegrid2_benchmark / hip_imagegrid3_benchmark	package_file:BrainProtonDensity1024.png	1024x1024 scalar gray	float_vs_double	max_abs	1	3			待按ARM对齐口径重测
194	Filtering/ImageGrid	WarpVectorImageFilter	并行		package_file:BrainProtonDensity1024.png	1024x1024 scalar gray	float_vs_double	max_abs	1	3			待按ARM对齐口径重测
195	Filtering/ImageGrid	WrapPadImageFilter	并行	hip_image_grid_benchmark / hip_imagegrid2_benchmark / hip_imagegrid3_benchmark	package_file:BrainProtonDensity1024.png	1024x1024 scalar gray	float_vs_double	max_abs	1	3			待按ARM对齐口径重测
196	Filtering/ImageGrid	ZeroFluxNeumannPadImageFilter	并行	hip_image_grid_benchmark / hip_imagegrid2_benchmark / hip_imagegrid3_benchmark	package_file:BrainProtonDensity1024.png	1024x1024 scalar gray	float_vs_double	max_abs	1	3			待按ARM对齐口径重测
197	Filtering/ImageIntensity	AbsImageFilter	并行	hip_image_intensity_benchmark / hip_image_intensity_remaining_benchmark	package_file:BrainProtonDensity1024.png	1024x1024 scalar gray	float_vs_double	max_abs	1	3			待按ARM对齐口径重测
198	Filtering/ImageIntensity	AcosImageFilter	并行	hip_image_intensity_benchmark / hip_image_intensity_remaining_benchmark	package_file:BrainProtonDensity1024.png	1024x1024 scalar gray	float_vs_double	max_abs	1	3			待按ARM对齐口径重测
199	Filtering/ImageIntensity	AdaptImageFilter	并行		package_file:BrainProtonDensity1024.png	1024x1024 scalar gray	float_vs_double	max_abs	1	3			待按ARM对齐口径重测
200	Filtering/ImageIntensity	AddImageFilter	并行	hip_image_intensity_benchmark / hip_image_intensity_remaining_benchmark	package_file:BrainProtonDensity1024.png	1024x1024 scalar gray	float_vs_double	max_abs	1	3			待按ARM对齐口径重测
201	Filtering/ImageIntensity	AndImageFilter	并行		package_file:BrainProtonDensity1024.png	1024x1024 scalar gray	float_vs_double	max_abs	1	3			待按ARM对齐口径重测
202	Filtering/ImageIntensity	AsinImageFilter	并行	hip_image_intensity_benchmark / hip_image_intensity_remaining_benchmark	package_file:BrainProtonDensity1024.png	1024x1024 scalar gray	float_vs_double	max_abs	1	3			待按ARM对齐口径重测
203	Filtering/ImageIntensity	Atan2ImageFilter	并行	hip_image_intensity_benchmark / hip_image_intensity_remaining_benchmark	package_file:BrainProtonDensity1024.png	1024x1024 scalar gray	float_vs_double	max_abs	1	3			待按ARM对齐口径重测
204	Filtering/ImageIntensity	AtanImageFilter	并行	hip_image_intensity_benchmark / hip_image_intensity_remaining_benchmark	package_file:BrainProtonDensity1024.png	1024x1024 scalar gray	float_vs_double	max_abs	1	3			待按ARM对齐口径重测
205	Filtering/ImageIntensity	BinaryMagnitudeImageFilter	并行	hip_image_intensity_benchmark / hip_image_intensity_remaining_benchmark	package_file:labels_u16.mha+binary_u8.mha	1024x1024 label/binary	float_vs_double	binary_or_label_consistency	1	3			待按ARM对齐口径重测
206	Filtering/ImageIntensity	BoundedReciprocalImageFilter	并行	hip_image_intensity_benchmark / hip_image_intensity_remaining_benchmark	package_file:BrainProtonDensity1024.png	1024x1024 scalar gray	float_vs_double	max_abs	1	3			待按ARM对齐口径重测
207	Filtering/ImageIntensity	ClampImageFilter	并行	hip_image_intensity_benchmark / hip_image_intensity_remaining_benchmark	package_file:BrainProtonDensity1024.png	1024x1024 scalar gray	float_vs_double	max_abs	1	3			待按ARM对齐口径重测
208	Filtering/ImageIntensity	ComplexToImaginaryImageFilter	并行		internal_deterministic:complex_frequency_protocol	1024x1024 complex or frequency input	float_vs_double	complex_domain_error	1	3			待按ARM对齐口径重测
209	Filtering/ImageIntensity	ComplexToModulusImageFilter	并行		internal_deterministic:complex_frequency_protocol	1024x1024 complex or frequency input	float_vs_double	complex_domain_error	1	3			待按ARM对齐口径重测
210	Filtering/ImageIntensity	ComplexToPhaseImageFilter	并行		internal_deterministic:complex_frequency_protocol	1024x1024 complex or frequency input	float_vs_double	complex_domain_error	1	3			待按ARM对齐口径重测
211	Filtering/ImageIntensity	ComplexToRealImageFilter	并行		internal_deterministic:complex_frequency_protocol	1024x1024 complex or frequency input	float_vs_double	complex_domain_error	1	3			待按ARM对齐口径重测
212	Filtering/ImageIntensity	ConstrainedValueAdditionImageFilter	并行	hip_image_intensity_benchmark / hip_image_intensity_remaining_benchmark	package_file:BrainProtonDensity1024.png	1024x1024 scalar gray	float_vs_double	max_abs	1	3			待按ARM对齐口径重测
213	Filtering/ImageIntensity	ConstrainedValueDifferenceImageFilter	并行	hip_image_intensity_benchmark / hip_image_intensity_remaining_benchmark	package_file:BrainProtonDensity1024.png	1024x1024 scalar gray	float_vs_double	max_abs	1	3			待按ARM对齐口径重测
214	Filtering/ImageIntensity	CosImageFilter	并行	hip_image_intensity_benchmark / hip_image_intensity_remaining_benchmark	package_file:BrainProtonDensity1024.png	1024x1024 scalar gray	float_vs_double	max_abs	1	3			待按ARM对齐口径重测
215	Filtering/ImageIntensity	DivideImageFilter	并行	hip_image_intensity_benchmark / hip_image_intensity_remaining_benchmark	package_file:BrainProtonDensity1024.png	1024x1024 scalar gray	float_vs_double	max_abs	1	3			待按ARM对齐口径重测
216	Filtering/ImageIntensity	DivideOrZeroOutImageFilter	并行	hip_image_intensity_benchmark / hip_image_intensity_remaining_benchmark	package_file:BrainProtonDensity1024.png	1024x1024 scalar gray	float_vs_double	max_abs	1	3			待按ARM对齐口径重测
217	Filtering/ImageIntensity	EdgePotentialImageFilter	并行	hip_image_intensity_benchmark / hip_image_intensity_remaining_benchmark	package_file:BrainProtonDensity1024.png	1024x1024 scalar gray	float_vs_double	max_abs	1	3			待按ARM对齐口径重测
218	Filtering/ImageIntensity	ExpImageFilter	并行	hip_image_intensity_benchmark / hip_image_intensity_remaining_benchmark	package_file:BrainProtonDensity1024.png	1024x1024 scalar gray	float_vs_double	max_abs	1	3			待按ARM对齐口径重测
219	Filtering/ImageIntensity	ExpNegativeImageFilter	并行	hip_image_intensity_benchmark / hip_image_intensity_remaining_benchmark	package_file:BrainProtonDensity1024.png	1024x1024 scalar gray	float_vs_double	max_abs	1	3			待按ARM对齐口径重测
220	Filtering/ImageIntensity	HistogramMatchingImageFilter	并行	hip_image_intensity_benchmark / hip_image_intensity_remaining_benchmark	package_file:BrainProtonDensity1024.png	1024x1024 scalar gray	float_vs_double	max_abs	1	3			待按ARM对齐口径重测
221	Filtering/ImageIntensity	IntensityWindowingImageFilter	并行	hip_image_intensity_benchmark / hip_image_intensity_remaining_benchmark	package_file:BrainProtonDensity1024.png	1024x1024 scalar gray	float_vs_double	max_abs	1	3			待按ARM对齐口径重测
222	Filtering/ImageIntensity	InvertIntensityImageFilter	并行	hip_image_intensity_benchmark / hip_image_intensity_remaining_benchmark	package_file:BrainProtonDensity1024.png	1024x1024 scalar gray	float_vs_double	max_abs	1	3			待按ARM对齐口径重测
223	Filtering/ImageIntensity	Log10ImageFilter	并行	hip_image_intensity_benchmark / hip_image_intensity_remaining_benchmark	package_file:BrainProtonDensity1024.png	1024x1024 scalar gray	float_vs_double	max_abs	1	3			待按ARM对齐口径重测
224	Filtering/ImageIntensity	LogImageFilter	并行	hip_image_intensity_benchmark / hip_image_intensity_remaining_benchmark	package_file:BrainProtonDensity1024.png	1024x1024 scalar gray	float_vs_double	max_abs	1	3			待按ARM对齐口径重测
225	Filtering/ImageIntensity	MagnitudeAndPhaseToComplexImageFilter	并行		internal_deterministic:complex_frequency_protocol	1024x1024 complex or frequency input	float_vs_double	complex_domain_error	1	3			待按ARM对齐口径重测
226	Filtering/ImageIntensity	MaskImageFilter	并行	hip_image_intensity_benchmark / hip_image_intensity_remaining_benchmark	package_file:BrainProtonDensity1024.png	1024x1024 scalar gray	float_vs_double	max_abs	1	3			待按ARM对齐口径重测
227	Filtering/ImageIntensity	MaskNegatedImageFilter	并行	hip_image_intensity_benchmark / hip_image_intensity_remaining_benchmark	package_file:BrainProtonDensity1024.png	1024x1024 scalar gray	float_vs_double	max_abs	1	3			待按ARM对齐口径重测
228	Filtering/ImageIntensity	MatrixIndexSelectionImageFilter	并行		package_file:BrainProtonDensity1024.png	1024x1024 scalar gray	float_vs_double	max_abs	1	3			待按ARM对齐口径重测
229	Filtering/ImageIntensity	MaximumImageFilter	并行	hip_image_intensity_benchmark / hip_image_intensity_remaining_benchmark	package_file:BrainProtonDensity1024.png	1024x1024 scalar gray	float_vs_double	max_abs	1	3			待按ARM对齐口径重测
230	Filtering/ImageIntensity	MinimumImageFilter	并行	hip_image_intensity_benchmark / hip_image_intensity_remaining_benchmark	package_file:BrainProtonDensity1024.png	1024x1024 scalar gray	float_vs_double	max_abs	1	3			待按ARM对齐口径重测
231	Filtering/ImageIntensity	ModulusImageFilter	并行		package_file:BrainProtonDensity1024.png	1024x1024 scalar gray	float_vs_double	max_abs	1	3			待按ARM对齐口径重测
232	Filtering/ImageIntensity	MultiplyImageFilter	并行	hip_image_intensity_benchmark / hip_image_intensity_remaining_benchmark	package_file:BrainProtonDensity1024.png	1024x1024 scalar gray	float_vs_double	max_abs	1	3			待按ARM对齐口径重测
233	Filtering/ImageIntensity	NaryAddImageFilter	并行	hip_image_intensity_benchmark / hip_image_intensity_remaining_benchmark	package_file:BrainProtonDensity1024.png	1024x1024 scalar gray	float_vs_double	max_abs	1	3			待按ARM对齐口径重测
234	Filtering/ImageIntensity	NaryFunctorImageFilter	并行		package_file:BrainProtonDensity1024.png	1024x1024 scalar gray	float_vs_double	max_abs	1	3			待按ARM对齐口径重测
235	Filtering/ImageIntensity	NaryMaximumImageFilter	并行	hip_image_intensity_benchmark / hip_image_intensity_remaining_benchmark	package_file:BrainProtonDensity1024.png	1024x1024 scalar gray	float_vs_double	max_abs	1	3			待按ARM对齐口径重测
236	Filtering/ImageIntensity	NormalizeImageFilter	并行	hip_image_intensity_benchmark / hip_image_intensity_remaining_benchmark	package_file:BrainProtonDensity1024.png	1024x1024 scalar gray	float_vs_double	max_abs	1	3			待按ARM对齐口径重测
237	Filtering/ImageIntensity	NormalizeToConstantImageFilter	并行	hip_image_intensity_benchmark / hip_image_intensity_remaining_benchmark	package_file:BrainProtonDensity1024.png	1024x1024 scalar gray	float_vs_double	max_abs	1	3			待按ARM对齐口径重测
238	Filtering/ImageIntensity	NotImageFilter	并行		package_file:BrainProtonDensity1024.png	1024x1024 scalar gray	float_vs_double	max_abs	1	3			待按ARM对齐口径重测
239	Filtering/ImageIntensity	OrImageFilter	并行		package_file:BrainProtonDensity1024.png	1024x1024 scalar gray	float_vs_double	max_abs	1	3			待按ARM对齐口径重测
240	Filtering/ImageIntensity	PolylineMask2DImageFilter	并行	hip_image_intensity_benchmark / hip_image_intensity_remaining_benchmark	internal_deterministic:official_object_protocol	fixed object size from benchmark	float_vs_double	domain_metric	1	3			待按ARM对齐口径重测
241	Filtering/ImageIntensity	PolylineMaskImageFilter	并行	hip_image_intensity_benchmark / hip_image_intensity_remaining_benchmark	internal_deterministic:official_object_protocol	fixed object size from benchmark	float_vs_double	domain_metric	1	3			待按ARM对齐口径重测
242	Filtering/ImageIntensity	PowImageFilter	并行	hip_image_intensity_benchmark / hip_image_intensity_remaining_benchmark	package_file:BrainProtonDensity1024.png	1024x1024 scalar gray	float_vs_double	max_abs	1	3			待按ARM对齐口径重测
243	Filtering/ImageIntensity	RGBToLuminanceImageFilter	并行	hip_image_intensity_benchmark / hip_image_intensity_remaining_benchmark	package_file:BrainProtonDensity1024.png	1024x1024 scalar gray	float_vs_double	max_abs	1	3			待按ARM对齐口径重测
244	Filtering/ImageIntensity	RescaleIntensityImageFilter	并行	hip_image_intensity_benchmark / hip_image_intensity_remaining_benchmark	package_file:BrainProtonDensity1024.png	1024x1024 scalar gray	float_vs_double	max_abs	1	3			待按ARM对齐口径重测
245	Filtering/ImageIntensity	RoundImageFilter	并行	hip_image_intensity_benchmark / hip_image_intensity_remaining_benchmark	package_file:BrainProtonDensity1024.png	1024x1024 scalar gray	float_vs_double	max_abs	1	3			待按ARM对齐口径重测
246	Filtering/ImageIntensity	ShiftScaleImageFilter	并行	hip_image_intensity_benchmark / hip_image_intensity_remaining_benchmark	package_file:BrainProtonDensity1024.png	1024x1024 scalar gray	float_vs_double	max_abs	1	3			待按ARM对齐口径重测
247	Filtering/ImageIntensity	SigmoidImageFilter	并行	hip_image_intensity_benchmark / hip_image_intensity_remaining_benchmark	package_file:BrainProtonDensity1024.png	1024x1024 scalar gray	float_vs_double	max_abs	1	3			待按ARM对齐口径重测
248	Filtering/ImageIntensity	SinImageFilter	并行	hip_image_intensity_benchmark / hip_image_intensity_remaining_benchmark	package_file:BrainProtonDensity1024.png	1024x1024 scalar gray	float_vs_double	max_abs	1	3			待按ARM对齐口径重测
249	Filtering/ImageIntensity	SqrtImageFilter	并行	hip_image_intensity_benchmark / hip_image_intensity_remaining_benchmark	package_file:BrainProtonDensity1024.png	1024x1024 scalar gray	float_vs_double	max_abs	1	3			待按ARM对齐口径重测
250	Filtering/ImageIntensity	SquareImageFilter	并行	hip_image_intensity_benchmark / hip_image_intensity_remaining_benchmark	package_file:BrainProtonDensity1024.png	1024x1024 scalar gray	float_vs_double	max_abs	1	3			待按ARM对齐口径重测
251	Filtering/ImageIntensity	SubtractImageFilter	并行	hip_image_intensity_benchmark / hip_image_intensity_remaining_benchmark	package_file:BrainProtonDensity1024.png	1024x1024 scalar gray	float_vs_double	max_abs	1	3			待按ARM对齐口径重测
252	Filtering/ImageIntensity	SymmetricEigenAnalysisImageFilter	并行		package_file:BrainProtonDensity1024_fixed.png+BrainProtonDensity1024_moving.png	1024x1024 fixed/moving	float_vs_double	max_abs_or_domain_metric	1	3			待按ARM对齐口径重测
253	Filtering/ImageIntensity	TanImageFilter	并行	hip_image_intensity_benchmark / hip_image_intensity_remaining_benchmark	package_file:BrainProtonDensity1024.png	1024x1024 scalar gray	float_vs_double	max_abs	1	3			待按ARM对齐口径重测
254	Filtering/ImageIntensity	TernaryAddImageFilter	并行	hip_image_intensity_benchmark / hip_image_intensity_remaining_benchmark	package_file:BrainProtonDensity1024.png	1024x1024 scalar gray	float_vs_double	max_abs	1	3			待按ARM对齐口径重测
255	Filtering/ImageIntensity	TernaryMagnitudeImageFilter	并行	hip_image_intensity_benchmark / hip_image_intensity_remaining_benchmark	package_file:BrainProtonDensity1024.png	1024x1024 scalar gray	float_vs_double	max_abs	1	3			待按ARM对齐口径重测
256	Filtering/ImageIntensity	TernaryMagnitudeSquaredImageFilter	并行	hip_image_intensity_benchmark / hip_image_intensity_remaining_benchmark	package_file:BrainProtonDensity1024.png	1024x1024 scalar gray	float_vs_double	max_abs	1	3			待按ARM对齐口径重测
257	Filtering/ImageIntensity	TernaryOperatorImageFilter	并行		package_file:BrainProtonDensity1024.png	1024x1024 scalar gray	float_vs_double	max_abs	1	3			待按ARM对齐口径重测
258	Filtering/ImageIntensity	VectorExpandImageFilter	并行		package_file:BrainProtonDensity1024.png	1024x1024 scalar gray	float_vs_double	max_abs	1	3			待按ARM对齐口径重测
259	Filtering/ImageIntensity	VectorIndexSelectionCastImageFilter	并行		package_file:BrainProtonDensity1024.png	1024x1024 scalar gray	float_vs_double	max_abs	1	3			待按ARM对齐口径重测
260	Filtering/ImageIntensity	VectorMagnitudeImageFilter	并行		package_file:BrainProtonDensity1024.png	1024x1024 scalar gray	float_vs_double	max_abs	1	3			待按ARM对齐口径重测
261	Filtering/ImageIntensity	VectorRescaleIntensityImageFilter	并行		package_file:BrainProtonDensity1024.png	1024x1024 scalar gray	float_vs_double	max_abs	1	3			待按ARM对齐口径重测
262	Filtering/ImageIntensity	WeightedAddImageFilter	并行	hip_image_intensity_benchmark / hip_image_intensity_remaining_benchmark	package_file:BrainProtonDensity1024.png	1024x1024 scalar gray	float_vs_double	max_abs	1	3			待按ARM对齐口径重测
263	Filtering/ImageIntensity	XorImageFilter	并行		package_file:BrainProtonDensity1024.png	1024x1024 scalar gray	float_vs_double	max_abs	1	3			待按ARM对齐口径重测
264	Filtering/ImageLabel	BinaryContourImageFilter	并行	hip_image_label_benchmark / hip_image_label_correctness_test	package_file:labels_u16.mha+binary_u8.mha	1024x1024 label/binary	float_vs_double	binary_or_label_consistency	1	3			待按ARM对齐口径重测
265	Filtering/ImageLabel	ChangeLabelImageFilter	并行		package_file:labels_u16.mha+binary_u8.mha	1024x1024 label/binary	float_vs_double	binary_or_label_consistency	1	3			待按ARM对齐口径重测
266	Filtering/ImageLabel	LabelContourImageFilter	并行		package_file:labels_u16.mha+binary_u8.mha	1024x1024 label/binary	float_vs_double	binary_or_label_consistency	1	3			待按ARM对齐口径重测
267	Filtering/ImageNoise	AdditiveGaussianNoiseImageFilter	并行	hip_image_noise_benchmark	package_file:BrainProtonDensity1024.png	1024x1024 scalar gray	float_vs_double	max_abs	1	3			待按ARM对齐口径重测
268	Filtering/ImageNoise	NoiseBaseImageFilter	并行		package_file:BrainProtonDensity1024.png	1024x1024 scalar gray	float_vs_double	max_abs	1	3			待按ARM对齐口径重测
269	Filtering/ImageNoise	SaltAndPepperNoiseImageFilter	并行	hip_image_noise_benchmark	package_file:BrainProtonDensity1024.png	1024x1024 scalar gray	float_vs_double	max_abs	1	3			待按ARM对齐口径重测
270	Filtering/ImageNoise	ShotNoiseImageFilter	并行	hip_image_noise_benchmark	package_file:BrainProtonDensity1024.png	1024x1024 scalar gray	float_vs_double	max_abs	1	3			待按ARM对齐口径重测
271	Filtering/ImageNoise	SpeckleNoiseImageFilter	并行	hip_image_noise_benchmark	package_file:BrainProtonDensity1024.png	1024x1024 scalar gray	float_vs_double	max_abs	1	3			待按ARM对齐口径重测
272	Filtering/ImageSources	GaborImageSource	并行		package_file:BrainProtonDensity1024.png	1024x1024 scalar gray	float_vs_double	max_abs	1	3			待按ARM对齐口径重测
273	Filtering/ImageSources	GaussianImageSource	并行		package_file:BrainProtonDensity1024.png	1024x1024 scalar gray	float_vs_double	max_abs	1	3			待按ARM对齐口径重测
274	Filtering/ImageSources	GenerateImageSource	并行		package_file:BrainProtonDensity1024.png	1024x1024 scalar gray	float_vs_double	max_abs	1	3			待按ARM对齐口径重测
275	Filtering/ImageSources	GridImageSource	并行	hip_image_sources_benchmark / hip_image_sources_test	package_file:BrainProtonDensity1024.png	1024x1024 scalar gray	float_vs_double	max_abs	1	3			待按ARM对齐口径重测
276	Filtering/ImageSources	ParametricImageSource	并行		package_file:BrainProtonDensity1024_fixed.png+BrainProtonDensity1024_moving.png	1024x1024 fixed/moving	float_vs_double	max_abs_or_domain_metric	1	3			待按ARM对齐口径重测
277	Filtering/ImageSources	PhysicalPointImageSource	并行		package_file:BrainProtonDensity1024.png	1024x1024 scalar gray	float_vs_double	max_abs	1	3			待按ARM对齐口径重测
278	Filtering/ImageStatistics	AccumulateImageFilter	并行		package_file:BrainProtonDensity1024.png	1024x1024 scalar gray	float_vs_double	max_abs	1	3			待按ARM对齐口径重测
279	Filtering/ImageStatistics	AdaptiveHistogramEqualizationImageFilter	并行	hip_image_statistics_benchmark / hip_image_statistics_test	package_file:BrainProtonDensity1024.png	1024x1024 scalar gray	float_vs_double	max_abs	1	3			待按ARM对齐口径重测
280	Filtering/ImageStatistics	BinaryProjectionImageFilter	并行		package_file:labels_u16.mha+binary_u8.mha	1024x1024 label/binary	float_vs_double	binary_or_label_consistency	1	3			待按ARM对齐口径重测
281	Filtering/ImageStatistics	GetAverageSliceImageFilter	并行	hip_image_statistics_benchmark / hip_image_statistics_test	package_file:BrainProtonDensity1024.png	1024x1024 scalar gray	float_vs_double	max_abs	1	3			待按ARM对齐口径重测
282	Filtering/ImageStatistics	LabelOverlapMeasuresImageFilter	并行		package_file:labels_u16.mha+binary_u8.mha	1024x1024 label/binary	float_vs_double	binary_or_label_consistency	1	3			待按ARM对齐口径重测
283	Filtering/ImageStatistics	LabelStatisticsImageFilter	并行	hip_image_statistics_benchmark / hip_image_statistics_test	package_file:labels_u16.mha+binary_u8.mha	1024x1024 label/binary	float_vs_double	binary_or_label_consistency	1	3			待按ARM对齐口径重测
284	Filtering/ImageStatistics	MaximumProjectionImageFilter	并行		package_file:BrainProtonDensity1024.png	1024x1024 scalar gray	float_vs_double	max_abs	1	3			待按ARM对齐口径重测
285	Filtering/ImageStatistics	MeanProjectionImageFilter	并行		package_file:BrainProtonDensity1024.png	1024x1024 scalar gray	float_vs_double	max_abs	1	3			待按ARM对齐口径重测
286	Filtering/ImageStatistics	MedianProjectionImageFilter	并行		package_file:BrainProtonDensity1024.png	1024x1024 scalar gray	float_vs_double	max_abs	1	3			待按ARM对齐口径重测
287	Filtering/ImageStatistics	MinimumMaximumImageFilter	并行		package_file:BrainProtonDensity1024.png	1024x1024 scalar gray	float_vs_double	max_abs	1	3			待按ARM对齐口径重测
288	Filtering/ImageStatistics	MinimumProjectionImageFilter	并行		package_file:BrainProtonDensity1024.png	1024x1024 scalar gray	float_vs_double	max_abs	1	3			待按ARM对齐口径重测
289	Filtering/ImageStatistics	ProjectionImageFilter	并行		package_file:BrainProtonDensity1024.png	1024x1024 scalar gray	float_vs_double	max_abs	1	3			待按ARM对齐口径重测
290	Filtering/ImageStatistics	StandardDeviationProjectionImageFilter	并行		package_file:BrainProtonDensity1024.png	1024x1024 scalar gray	float_vs_double	max_abs	1	3			待按ARM对齐口径重测
291	Filtering/ImageStatistics	StatisticsImageFilter	并行		package_file:BrainProtonDensity1024.png	1024x1024 scalar gray	float_vs_double	max_abs	1	3			待按ARM对齐口径重测
292	Filtering/ImageStatistics	SumProjectionImageFilter	并行		package_file:BrainProtonDensity1024.png	1024x1024 scalar gray	float_vs_double	max_abs	1	3			待按ARM对齐口径重测
293	Filtering/LabelMap	AggregateLabelMapFilter	并行		package_file:labels_u16.mha+binary_u8.mha	1024x1024 label/binary	float_vs_double	binary_or_label_consistency	1	3			待按ARM对齐口径重测
294	Filtering/LabelMap	AttributeKeepNObjectsLabelMapFilter	并行		package_file:labels_u16.mha+binary_u8.mha	1024x1024 label/binary	float_vs_double	binary_or_label_consistency	1	3			待按ARM对齐口径重测
295	Filtering/LabelMap	AttributeOpeningLabelMapFilter	并行		package_file:labels_u16.mha+binary_u8.mha	1024x1024 label/binary	float_vs_double	binary_or_label_consistency	1	3			待按ARM对齐口径重测
296	Filtering/LabelMap	AttributePositionLabelMapFilter	并行		package_file:labels_u16.mha+binary_u8.mha	1024x1024 label/binary	float_vs_double	binary_or_label_consistency	1	3			待按ARM对齐口径重测
297	Filtering/LabelMap	AttributeRelabelLabelMapFilter	并行		package_file:labels_u16.mha+binary_u8.mha	1024x1024 label/binary	float_vs_double	binary_or_label_consistency	1	3			待按ARM对齐口径重测
298	Filtering/LabelMap	AttributeSelectionLabelMapFilter	并行		package_file:labels_u16.mha+binary_u8.mha	1024x1024 label/binary	float_vs_double	binary_or_label_consistency	1	3			待按ARM对齐口径重测
299	Filtering/LabelMap	AttributeUniqueLabelMapFilter	并行		package_file:labels_u16.mha+binary_u8.mha	1024x1024 label/binary	float_vs_double	binary_or_label_consistency	1	3			待按ARM对齐口径重测
300	Filtering/LabelMap	AutoCropLabelMapFilter	并行		package_file:labels_u16.mha+binary_u8.mha	1024x1024 label/binary	float_vs_double	binary_or_label_consistency	1	3			待按ARM对齐口径重测
301	Filtering/LabelMap	BinaryFillholeImageFilter	串行		package_file:labels_u16.mha+binary_u8.mha	1024x1024 label/binary	float_vs_double	binary_or_label_consistency	1	3			待按ARM对齐口径重测
302	Filtering/LabelMap	BinaryGrindPeakImageFilter	串行		package_file:labels_u16.mha+binary_u8.mha	1024x1024 label/binary	float_vs_double	binary_or_label_consistency	1	3			待按ARM对齐口径重测
303	Filtering/LabelMap	BinaryImageToLabelMapFilter	并行		package_file:labels_u16.mha+binary_u8.mha	1024x1024 label/binary	float_vs_double	binary_or_label_consistency	1	3			待按ARM对齐口径重测
304	Filtering/LabelMap	BinaryImageToShapeLabelMapFilter	并行		package_file:labels_u16.mha+binary_u8.mha	1024x1024 label/binary	float_vs_double	binary_or_label_consistency	1	3			待按ARM对齐口径重测
305	Filtering/LabelMap	BinaryImageToStatisticsLabelMapFilter	并行		package_file:labels_u16.mha+binary_u8.mha	1024x1024 label/binary	float_vs_double	binary_or_label_consistency	1	3			待按ARM对齐口径重测
306	Filtering/LabelMap	BinaryNotImageFilter	并行		package_file:labels_u16.mha+binary_u8.mha	1024x1024 label/binary	float_vs_double	binary_or_label_consistency	1	3			待按ARM对齐口径重测
307	Filtering/LabelMap	BinaryReconstructionByDilationImageFilter	并行		package_file:labels_u16.mha+binary_u8.mha	1024x1024 label/binary	float_vs_double	binary_or_label_consistency	1	3			待按ARM对齐口径重测
308	Filtering/LabelMap	BinaryReconstructionByErosionImageFilter	并行		package_file:labels_u16.mha+binary_u8.mha	1024x1024 label/binary	float_vs_double	binary_or_label_consistency	1	3			待按ARM对齐口径重测
309	Filtering/LabelMap	BinaryReconstructionLabelMapFilter	并行		package_file:labels_u16.mha+binary_u8.mha	1024x1024 label/binary	float_vs_double	binary_or_label_consistency	1	3			待按ARM对齐口径重测
310	Filtering/LabelMap	BinaryShapeKeepNObjectsImageFilter	并行		package_file:labels_u16.mha+binary_u8.mha	1024x1024 label/binary	float_vs_double	binary_or_label_consistency	1	3			待按ARM对齐口径重测
311	Filtering/LabelMap	BinaryShapeOpeningImageFilter	并行		package_file:labels_u16.mha+binary_u8.mha	1024x1024 label/binary	float_vs_double	binary_or_label_consistency	1	3			待按ARM对齐口径重测
312	Filtering/LabelMap	BinaryStatisticsKeepNObjectsImageFilter	并行		package_file:labels_u16.mha+binary_u8.mha	1024x1024 label/binary	float_vs_double	binary_or_label_consistency	1	3			待按ARM对齐口径重测
313	Filtering/LabelMap	BinaryStatisticsOpeningImageFilter	并行		package_file:labels_u16.mha+binary_u8.mha	1024x1024 label/binary	float_vs_double	binary_or_label_consistency	1	3			待按ARM对齐口径重测
314	Filtering/LabelMap	ChangeLabelLabelMapFilter	并行		package_file:labels_u16.mha+binary_u8.mha	1024x1024 label/binary	float_vs_double	binary_or_label_consistency	1	3			待按ARM对齐口径重测
315	Filtering/LabelMap	ChangeRegionLabelMapFilter	并行		package_file:labels_u16.mha+binary_u8.mha	1024x1024 label/binary	float_vs_double	binary_or_label_consistency	1	3			待按ARM对齐口径重测
316	Filtering/LabelMap	ConvertLabelMapFilter	并行		package_file:labels_u16.mha+binary_u8.mha	1024x1024 label/binary	float_vs_double	binary_or_label_consistency	1	3			待按ARM对齐口径重测
317	Filtering/LabelMap	CropLabelMapFilter	并行		package_file:labels_u16.mha+binary_u8.mha	1024x1024 label/binary	float_vs_double	binary_or_label_consistency	1	3			待按ARM对齐口径重测
318	Filtering/LabelMap	InPlaceLabelMapFilter	并行		package_file:labels_u16.mha+binary_u8.mha	1024x1024 label/binary	float_vs_double	binary_or_label_consistency	1	3			待按ARM对齐口径重测
319	Filtering/LabelMap	LabelImageToLabelMapFilter	并行		package_file:labels_u16.mha+binary_u8.mha	1024x1024 label/binary	float_vs_double	binary_or_label_consistency	1	3			待按ARM对齐口径重测
320	Filtering/LabelMap	LabelImageToShapeLabelMapFilter	并行		package_file:labels_u16.mha+binary_u8.mha	1024x1024 label/binary	float_vs_double	binary_or_label_consistency	1	3			待按ARM对齐口径重测
321	Filtering/LabelMap	LabelImageToStatisticsLabelMapFilter	并行		package_file:labels_u16.mha+binary_u8.mha	1024x1024 label/binary	float_vs_double	binary_or_label_consistency	1	3			待按ARM对齐口径重测
322	Filtering/LabelMap	LabelMapFilter	并行		package_file:labels_u16.mha+binary_u8.mha	1024x1024 label/binary	float_vs_double	binary_or_label_consistency	1	3			待按ARM对齐口径重测
323	Filtering/LabelMap	LabelMapMaskImageFilter	并行		package_file:labels_u16.mha+binary_u8.mha	1024x1024 label/binary	float_vs_double	binary_or_label_consistency	1	3			待按ARM对齐口径重测
324	Filtering/LabelMap	LabelMapToAttributeImageFilter	并行		package_file:labels_u16.mha+binary_u8.mha	1024x1024 label/binary	float_vs_double	binary_or_label_consistency	1	3			待按ARM对齐口径重测
325	Filtering/LabelMap	LabelMapToBinaryImageFilter	并行		package_file:labels_u16.mha+binary_u8.mha	1024x1024 label/binary	float_vs_double	binary_or_label_consistency	1	3			待按ARM对齐口径重测
326	Filtering/LabelMap	LabelMapToLabelImageFilter	并行		package_file:labels_u16.mha+binary_u8.mha	1024x1024 label/binary	float_vs_double	binary_or_label_consistency	1	3			待按ARM对齐口径重测
327	Filtering/LabelMap	LabelSelectionLabelMapFilter	并行		package_file:labels_u16.mha+binary_u8.mha	1024x1024 label/binary	float_vs_double	binary_or_label_consistency	1	3			待按ARM对齐口径重测
328	Filtering/LabelMap	LabelShapeKeepNObjectsImageFilter	并行		package_file:labels_u16.mha+binary_u8.mha	1024x1024 label/binary	float_vs_double	binary_or_label_consistency	1	3			待按ARM对齐口径重测
329	Filtering/LabelMap	LabelShapeOpeningImageFilter	并行		package_file:labels_u16.mha+binary_u8.mha	1024x1024 label/binary	float_vs_double	binary_or_label_consistency	1	3			待按ARM对齐口径重测
330	Filtering/LabelMap	LabelStatisticsKeepNObjectsImageFilter	并行		package_file:labels_u16.mha+binary_u8.mha	1024x1024 label/binary	float_vs_double	binary_or_label_consistency	1	3			待按ARM对齐口径重测
331	Filtering/LabelMap	LabelStatisticsOpeningImageFilter	并行		package_file:labels_u16.mha+binary_u8.mha	1024x1024 label/binary	float_vs_double	binary_or_label_consistency	1	3			待按ARM对齐口径重测
332	Filtering/LabelMap	LabelUniqueLabelMapFilter	并行		package_file:labels_u16.mha+binary_u8.mha	1024x1024 label/binary	float_vs_double	binary_or_label_consistency	1	3			待按ARM对齐口径重测
333	Filtering/LabelMap	MergeLabelMapFilter	并行		package_file:labels_u16.mha+binary_u8.mha	1024x1024 label/binary	float_vs_double	binary_or_label_consistency	1	3			待按ARM对齐口径重测
334	Filtering/LabelMap	ObjectByObjectLabelMapFilter	并行		package_file:labels_u16.mha+binary_u8.mha	1024x1024 label/binary	float_vs_double	binary_or_label_consistency	1	3			待按ARM对齐口径重测
335	Filtering/LabelMap	PadLabelMapFilter	并行		package_file:labels_u16.mha+binary_u8.mha	1024x1024 label/binary	float_vs_double	binary_or_label_consistency	1	3			待按ARM对齐口径重测
336	Filtering/LabelMap	RegionFromReferenceLabelMapFilter	并行		package_file:labels_u16.mha+binary_u8.mha	1024x1024 label/binary	float_vs_double	binary_or_label_consistency	1	3			待按ARM对齐口径重测
337	Filtering/LabelMap	RelabelLabelMapFilter	并行		package_file:labels_u16.mha+binary_u8.mha	1024x1024 label/binary	float_vs_double	binary_or_label_consistency	1	3			待按ARM对齐口径重测
338	Filtering/LabelMap	ShapeKeepNObjectsLabelMapFilter	并行		package_file:labels_u16.mha+binary_u8.mha	1024x1024 label/binary	float_vs_double	binary_or_label_consistency	1	3			待按ARM对齐口径重测
339	Filtering/LabelMap	ShapeLabelMapFilter	并行		package_file:labels_u16.mha+binary_u8.mha	1024x1024 label/binary	float_vs_double	binary_or_label_consistency	1	3			待按ARM对齐口径重测
340	Filtering/LabelMap	ShapeOpeningLabelMapFilter	并行		package_file:labels_u16.mha+binary_u8.mha	1024x1024 label/binary	float_vs_double	binary_or_label_consistency	1	3			待按ARM对齐口径重测
341	Filtering/LabelMap	ShapePositionLabelMapFilter	并行		package_file:labels_u16.mha+binary_u8.mha	1024x1024 label/binary	float_vs_double	binary_or_label_consistency	1	3			待按ARM对齐口径重测
342	Filtering/LabelMap	ShapeRelabelImageFilter	并行		package_file:labels_u16.mha+binary_u8.mha	1024x1024 label/binary	float_vs_double	binary_or_label_consistency	1	3			待按ARM对齐口径重测
343	Filtering/LabelMap	ShapeRelabelLabelMapFilter	并行		package_file:labels_u16.mha+binary_u8.mha	1024x1024 label/binary	float_vs_double	binary_or_label_consistency	1	3			待按ARM对齐口径重测
344	Filtering/LabelMap	ShapeUniqueLabelMapFilter	并行		package_file:labels_u16.mha+binary_u8.mha	1024x1024 label/binary	float_vs_double	binary_or_label_consistency	1	3			待按ARM对齐口径重测
345	Filtering/LabelMap	ShiftScaleLabelMapFilter	并行		package_file:labels_u16.mha+binary_u8.mha	1024x1024 label/binary	float_vs_double	binary_or_label_consistency	1	3			待按ARM对齐口径重测
346	Filtering/LabelMap	StatisticsKeepNObjectsLabelMapFilter	并行		package_file:labels_u16.mha+binary_u8.mha	1024x1024 label/binary	float_vs_double	binary_or_label_consistency	1	3			待按ARM对齐口径重测
347	Filtering/LabelMap	StatisticsLabelMapFilter	并行		package_file:labels_u16.mha+binary_u8.mha	1024x1024 label/binary	float_vs_double	binary_or_label_consistency	1	3			待按ARM对齐口径重测
348	Filtering/LabelMap	StatisticsOpeningLabelMapFilter	并行		package_file:labels_u16.mha+binary_u8.mha	1024x1024 label/binary	float_vs_double	binary_or_label_consistency	1	3			待按ARM对齐口径重测
349	Filtering/LabelMap	StatisticsPositionLabelMapFilter	并行		package_file:labels_u16.mha+binary_u8.mha	1024x1024 label/binary	float_vs_double	binary_or_label_consistency	1	3			待按ARM对齐口径重测
350	Filtering/LabelMap	StatisticsRelabelImageFilter	并行		package_file:labels_u16.mha+binary_u8.mha	1024x1024 label/binary	float_vs_double	binary_or_label_consistency	1	3			待按ARM对齐口径重测
351	Filtering/LabelMap	StatisticsRelabelLabelMapFilter	并行		package_file:labels_u16.mha+binary_u8.mha	1024x1024 label/binary	float_vs_double	binary_or_label_consistency	1	3			待按ARM对齐口径重测
352	Filtering/LabelMap	StatisticsUniqueLabelMapFilter	并行		package_file:labels_u16.mha+binary_u8.mha	1024x1024 label/binary	float_vs_double	binary_or_label_consistency	1	3			待按ARM对齐口径重测
353	Filtering/MathematicalMorphology	AnchorCloseImageFilter	并行	hip_mathematical_morphology_benchmark	package_file:BrainProtonDensity1024.png	1024x1024 scalar gray	float_vs_double	max_abs	1	3			待按ARM对齐口径重测
354	Filtering/MathematicalMorphology	AnchorDilateImageFilter	并行	hip_mathematical_morphology_benchmark	package_file:BrainProtonDensity1024.png	1024x1024 scalar gray	float_vs_double	max_abs	1	3			待按ARM对齐口径重测
355	Filtering/MathematicalMorphology	AnchorErodeDilateImageFilter	并行		package_file:BrainProtonDensity1024.png	1024x1024 scalar gray	float_vs_double	max_abs	1	3			待按ARM对齐口径重测
356	Filtering/MathematicalMorphology	AnchorErodeImageFilter	并行	hip_mathematical_morphology_benchmark	package_file:BrainProtonDensity1024.png	1024x1024 scalar gray	float_vs_double	max_abs	1	3			待按ARM对齐口径重测
357	Filtering/MathematicalMorphology	AnchorOpenCloseImageFilter	并行		package_file:BrainProtonDensity1024.png	1024x1024 scalar gray	float_vs_double	max_abs	1	3			待按ARM对齐口径重测
358	Filtering/MathematicalMorphology	AnchorOpenImageFilter	并行	hip_mathematical_morphology_benchmark	package_file:BrainProtonDensity1024.png	1024x1024 scalar gray	float_vs_double	max_abs	1	3			待按ARM对齐口径重测
359	Filtering/MathematicalMorphology	BasicDilateImageFilter	并行	hip_mathematical_morphology_benchmark	package_file:BrainProtonDensity1024.png	1024x1024 scalar gray	float_vs_double	max_abs	1	3			待按ARM对齐口径重测
360	Filtering/MathematicalMorphology	BasicErodeImageFilter	并行	hip_mathematical_morphology_benchmark	package_file:BrainProtonDensity1024.png	1024x1024 scalar gray	float_vs_double	max_abs	1	3			待按ARM对齐口径重测
361	Filtering/MathematicalMorphology	BlackTopHatImageFilter	并行	hip_mathematical_morphology_benchmark	package_file:BrainProtonDensity1024.png	1024x1024 scalar gray	float_vs_double	max_abs	1	3			待按ARM对齐口径重测
362	Filtering/MathematicalMorphology	ClosingByReconstructionImageFilter	串行		package_file:BrainProtonDensity1024.png	1024x1024 scalar gray	float_vs_double	max_abs	1	3			待按ARM对齐口径重测
363	Filtering/MathematicalMorphology	DoubleThresholdImageFilter	并行	hip_mathematical_morphology_benchmark	package_file:BrainProtonDensity1024.png	1024x1024 scalar gray	float_vs_double	max_abs	1	3			待按ARM对齐口径重测
364	Filtering/MathematicalMorphology	GrayscaleConnectedClosingImageFilter	并行	hip_mathematical_morphology_benchmark	package_file:labels_u16.mha+binary_u8.mha	1024x1024 label/binary	float_vs_double	binary_or_label_consistency	1	3			待按ARM对齐口径重测
365	Filtering/MathematicalMorphology	GrayscaleConnectedOpeningImageFilter	并行	hip_mathematical_morphology_benchmark	package_file:labels_u16.mha+binary_u8.mha	1024x1024 label/binary	float_vs_double	binary_or_label_consistency	1	3			待按ARM对齐口径重测
366	Filtering/MathematicalMorphology	GrayscaleDilateImageFilter	并行	hip_mathematical_morphology_benchmark	package_file:BrainProtonDensity1024.png	1024x1024 scalar gray	float_vs_double	max_abs	1	3			待按ARM对齐口径重测
367	Filtering/MathematicalMorphology	GrayscaleErodeImageFilter	并行	hip_mathematical_morphology_benchmark	package_file:BrainProtonDensity1024.png	1024x1024 scalar gray	float_vs_double	max_abs	1	3			待按ARM对齐口径重测
368	Filtering/MathematicalMorphology	GrayscaleFillholeImageFilter	串行		package_file:BrainProtonDensity1024.png	1024x1024 scalar gray	float_vs_double	max_abs	1	3			待按ARM对齐口径重测
369	Filtering/MathematicalMorphology	GrayscaleFunctionDilateImageFilter	并行	hip_mathematical_morphology_benchmark	package_file:BrainProtonDensity1024.png	1024x1024 scalar gray	float_vs_double	max_abs	1	3			待按ARM对齐口径重测
370	Filtering/MathematicalMorphology	GrayscaleFunctionErodeImageFilter	并行	hip_mathematical_morphology_benchmark	package_file:BrainProtonDensity1024.png	1024x1024 scalar gray	float_vs_double	max_abs	1	3			待按ARM对齐口径重测
371	Filtering/MathematicalMorphology	GrayscaleGeodesicDilateImageFilter	并行	hip_mathematical_morphology_benchmark	package_file:BrainProtonDensity1024.png	1024x1024 scalar gray	float_vs_double	max_abs	1	3			待按ARM对齐口径重测
372	Filtering/MathematicalMorphology	GrayscaleGeodesicErodeImageFilter	并行	hip_mathematical_morphology_benchmark	package_file:BrainProtonDensity1024.png	1024x1024 scalar gray	float_vs_double	max_abs	1	3			待按ARM对齐口径重测
373	Filtering/MathematicalMorphology	GrayscaleGrindPeakImageFilter	串行		package_file:BrainProtonDensity1024.png	1024x1024 scalar gray	float_vs_double	max_abs	1	3			待按ARM对齐口径重测
374	Filtering/MathematicalMorphology	GrayscaleMorphologicalClosingImageFilter	并行	hip_mathematical_morphology_benchmark	package_file:BrainProtonDensity1024.png	1024x1024 scalar gray	float_vs_double	max_abs	1	3			待按ARM对齐口径重测
375	Filtering/MathematicalMorphology	GrayscaleMorphologicalOpeningImageFilter	并行	hip_mathematical_morphology_benchmark	package_file:BrainProtonDensity1024.png	1024x1024 scalar gray	float_vs_double	max_abs	1	3			待按ARM对齐口径重测
376	Filtering/MathematicalMorphology	HConcaveImageFilter	串行		package_file:BrainProtonDensity1024.png	1024x1024 scalar gray	float_vs_double	max_abs	1	3			待按ARM对齐口径重测
377	Filtering/MathematicalMorphology	HConvexImageFilter	串行		package_file:BrainProtonDensity1024.png	1024x1024 scalar gray	float_vs_double	max_abs	1	3			待按ARM对齐口径重测
378	Filtering/MathematicalMorphology	HMaximaImageFilter	串行		package_file:BrainProtonDensity1024.png	1024x1024 scalar gray	float_vs_double	max_abs	1	3			待按ARM对齐口径重测
379	Filtering/MathematicalMorphology	HMinimaImageFilter	串行		package_file:BrainProtonDensity1024.png	1024x1024 scalar gray	float_vs_double	max_abs	1	3			待按ARM对齐口径重测
380	Filtering/MathematicalMorphology	MaskedMovingHistogramImageFilter	并行	hip_mathematical_morphology_benchmark	package_file:BrainProtonDensity1024.png	1024x1024 scalar gray	float_vs_double	max_abs	1	3			待按ARM对齐口径重测
381	Filtering/MathematicalMorphology	MaskedRankImageFilter	并行	hip_mathematical_morphology_benchmark	package_file:BrainProtonDensity1024.png	1024x1024 scalar gray	float_vs_double	max_abs	1	3			待按ARM对齐口径重测
382	Filtering/MathematicalMorphology	MorphologicalGradientImageFilter	并行	hip_mathematical_morphology_benchmark	package_file:BrainProtonDensity1024.png	1024x1024 scalar gray	float_vs_double	max_abs	1	3			待按ARM对齐口径重测
383	Filtering/MathematicalMorphology	MorphologyImageFilter	并行		package_file:BrainProtonDensity1024.png	1024x1024 scalar gray	float_vs_double	max_abs	1	3			待按ARM对齐口径重测
384	Filtering/MathematicalMorphology	MovingHistogramDilateImageFilter	并行	hip_mathematical_morphology_benchmark	package_file:BrainProtonDensity1024.png	1024x1024 scalar gray	float_vs_double	max_abs	1	3			待按ARM对齐口径重测
385	Filtering/MathematicalMorphology	MovingHistogramErodeImageFilter	并行	hip_mathematical_morphology_benchmark	package_file:BrainProtonDensity1024.png	1024x1024 scalar gray	float_vs_double	max_abs	1	3			待按ARM对齐口径重测
386	Filtering/MathematicalMorphology	MovingHistogramMorphologicalGradientImageFilter	并行	hip_mathematical_morphology_benchmark	package_file:BrainProtonDensity1024.png	1024x1024 scalar gray	float_vs_double	max_abs	1	3			待按ARM对齐口径重测
387	Filtering/MathematicalMorphology	MovingHistogramMorphologyImageFilter	并行		package_file:BrainProtonDensity1024.png	1024x1024 scalar gray	float_vs_double	max_abs	1	3			待按ARM对齐口径重测
388	Filtering/MathematicalMorphology	OpeningByReconstructionImageFilter	串行		package_file:BrainProtonDensity1024.png	1024x1024 scalar gray	float_vs_double	max_abs	1	3			待按ARM对齐口径重测
389	Filtering/MathematicalMorphology	RankImageFilter	并行	hip_mathematical_morphology_benchmark	package_file:BrainProtonDensity1024.png	1024x1024 scalar gray	float_vs_double	max_abs	1	3			待按ARM对齐口径重测
390	Filtering/MathematicalMorphology	ReconstructionByDilationImageFilter	并行	hip_mathematical_morphology_benchmark	package_file:BrainProtonDensity1024.png	1024x1024 scalar gray	float_vs_double	max_abs	1	3			待按ARM对齐口径重测
391	Filtering/MathematicalMorphology	ReconstructionByErosionImageFilter	并行	hip_mathematical_morphology_benchmark	package_file:BrainProtonDensity1024.png	1024x1024 scalar gray	float_vs_double	max_abs	1	3			待按ARM对齐口径重测
392	Filtering/MathematicalMorphology	ReconstructionImageFilter	并行		package_file:BrainProtonDensity1024.png	1024x1024 scalar gray	float_vs_double	max_abs	1	3			待按ARM对齐口径重测
393	Filtering/MathematicalMorphology	RegionalMaximaImageFilter	串行		package_file:BrainProtonDensity1024.png	1024x1024 scalar gray	float_vs_double	max_abs	1	3			待按ARM对齐口径重测
394	Filtering/MathematicalMorphology	RegionalMinimaImageFilter	串行		package_file:BrainProtonDensity1024.png	1024x1024 scalar gray	float_vs_double	max_abs	1	3			待按ARM对齐口径重测
395	Filtering/MathematicalMorphology	ValuedRegionalExtremaImageFilter	并行		package_file:BrainProtonDensity1024.png	1024x1024 scalar gray	float_vs_double	max_abs	1	3			待按ARM对齐口径重测
396	Filtering/MathematicalMorphology	ValuedRegionalMaximaImageFilter	串行		package_file:BrainProtonDensity1024.png	1024x1024 scalar gray	float_vs_double	max_abs	1	3			待按ARM对齐口径重测
397	Filtering/MathematicalMorphology	ValuedRegionalMinimaImageFilter	串行		package_file:BrainProtonDensity1024.png	1024x1024 scalar gray	float_vs_double	max_abs	1	3			待按ARM对齐口径重测
398	Filtering/MathematicalMorphology	VanHerkGilWermanDilateImageFilter	并行	hip_mathematical_morphology_benchmark	package_file:BrainProtonDensity1024.png	1024x1024 scalar gray	float_vs_double	max_abs	1	3			待按ARM对齐口径重测
399	Filtering/MathematicalMorphology	VanHerkGilWermanErodeDilateImageFilter	并行		package_file:BrainProtonDensity1024.png	1024x1024 scalar gray	float_vs_double	max_abs	1	3			待按ARM对齐口径重测
400	Filtering/MathematicalMorphology	VanHerkGilWermanErodeImageFilter	并行	hip_mathematical_morphology_benchmark	package_file:BrainProtonDensity1024.png	1024x1024 scalar gray	float_vs_double	max_abs	1	3			待按ARM对齐口径重测
401	Filtering/MathematicalMorphology	WhiteTopHatImageFilter	并行	hip_mathematical_morphology_benchmark	package_file:BrainProtonDensity1024.png	1024x1024 scalar gray	float_vs_double	max_abs	1	3			待按ARM对齐口径重测
402	Filtering/Path	ChainCodeToFourierSeriesPathFilter	并行	hip_path_compatibility_benchmark / hip_stage5_path_contour_test	internal_deterministic:official_object_protocol	fixed object size from benchmark	float_vs_double	domain_metric	1	3			待按ARM对齐口径重测
403	Filtering/Path	ContourExtractor2DImageFilter	并行	hip_path_compatibility_benchmark / hip_stage5_path_contour_test	package_file:BrainProtonDensity1024.png	1024x1024 scalar gray	float_vs_double	max_abs	1	3			待按ARM对齐口径重测
404	Filtering/Path	ExtractOrthogonalSwath2DImageFilter	并行	hip_path_compatibility_benchmark / hip_stage5_path_contour_test	package_file:BrainProtonDensity1024.png	1024x1024 scalar gray	float_vs_double	max_abs	1	3			待按ARM对齐口径重测
405	Filtering/Path	ImageAndPathToImageFilter	并行		internal_deterministic:official_object_protocol	fixed object size from benchmark	float_vs_double	domain_metric	1	3			待按ARM对齐口径重测
406	Filtering/Path	ImageToPathFilter	并行		internal_deterministic:official_object_protocol	fixed object size from benchmark	float_vs_double	domain_metric	1	3			待按ARM对齐口径重测
407	Filtering/Path	OrthogonalSwath2DPathFilter	并行	hip_path_compatibility_benchmark / hip_stage5_path_contour_test	internal_deterministic:official_object_protocol	fixed object size from benchmark	float_vs_double	domain_metric	1	3			待按ARM对齐口径重测
408	Filtering/Path	PathAndImageToPathFilter	并行		internal_deterministic:official_object_protocol	fixed object size from benchmark	float_vs_double	domain_metric	1	3			待按ARM对齐口径重测
409	Filtering/Path	PathToChainCodePathFilter	并行	hip_path_compatibility_benchmark / hip_stage5_path_contour_test	internal_deterministic:official_object_protocol	fixed object size from benchmark	float_vs_double	domain_metric	1	3			待按ARM对齐口径重测
410	Filtering/Path	PathToImageFilter	并行	hip_path_compatibility_benchmark / hip_stage5_path_contour_test	internal_deterministic:official_object_protocol	fixed object size from benchmark	float_vs_double	domain_metric	1	3			待按ARM对齐口径重测
411	Filtering/Path	PathToPathFilter	并行		internal_deterministic:official_object_protocol	fixed object size from benchmark	float_vs_double	domain_metric	1	3			待按ARM对齐口径重测
412	Filtering/QuadEdgeMeshFiltering	BorderQuadEdgeMeshFilter	并行	hip_mesh_compatibility_benchmark	internal_deterministic:official_object_protocol	fixed object size from benchmark	float_vs_double	domain_metric	1	3			待按ARM对齐口径重测
413	Filtering/QuadEdgeMeshFiltering	CleanQuadEdgeMeshFilter	并行	hip_mesh_compatibility_benchmark	internal_deterministic:official_object_protocol	fixed object size from benchmark	float_vs_double	domain_metric	1	3			待按ARM对齐口径重测
414	Filtering/QuadEdgeMeshFiltering	DecimationQuadEdgeMeshFilter	并行		internal_deterministic:official_object_protocol	fixed object size from benchmark	float_vs_double	domain_metric	1	3			待按ARM对齐口径重测
415	Filtering/QuadEdgeMeshFiltering	DelaunayConformingQuadEdgeMeshFilter	并行	hip_mesh_compatibility_benchmark	internal_deterministic:official_object_protocol	fixed object size from benchmark	float_vs_double	domain_metric	1	3			待按ARM对齐口径重测
416	Filtering/QuadEdgeMeshFiltering	DiscreteCurvatureQuadEdgeMeshFilter	并行		internal_deterministic:official_object_protocol	fixed object size from benchmark	float_vs_double	domain_metric	1	3			待按ARM对齐口径重测
417	Filtering/QuadEdgeMeshFiltering	DiscreteCurvatureTensorQuadEdgeMeshFilter	并行		internal_deterministic:official_object_protocol	fixed object size from benchmark	float_vs_double	domain_metric	1	3			待按ARM对齐口径重测
418	Filtering/QuadEdgeMeshFiltering	DiscreteGaussianCurvatureQuadEdgeMeshFilter	并行	hip_mesh_compatibility_benchmark	internal_deterministic:official_object_protocol	fixed object size from benchmark	float_vs_double	domain_metric	1	3			待按ARM对齐口径重测
419	Filtering/QuadEdgeMeshFiltering	DiscreteMaximumCurvatureQuadEdgeMeshFilter	并行	hip_mesh_compatibility_benchmark	internal_deterministic:official_object_protocol	fixed object size from benchmark	float_vs_double	domain_metric	1	3			待按ARM对齐口径重测
420	Filtering/QuadEdgeMeshFiltering	DiscreteMeanCurvatureQuadEdgeMeshFilter	并行	hip_mesh_compatibility_benchmark	internal_deterministic:official_object_protocol	fixed object size from benchmark	float_vs_double	domain_metric	1	3			待按ARM对齐口径重测
421	Filtering/QuadEdgeMeshFiltering	DiscreteMinimumCurvatureQuadEdgeMeshFilter	并行	hip_mesh_compatibility_benchmark	internal_deterministic:official_object_protocol	fixed object size from benchmark	float_vs_double	domain_metric	1	3			待按ARM对齐口径重测
422	Filtering/QuadEdgeMeshFiltering	DiscretePrincipalCurvaturesQuadEdgeMeshFilter	并行		internal_deterministic:official_object_protocol	fixed object size from benchmark	float_vs_double	domain_metric	1	3			待按ARM对齐口径重测
423	Filtering/QuadEdgeMeshFiltering	EdgeDecimationQuadEdgeMeshFilter	并行		internal_deterministic:official_object_protocol	fixed object size from benchmark	float_vs_double	domain_metric	1	3			待按ARM对齐口径重测
424	Filtering/QuadEdgeMeshFiltering	LaplacianDeformationQuadEdgeMeshFilter	并行		internal_deterministic:official_object_protocol	fixed object size from benchmark	float_vs_double	domain_metric	1	3			待按ARM对齐口径重测
425	Filtering/QuadEdgeMeshFiltering	LaplacianDeformationQuadEdgeMeshFilterWithHardConstraints	并行		internal_deterministic:official_object_protocol	fixed object size from benchmark	float_vs_double	domain_metric	1	3			待按ARM对齐口径重测
426	Filtering/QuadEdgeMeshFiltering	LaplacianDeformationQuadEdgeMeshFilterWithSoftConstraints	并行		internal_deterministic:official_object_protocol	fixed object size from benchmark	float_vs_double	domain_metric	1	3			待按ARM对齐口径重测
427	Filtering/QuadEdgeMeshFiltering	NormalQuadEdgeMeshFilter	并行	hip_mesh_compatibility_benchmark	internal_deterministic:official_object_protocol	fixed object size from benchmark	float_vs_double	domain_metric	1	3			待按ARM对齐口径重测
428	Filtering/QuadEdgeMeshFiltering	ParameterizationQuadEdgeMeshFilter	并行		internal_deterministic:official_object_protocol	fixed object size from benchmark	float_vs_double	domain_metric	1	3			待按ARM对齐口径重测
429	Filtering/QuadEdgeMeshFiltering	QuadricDecimationQuadEdgeMeshFilter	并行	hip_mesh_compatibility_benchmark	internal_deterministic:official_object_protocol	fixed object size from benchmark	float_vs_double	domain_metric	1	3			待按ARM对齐口径重测
430	Filtering/QuadEdgeMeshFiltering	SmoothingQuadEdgeMeshFilter	并行	hip_mesh_compatibility_benchmark	internal_deterministic:official_object_protocol	fixed object size from benchmark	float_vs_double	domain_metric	1	3			待按ARM对齐口径重测
431	Filtering/QuadEdgeMeshFiltering	SquaredEdgeLengthDecimationQuadEdgeMeshFilter	并行	hip_mesh_compatibility_benchmark	internal_deterministic:official_object_protocol	fixed object size from benchmark	float_vs_double	domain_metric	1	3			待按ARM对齐口径重测
432	Filtering/Smoothing	BinomialBlurImageFilter	并行	hip_smoothing_benchmark / hip_smoothing_extra_benchmark	package_file:BrainProtonDensity1024.png	1024x1024 scalar gray	float_vs_double	max_abs	1	3			待按ARM对齐口径重测
433	Filtering/Smoothing	BoxMeanImageFilter	并行	hip_smoothing_benchmark / hip_smoothing_extra_benchmark	package_file:BrainProtonDensity1024.png	1024x1024 scalar gray	float_vs_double	max_abs	1	3			待按ARM对齐口径重测
434	Filtering/Smoothing	BoxSigmaImageFilter	并行	hip_smoothing_benchmark / hip_smoothing_extra_benchmark	package_file:BrainProtonDensity1024.png	1024x1024 scalar gray	float_vs_double	max_abs	1	3			待按ARM对齐口径重测
435	Filtering/Smoothing	DiscreteGaussianImageFilter	并行	hip_smoothing_benchmark / hip_smoothing_extra_benchmark	package_file:BrainProtonDensity1024.png	1024x1024 scalar gray	float_vs_double	max_abs	1	3			待按ARM对齐口径重测
436	Filtering/Smoothing	FFTDiscreteGaussianImageFilter	并行	hip_smoothing_benchmark / hip_smoothing_extra_benchmark	internal_deterministic:complex_frequency_protocol	1024x1024 complex or frequency input	float_vs_double	complex_domain_error	1	3			待按ARM对齐口径重测
437	Filtering/Smoothing	MeanImageFilter	并行	hip_smoothing_benchmark / hip_smoothing_extra_benchmark	package_file:BrainProtonDensity1024.png	1024x1024 scalar gray	float_vs_double	max_abs	1	3			待按ARM对齐口径重测
438	Filtering/Smoothing	MedianImageFilter	并行	hip_smoothing_benchmark / hip_smoothing_extra_benchmark	package_file:BrainProtonDensity1024.png	1024x1024 scalar gray	float_vs_double	max_abs	1	3			待按ARM对齐口径重测
439	Filtering/Smoothing	RecursiveGaussianImageFilter	并行	hip_smoothing_benchmark / hip_smoothing_extra_benchmark	package_file:BrainProtonDensity1024.png	1024x1024 scalar gray	float_vs_double	max_abs	1	3			待按ARM对齐口径重测
440	Filtering/Smoothing	SmoothingRecursiveGaussianImageFilter	并行	hip_smoothing_benchmark / hip_smoothing_extra_benchmark	package_file:BrainProtonDensity1024.png	1024x1024 scalar gray	float_vs_double	max_abs	1	3			待按ARM对齐口径重测
441	Filtering/SpatialFunction	SpatialFunctionImageEvaluatorFilter	并行	hip_misc_benchmark / hip_image_feature_benchmark	package_file:BrainProtonDensity1024.png	1024x1024 scalar gray	float_vs_double	max_abs	1	3			待按ARM对齐口径重测
442	Filtering/Thresholding	BinaryThresholdImageFilter	并行	hip_thresholding_benchmark / hip_thresholding_test	package_file:labels_u16.mha+binary_u8.mha	1024x1024 label/binary	float_vs_double	binary_or_label_consistency	1	3			待按ARM对齐口径重测
443	Filtering/Thresholding	BinaryThresholdProjectionImageFilter	并行		package_file:labels_u16.mha+binary_u8.mha	1024x1024 label/binary	float_vs_double	binary_or_label_consistency	1	3			待按ARM对齐口径重测
444	Filtering/Thresholding	HistogramThresholdImageFilter	并行	hip_thresholding_benchmark / hip_thresholding_test	package_file:BrainProtonDensity1024.png	1024x1024 scalar gray	float_vs_double	max_abs	1	3			待按ARM对齐口径重测
445	Filtering/Thresholding	HuangThresholdImageFilter	并行	hip_thresholding_benchmark / hip_thresholding_test	package_file:BrainProtonDensity1024.png	1024x1024 scalar gray	float_vs_double	max_abs	1	3			待按ARM对齐口径重测
446	Filtering/Thresholding	IntermodesThresholdImageFilter	并行	hip_thresholding_benchmark / hip_thresholding_test	package_file:BrainProtonDensity1024.png	1024x1024 scalar gray	float_vs_double	max_abs	1	3			待按ARM对齐口径重测
447	Filtering/Thresholding	IsoDataThresholdImageFilter	并行	hip_thresholding_benchmark / hip_thresholding_test	package_file:BrainProtonDensity1024.png	1024x1024 scalar gray	float_vs_double	max_abs	1	3			待按ARM对齐口径重测
448	Filtering/Thresholding	KappaSigmaThresholdImageFilter	并行	hip_thresholding_benchmark / hip_thresholding_test	package_file:BrainProtonDensity1024.png	1024x1024 scalar gray	float_vs_double	max_abs	1	3			待按ARM对齐口径重测
449	Filtering/Thresholding	KittlerIllingworthThresholdImageFilter	并行	hip_thresholding_benchmark / hip_thresholding_test	package_file:BrainProtonDensity1024.png	1024x1024 scalar gray	float_vs_double	max_abs	1	3			待按ARM对齐口径重测
450	Filtering/Thresholding	LiThresholdImageFilter	并行	hip_thresholding_benchmark / hip_thresholding_test	package_file:BrainProtonDensity1024.png	1024x1024 scalar gray	float_vs_double	max_abs	1	3			待按ARM对齐口径重测
451	Filtering/Thresholding	MaximumEntropyThresholdImageFilter	并行	hip_thresholding_benchmark / hip_thresholding_test	package_file:BrainProtonDensity1024.png	1024x1024 scalar gray	float_vs_double	max_abs	1	3			待按ARM对齐口径重测
452	Filtering/Thresholding	MomentsThresholdImageFilter	并行	hip_thresholding_benchmark / hip_thresholding_test	package_file:BrainProtonDensity1024.png	1024x1024 scalar gray	float_vs_double	max_abs	1	3			待按ARM对齐口径重测
453	Filtering/Thresholding	OtsuMultipleThresholdsImageFilter	并行	hip_thresholding_benchmark / hip_thresholding_test	package_file:BrainProtonDensity1024.png	1024x1024 scalar gray	float_vs_double	max_abs	1	3			待按ARM对齐口径重测
454	Filtering/Thresholding	OtsuThresholdImageFilter	并行	hip_thresholding_benchmark / hip_thresholding_test	package_file:BrainProtonDensity1024.png	1024x1024 scalar gray	float_vs_double	max_abs	1	3			待按ARM对齐口径重测
455	Filtering/Thresholding	RenyiEntropyThresholdImageFilter	并行	hip_thresholding_benchmark / hip_thresholding_test	package_file:BrainProtonDensity1024.png	1024x1024 scalar gray	float_vs_double	max_abs	1	3			待按ARM对齐口径重测
456	Filtering/Thresholding	ShanbhagThresholdImageFilter	并行	hip_thresholding_benchmark / hip_thresholding_test	package_file:BrainProtonDensity1024.png	1024x1024 scalar gray	float_vs_double	max_abs	1	3			待按ARM对齐口径重测
457	Filtering/Thresholding	ThresholdImageFilter	并行	hip_thresholding_benchmark / hip_thresholding_test	package_file:BrainProtonDensity1024.png	1024x1024 scalar gray	float_vs_double	max_abs	1	3			待按ARM对齐口径重测
458	Filtering/Thresholding	ThresholdLabelerImageFilter	并行		package_file:labels_u16.mha+binary_u8.mha	1024x1024 label/binary	float_vs_double	binary_or_label_consistency	1	3			待按ARM对齐口径重测
459	Filtering/Thresholding	TriangleThresholdImageFilter	并行	hip_thresholding_benchmark / hip_thresholding_test	package_file:BrainProtonDensity1024.png	1024x1024 scalar gray	float_vs_double	max_abs	1	3			待按ARM对齐口径重测
460	Filtering/Thresholding	YenThresholdImageFilter	并行	hip_thresholding_benchmark / hip_thresholding_test	package_file:BrainProtonDensity1024.png	1024x1024 scalar gray	float_vs_double	max_abs	1	3			待按ARM对齐口径重测
461	Registration/Common	BlockMatchingImageFilter	并行		package_file:BrainProtonDensity1024.png	1024x1024 scalar gray	float_vs_double	max_abs	1	3			待按ARM对齐口径重测
462	Registration/Common	CompareHistogramImageToImageMetric	并行		package_file:BrainProtonDensity1024_fixed.png+BrainProtonDensity1024_moving.png	1024x1024 fixed/moving	float_vs_double	max_abs_or_domain_metric	1	3			待按ARM对齐口径重测
463	Registration/Common	CorrelationCoefficientHistogramImageToImageMetric	并行	hip_registration_common_benchmark / hip_registration_benchmark	package_file:BrainProtonDensity1024_fixed.png+BrainProtonDensity1024_moving.png	1024x1024 fixed/moving	float_vs_double	max_abs_or_domain_metric	1	3			待按ARM对齐口径重测
464	Registration/Common	EuclideanDistancePointMetric	并行	hip_registration_common_benchmark / hip_registration_benchmark	package_file:BrainProtonDensity1024_fixed.png+BrainProtonDensity1024_moving.png	1024x1024 fixed/moving	float_vs_double	max_abs_or_domain_metric	1	3			待按ARM对齐口径重测
465	Registration/Common	GradientDifferenceImageToImageMetric	并行	hip_registration_common_benchmark / hip_registration_benchmark	package_file:BrainProtonDensity1024_fixed.png+BrainProtonDensity1024_moving.png	1024x1024 fixed/moving	float_vs_double	max_abs_or_domain_metric	1	3			待按ARM对齐口径重测
466	Registration/Common	HistogramImageToImageMetric	并行		package_file:BrainProtonDensity1024_fixed.png+BrainProtonDensity1024_moving.png	1024x1024 fixed/moving	float_vs_double	max_abs_or_domain_metric	1	3			待按ARM对齐口径重测
467	Registration/Common	ImageRegistrationMethod	并行	需新增专用benchmark	package_file:BrainProtonDensity1024_fixed.png+BrainProtonDensity1024_moving.png	1024x1024 fixed/moving	float_vs_double	max_abs_or_domain_metric	1	3			待按ARM对齐口径重测
468	Registration/Common	ImageToImageMetric	并行		package_file:BrainProtonDensity1024_fixed.png+BrainProtonDensity1024_moving.png	1024x1024 fixed/moving	float_vs_double	max_abs_or_domain_metric	1	3			待按ARM对齐口径重测
469	Registration/Common	ImageToSpatialObjectMetric	并行		package_file:BrainProtonDensity1024_fixed.png+BrainProtonDensity1024_moving.png	1024x1024 fixed/moving	float_vs_double	max_abs_or_domain_metric	1	3			待按ARM对齐口径重测
470	Registration/Common	ImageToSpatialObjectRegistrationMethod	并行	hip_registration_common_benchmark / hip_registration_benchmark	package_file:BrainProtonDensity1024_fixed.png+BrainProtonDensity1024_moving.png	1024x1024 fixed/moving	float_vs_double	max_abs_or_domain_metric	1	3			待按ARM对齐口径重测
471	Registration/Common	KappaStatisticImageToImageMetric	并行	hip_registration_common_benchmark / hip_registration_benchmark	package_file:BrainProtonDensity1024_fixed.png+BrainProtonDensity1024_moving.png	1024x1024 fixed/moving	float_vs_double	max_abs_or_domain_metric	1	3			待按ARM对齐口径重测
472	Registration/Common	KullbackLeiblerCompareHistogramImageToImageMetric	并行	hip_registration_common_benchmark / hip_registration_benchmark	package_file:BrainProtonDensity1024_fixed.png+BrainProtonDensity1024_moving.png	1024x1024 fixed/moving	float_vs_double	max_abs_or_domain_metric	1	3			待按ARM对齐口径重测
473	Registration/Common	MatchCardinalityImageToImageMetric	并行	hip_registration_common_benchmark / hip_registration_benchmark	package_file:BrainProtonDensity1024_fixed.png+BrainProtonDensity1024_moving.png	1024x1024 fixed/moving	float_vs_double	max_abs_or_domain_metric	1	3			待按ARM对齐口径重测
474	Registration/Common	MattesMutualInformationImageToImageMetric	并行	hip_registration_common_benchmark / hip_registration_benchmark	package_file:BrainProtonDensity1024_fixed.png+BrainProtonDensity1024_moving.png	1024x1024 fixed/moving	float_vs_double	max_abs_or_domain_metric	1	3			待按ARM对齐口径重测
475	Registration/Common	MeanReciprocalSquareDifferenceImageToImageMetric	并行	hip_registration_common_benchmark / hip_registration_benchmark	package_file:BrainProtonDensity1024_fixed.png+BrainProtonDensity1024_moving.png	1024x1024 fixed/moving	float_vs_double	max_abs_or_domain_metric	1	3			待按ARM对齐口径重测
476	Registration/Common	MeanReciprocalSquareDifferencePointSetToImageMetric	并行	hip_registration_common_benchmark / hip_registration_benchmark	package_file:BrainProtonDensity1024_fixed.png+BrainProtonDensity1024_moving.png	1024x1024 fixed/moving	float_vs_double	max_abs_or_domain_metric	1	3			待按ARM对齐口径重测
477	Registration/Common	MeanSquaresHistogramImageToImageMetric	并行	hip_registration_common_benchmark / hip_registration_benchmark	package_file:BrainProtonDensity1024_fixed.png+BrainProtonDensity1024_moving.png	1024x1024 fixed/moving	float_vs_double	max_abs_or_domain_metric	1	3			待按ARM对齐口径重测
478	Registration/Common	MeanSquaresImageToImageMetric	并行	hip_registration_common_benchmark / hip_registration_benchmark	package_file:BrainProtonDensity1024_fixed.png+BrainProtonDensity1024_moving.png	1024x1024 fixed/moving	float_vs_double	max_abs_or_domain_metric	1	3			待按ARM对齐口径重测
479	Registration/Common	MeanSquaresPointSetToImageMetric	并行	hip_registration_common_benchmark / hip_registration_benchmark	package_file:BrainProtonDensity1024_fixed.png+BrainProtonDensity1024_moving.png	1024x1024 fixed/moving	float_vs_double	max_abs_or_domain_metric	1	3			待按ARM对齐口径重测
480	Registration/Common	MultiResolutionImageRegistrationMethod	并行		package_file:BrainProtonDensity1024_fixed.png+BrainProtonDensity1024_moving.png	1024x1024 fixed/moving	float_vs_double	max_abs_or_domain_metric	1	3			待按ARM对齐口径重测
481	Registration/Common	MultiResolutionPyramidImageFilter	并行	hip_registration_common_benchmark / hip_registration_benchmark	package_file:BrainProtonDensity1024.png	1024x1024 scalar gray	float_vs_double	max_abs	1	3			待按ARM对齐口径重测
482	Registration/Common	MutualInformationHistogramImageToImageMetric	并行	hip_registration_common_benchmark / hip_registration_benchmark	package_file:BrainProtonDensity1024_fixed.png+BrainProtonDensity1024_moving.png	1024x1024 fixed/moving	float_vs_double	max_abs_or_domain_metric	1	3			待按ARM对齐口径重测
483	Registration/Common	MutualInformationImageToImageMetric	并行	hip_registration_common_benchmark / hip_registration_benchmark	package_file:BrainProtonDensity1024_fixed.png+BrainProtonDensity1024_moving.png	1024x1024 fixed/moving	float_vs_double	max_abs_or_domain_metric	1	3			待按ARM对齐口径重测
484	Registration/Common	NormalizedCorrelationImageToImageMetric	并行	hip_registration_common_benchmark / hip_registration_benchmark	package_file:BrainProtonDensity1024_fixed.png+BrainProtonDensity1024_moving.png	1024x1024 fixed/moving	float_vs_double	max_abs_or_domain_metric	1	3			待按ARM对齐口径重测
485	Registration/Common	NormalizedCorrelationPointSetToImageMetric	并行	hip_registration_common_benchmark / hip_registration_benchmark	package_file:BrainProtonDensity1024_fixed.png+BrainProtonDensity1024_moving.png	1024x1024 fixed/moving	float_vs_double	max_abs_or_domain_metric	1	3			待按ARM对齐口径重测
486	Registration/Common	NormalizedMutualInformationHistogramImageToImageMetric	并行	hip_registration_common_benchmark / hip_registration_benchmark	package_file:BrainProtonDensity1024_fixed.png+BrainProtonDensity1024_moving.png	1024x1024 fixed/moving	float_vs_double	max_abs_or_domain_metric	1	3			待按ARM对齐口径重测
487	Registration/Common	PointSetToImageMetric	并行		package_file:BrainProtonDensity1024_fixed.png+BrainProtonDensity1024_moving.png	1024x1024 fixed/moving	float_vs_double	max_abs_or_domain_metric	1	3			待按ARM对齐口径重测
488	Registration/Common	PointSetToImageRegistrationMethod	并行	hip_registration_common_benchmark / hip_registration_benchmark	package_file:BrainProtonDensity1024_fixed.png+BrainProtonDensity1024_moving.png	1024x1024 fixed/moving	float_vs_double	max_abs_or_domain_metric	1	3			待按ARM对齐口径重测
489	Registration/Common	PointSetToPointSetMetric	并行		package_file:BrainProtonDensity1024_fixed.png+BrainProtonDensity1024_moving.png	1024x1024 fixed/moving	float_vs_double	max_abs_or_domain_metric	1	3			待按ARM对齐口径重测
490	Registration/Common	PointSetToPointSetRegistrationMethod	并行	hip_registration_common_benchmark / hip_registration_benchmark	package_file:BrainProtonDensity1024_fixed.png+BrainProtonDensity1024_moving.png	1024x1024 fixed/moving	float_vs_double	max_abs_or_domain_metric	1	3			待按ARM对齐口径重测
491	Registration/Common	RecursiveMultiResolutionPyramidImageFilter	并行	hip_registration_common_benchmark / hip_registration_benchmark	package_file:BrainProtonDensity1024.png	1024x1024 scalar gray	float_vs_double	max_abs	1	3			待按ARM对齐口径重测
492	Registration/FEM	FEMRegistrationFilter	并行		package_file:BrainProtonDensity1024_fixed.png+BrainProtonDensity1024_moving.png	1024x1024 fixed/moving	float_vs_double	max_abs_or_domain_metric	1	3			待按ARM对齐口径重测
493	Registration/FEM	PhysicsBasedNonRigidRegistrationMethod	并行		package_file:BrainProtonDensity1024_fixed.png+BrainProtonDensity1024_moving.png	1024x1024 fixed/moving	float_vs_double	max_abs_or_domain_metric	1	3			待按ARM对齐口径重测
494	Registration/GPUPDEDeformable	GPUDemonsRegistrationFilter	并行		package_file:BrainProtonDensity1024_fixed.png+BrainProtonDensity1024_moving.png	1024x1024 fixed/moving	float_vs_double	max_abs_or_domain_metric	1	3			待按ARM对齐口径重测
495	Registration/GPUPDEDeformable	GPUPDEDeformableRegistrationFilter	并行		package_file:BrainProtonDensity1024_fixed.png+BrainProtonDensity1024_moving.png	1024x1024 fixed/moving	float_vs_double	max_abs_or_domain_metric	1	3			待按ARM对齐口径重测
496	Registration/Metricsv4	ANTSNeighborhoodCorrelationImageToImageMetricv4	并行	hip_registration_metricv4_benchmark	package_file:BrainProtonDensity1024_fixed.png+BrainProtonDensity1024_moving.png	1024x1024 fixed/moving	float_vs_double	max_abs_or_domain_metric	1	3			待按ARM对齐口径重测
497	Registration/Metricsv4	CorrelationImageToImageMetricv4	并行	hip_registration_metricv4_benchmark	package_file:BrainProtonDensity1024_fixed.png+BrainProtonDensity1024_moving.png	1024x1024 fixed/moving	float_vs_double	max_abs_or_domain_metric	1	3			待按ARM对齐口径重测
498	Registration/Metricsv4	DemonsImageToImageMetricv4	并行	hip_registration_metricv4_benchmark	package_file:BrainProtonDensity1024_fixed.png+BrainProtonDensity1024_moving.png	1024x1024 fixed/moving	float_vs_double	max_abs_or_domain_metric	1	3			待按ARM对齐口径重测
499	Registration/Metricsv4	EuclideanDistancePointSetToPointSetMetricv4	并行	hip_registration_metricv4_benchmark	package_file:BrainProtonDensity1024_fixed.png+BrainProtonDensity1024_moving.png	1024x1024 fixed/moving	float_vs_double	max_abs_or_domain_metric	1	3			待按ARM对齐口径重测
500	Registration/Metricsv4	ExpectationBasedPointSetToPointSetMetricv4	并行	hip_registration_metricv4_benchmark	package_file:BrainProtonDensity1024_fixed.png+BrainProtonDensity1024_moving.png	1024x1024 fixed/moving	float_vs_double	max_abs_or_domain_metric	1	3			待按ARM对齐口径重测
501	Registration/Metricsv4	ImageToImageMetricv4	并行		package_file:BrainProtonDensity1024_fixed.png+BrainProtonDensity1024_moving.png	1024x1024 fixed/moving	float_vs_double	max_abs_or_domain_metric	1	3			待按ARM对齐口径重测
502	Registration/Metricsv4	JensenHavrdaCharvatTsallisPointSetToPointSetMetricv4	并行	hip_registration_metricv4_benchmark	package_file:BrainProtonDensity1024_fixed.png+BrainProtonDensity1024_moving.png	1024x1024 fixed/moving	float_vs_double	max_abs_or_domain_metric	1	3			待按ARM对齐口径重测
503	Registration/Metricsv4	JointHistogramMutualInformationImageToImageMetricv4	并行	hip_registration_metricv4_benchmark	package_file:BrainProtonDensity1024_fixed.png+BrainProtonDensity1024_moving.png	1024x1024 fixed/moving	float_vs_double	max_abs_or_domain_metric	1	3			待按ARM对齐口径重测
504	Registration/Metricsv4	LabeledPointSetToPointSetMetricv4	并行		package_file:BrainProtonDensity1024_fixed.png+BrainProtonDensity1024_moving.png	1024x1024 fixed/moving	float_vs_double	max_abs_or_domain_metric	1	3			待按ARM对齐口径重测
505	Registration/Metricsv4	MattesMutualInformationImageToImageMetricv4	并行	hip_registration_metricv4_benchmark	package_file:BrainProtonDensity1024_fixed.png+BrainProtonDensity1024_moving.png	1024x1024 fixed/moving	float_vs_double	max_abs_or_domain_metric	1	3			待按ARM对齐口径重测
506	Registration/Metricsv4	MeanSquaresImageToImageMetricv4	并行	hip_registration_metricv4_benchmark	package_file:BrainProtonDensity1024_fixed.png+BrainProtonDensity1024_moving.png	1024x1024 fixed/moving	float_vs_double	max_abs_or_domain_metric	1	3			待按ARM对齐口径重测
507	Registration/Metricsv4	ObjectToObjectMultiMetricv4	并行	hip_registration_metricv4_benchmark	package_file:BrainProtonDensity1024_fixed.png+BrainProtonDensity1024_moving.png	1024x1024 fixed/moving	float_vs_double	max_abs_or_domain_metric	1	3			待按ARM对齐口径重测
508	Registration/Metricsv4	PointSetToPointSetMetricWithIndexv4	并行		package_file:BrainProtonDensity1024_fixed.png+BrainProtonDensity1024_moving.png	1024x1024 fixed/moving	float_vs_double	max_abs_or_domain_metric	1	3			待按ARM对齐口径重测
509	Registration/Metricsv4	PointSetToPointSetMetricv4	并行		package_file:BrainProtonDensity1024_fixed.png+BrainProtonDensity1024_moving.png	1024x1024 fixed/moving	float_vs_double	max_abs_or_domain_metric	1	3			待按ARM对齐口径重测
510	Registration/PDEDeformable	CurvatureRegistrationFilter	并行		package_file:BrainProtonDensity1024_fixed.png+BrainProtonDensity1024_moving.png	1024x1024 fixed/moving	float_vs_double	max_abs_or_domain_metric	1	3			待按ARM对齐口径重测
511	Registration/PDEDeformable	DemonsRegistrationFilter	并行	hip_registration_benchmark / hip_final7_benchmark	package_file:BrainProtonDensity1024_fixed.png+BrainProtonDensity1024_moving.png	1024x1024 fixed/moving	float_vs_double	max_abs_or_domain_metric	1	3			待按ARM对齐口径重测
512	Registration/PDEDeformable	DiffeomorphicDemonsRegistrationFilter	并行	hip_registration_benchmark / hip_final7_benchmark	package_file:BrainProtonDensity1024_fixed.png+BrainProtonDensity1024_moving.png	1024x1024 fixed/moving	float_vs_double	max_abs_or_domain_metric	1	3			待按ARM对齐口径重测
513	Registration/PDEDeformable	FastSymmetricForcesDemonsRegistrationFilter	并行	hip_registration_benchmark / hip_final7_benchmark	package_file:BrainProtonDensity1024_fixed.png+BrainProtonDensity1024_moving.png	1024x1024 fixed/moving	float_vs_double	max_abs_or_domain_metric	1	3			待按ARM对齐口径重测
514	Registration/PDEDeformable	LevelSetMotionRegistrationFilter	并行	hip_registration_benchmark / hip_final7_benchmark	package_file:BrainProtonDensity1024_fixed.png+BrainProtonDensity1024_moving.png	1024x1024 fixed/moving	float_vs_double	max_abs_or_domain_metric	1	3			待按ARM对齐口径重测
515	Registration/PDEDeformable	PDEDeformableRegistrationFilter	并行		package_file:BrainProtonDensity1024_fixed.png+BrainProtonDensity1024_moving.png	1024x1024 fixed/moving	float_vs_double	max_abs_or_domain_metric	1	3			待按ARM对齐口径重测
516	Registration/PDEDeformable	SymmetricForcesDemonsRegistrationFilter	并行	hip_registration_benchmark / hip_final7_benchmark	package_file:BrainProtonDensity1024_fixed.png+BrainProtonDensity1024_moving.png	1024x1024 fixed/moving	float_vs_double	max_abs_or_domain_metric	1	3			待按ARM对齐口径重测
517	Registration/RegistrationMethodsv4	BSplineSyNImageRegistrationMethod	并行		package_file:BrainProtonDensity1024_fixed.png+BrainProtonDensity1024_moving.png	1024x1024 fixed/moving	float_vs_double	max_abs_or_domain_metric	1	3			待按ARM对齐口径重测
518	Registration/RegistrationMethodsv4	ImageRegistrationMethodv4	并行	hip_registration_method_benchmark	package_file:BrainProtonDensity1024_fixed.png+BrainProtonDensity1024_moving.png	1024x1024 fixed/moving	float_vs_double	max_abs_or_domain_metric	1	3			待按ARM对齐口径重测
519	Registration/RegistrationMethodsv4	SyNImageRegistrationMethod	并行		package_file:BrainProtonDensity1024_fixed.png+BrainProtonDensity1024_moving.png	1024x1024 fixed/moving	float_vs_double	max_abs_or_domain_metric	1	3			待按ARM对齐口径重测
520	Registration/RegistrationMethodsv4	TimeVaryingBSplineVelocityFieldImageRegistrationMethod	并行		package_file:BrainProtonDensity1024_fixed.png+BrainProtonDensity1024_moving.png	1024x1024 fixed/moving	float_vs_double	max_abs_or_domain_metric	1	3			待按ARM对齐口径重测
521	Registration/RegistrationMethodsv4	TimeVaryingVelocityFieldImageRegistrationMethodv4	并行		package_file:BrainProtonDensity1024_fixed.png+BrainProtonDensity1024_moving.png	1024x1024 fixed/moving	float_vs_double	max_abs_or_domain_metric	1	3			待按ARM对齐口径重测
522	Segmentation/Classifiers	BayesianClassifierImageFilter	并行		package_file:BrainProtonDensity1024.png	1024x1024 scalar gray	float_vs_double	max_abs	1	3			待按ARM对齐口径重测
523	Segmentation/Classifiers	BayesianClassifierInitializationImageFilter	并行		package_file:BrainProtonDensity1024.png	1024x1024 scalar gray	float_vs_double	max_abs	1	3			待按ARM对齐口径重测
524	Segmentation/Classifiers	ScalarImageKmeansImageFilter	并行		package_file:BrainProtonDensity1024.png	1024x1024 scalar gray	float_vs_double	max_abs	1	3			待按ARM对齐口径重测
525	Segmentation/ConnectedComponents	ConnectedComponentFunctorImageFilter	并行		package_file:labels_u16.mha+binary_u8.mha	1024x1024 label/binary	float_vs_double	binary_or_label_consistency	1	3			待按ARM对齐口径重测
526	Segmentation/ConnectedComponents	ConnectedComponentImageFilter	并行		package_file:labels_u16.mha+binary_u8.mha	1024x1024 label/binary	float_vs_double	binary_or_label_consistency	1	3			待按ARM对齐口径重测
527	Segmentation/ConnectedComponents	HardConnectedComponentImageFilter	并行		package_file:labels_u16.mha+binary_u8.mha	1024x1024 label/binary	float_vs_double	binary_or_label_consistency	1	3			待按ARM对齐口径重测
528	Segmentation/ConnectedComponents	RelabelComponentImageFilter	并行		package_file:labels_u16.mha+binary_u8.mha	1024x1024 label/binary	float_vs_double	binary_or_label_consistency	1	3			待按ARM对齐口径重测
529	Segmentation/ConnectedComponents	ScalarConnectedComponentImageFilter	并行		package_file:labels_u16.mha+binary_u8.mha	1024x1024 label/binary	float_vs_double	binary_or_label_consistency	1	3			待按ARM对齐口径重测
530	Segmentation/ConnectedComponents	ThresholdMaximumConnectedComponentsImageFilter	并行		package_file:labels_u16.mha+binary_u8.mha	1024x1024 label/binary	float_vs_double	binary_or_label_consistency	1	3			待按ARM对齐口径重测
531	Segmentation/ConnectedComponents	VectorConnectedComponentImageFilter	并行		package_file:labels_u16.mha+binary_u8.mha	1024x1024 label/binary	float_vs_double	binary_or_label_consistency	1	3			待按ARM对齐口径重测
532	Segmentation/DeformableMesh	DeformableSimplexMesh3DBalloonForceFilter	并行	hip_mesh_compatibility_benchmark	internal_deterministic:official_object_protocol	fixed object size from benchmark	float_vs_double	domain_metric	1	3			待按ARM对齐口径重测
533	Segmentation/DeformableMesh	DeformableSimplexMesh3DFilter	并行	hip_mesh_compatibility_benchmark	internal_deterministic:official_object_protocol	fixed object size from benchmark	float_vs_double	domain_metric	1	3			待按ARM对齐口径重测
534	Segmentation/DeformableMesh	DeformableSimplexMesh3DGradientConstraintForceFilter	并行	hip_mesh_compatibility_benchmark	internal_deterministic:official_object_protocol	fixed object size from benchmark	float_vs_double	domain_metric	1	3			待按ARM对齐口径重测
535	Segmentation/KLMRegionGrowing	KLMRegionGrowImageFilter	并行		package_file:labels_u16.mha+binary_u8.mha	1024x1024 label/binary	float_vs_double	binary_or_label_consistency	1	3			待按ARM对齐口径重测
536	Segmentation/KLMRegionGrowing	RegionGrowImageFilter	并行		package_file:labels_u16.mha+binary_u8.mha	1024x1024 label/binary	float_vs_double	binary_or_label_consistency	1	3			待按ARM对齐口径重测
537	Segmentation/LabelVoting	BinaryMedianImageFilter	并行	hip_segmentation_labels_test / hip_segmentation_benchmark	package_file:labels_u16.mha+binary_u8.mha	1024x1024 label/binary	float_vs_double	binary_or_label_consistency	1	3			待按ARM对齐口径重测
538	Segmentation/LabelVoting	LabelVotingImageFilter	并行		package_file:labels_u16.mha+binary_u8.mha	1024x1024 label/binary	float_vs_double	binary_or_label_consistency	1	3			待按ARM对齐口径重测
539	Segmentation/LabelVoting	MultiLabelSTAPLEImageFilter	并行		package_file:labels_u16.mha+binary_u8.mha	1024x1024 label/binary	float_vs_double	binary_or_label_consistency	1	3			待按ARM对齐口径重测
540	Segmentation/LabelVoting	VotingBinaryHoleFillingImageFilter	并行	hip_segmentation_labels_test / hip_segmentation_benchmark	package_file:labels_u16.mha+binary_u8.mha	1024x1024 label/binary	float_vs_double	binary_or_label_consistency	1	3			待按ARM对齐口径重测
541	Segmentation/LabelVoting	VotingBinaryImageFilter	并行	hip_segmentation_labels_test / hip_segmentation_benchmark	package_file:labels_u16.mha+binary_u8.mha	1024x1024 label/binary	float_vs_double	binary_or_label_consistency	1	3			待按ARM对齐口径重测
542	Segmentation/LabelVoting	VotingBinaryIterativeHoleFillingImageFilter	并行	hip_segmentation_labels_test / hip_segmentation_benchmark	package_file:labels_u16.mha+binary_u8.mha	1024x1024 label/binary	float_vs_double	binary_or_label_consistency	1	3			待按ARM对齐口径重测
543	Segmentation/LevelSets	AnisotropicFourthOrderLevelSetImageFilter	并行	hip_segmentation_benchmark / hip_segmentation_evolution_test	package_file:BrainProtonDensity1024.png	1024x1024 scalar gray	float_vs_double	max_abs	1	3			待按ARM对齐口径重测
544	Segmentation/LevelSets	BinaryMaskToNarrowBandPointSetFilter	并行	hip_segmentation_benchmark / hip_segmentation_evolution_test	internal_deterministic:official_object_protocol	fixed object size from benchmark	float_vs_double	domain_metric	1	3			待按ARM对齐口径重测
545	Segmentation/LevelSets	CannySegmentationLevelSetImageFilter	并行	hip_segmentation_benchmark / hip_segmentation_evolution_test	package_file:BrainProtonDensity1024.png	1024x1024 scalar gray	float_vs_double	max_abs	1	3			待按ARM对齐口径重测
546	Segmentation/LevelSets	CollidingFrontsImageFilter	并行	hip_segmentation_benchmark / hip_segmentation_evolution_test	package_file:BrainProtonDensity1024.png	1024x1024 scalar gray	float_vs_double	max_abs	1	3			待按ARM对齐口径重测
547	Segmentation/LevelSets	CurvesLevelSetImageFilter	并行	hip_segmentation_benchmark / hip_segmentation_evolution_test	package_file:BrainProtonDensity1024.png	1024x1024 scalar gray	float_vs_double	max_abs	1	3			待按ARM对齐口径重测
548	Segmentation/LevelSets	ExtensionVelocitiesImageFilter	并行	hip_segmentation_benchmark / hip_segmentation_evolution_test	package_file:BrainProtonDensity1024.png	1024x1024 scalar gray	float_vs_double	max_abs	1	3			待按ARM对齐口径重测
549	Segmentation/LevelSets	GeodesicActiveContourLevelSetImageFilter	并行	hip_segmentation_benchmark / hip_segmentation_evolution_test	package_file:BrainProtonDensity1024.png	1024x1024 scalar gray	float_vs_double	max_abs	1	3			待按ARM对齐口径重测
550	Segmentation/LevelSets	GeodesicActiveContourShapePriorLevelSetImageFilter	并行	hip_segmentation_benchmark / hip_segmentation_evolution_test	package_file:BrainProtonDensity1024.png	1024x1024 scalar gray	float_vs_double	max_abs	1	3			待按ARM对齐口径重测
551	Segmentation/LevelSets	ImplicitManifoldNormalVectorFilter	并行		package_file:BrainProtonDensity1024.png	1024x1024 scalar gray	float_vs_double	max_abs	1	3			待按ARM对齐口径重测
552	Segmentation/LevelSets	IsotropicFourthOrderLevelSetImageFilter	并行	hip_segmentation_benchmark / hip_segmentation_evolution_test	package_file:BrainProtonDensity1024.png	1024x1024 scalar gray	float_vs_double	max_abs	1	3			待按ARM对齐口径重测
553	Segmentation/LevelSets	LaplacianSegmentationLevelSetImageFilter	并行	hip_segmentation_benchmark / hip_segmentation_evolution_test	package_file:BrainProtonDensity1024.png	1024x1024 scalar gray	float_vs_double	max_abs	1	3			待按ARM对齐口径重测
554	Segmentation/LevelSets	NarrowBandCurvesLevelSetImageFilter	并行	hip_segmentation_benchmark / hip_segmentation_evolution_test	package_file:BrainProtonDensity1024.png	1024x1024 scalar gray	float_vs_double	max_abs	1	3			待按ARM对齐口径重测
555	Segmentation/LevelSets	NarrowBandLevelSetImageFilter	并行		package_file:BrainProtonDensity1024.png	1024x1024 scalar gray	float_vs_double	max_abs	1	3			待按ARM对齐口径重测
556	Segmentation/LevelSets	NarrowBandThresholdSegmentationLevelSetImageFilter	并行	hip_segmentation_benchmark / hip_segmentation_evolution_test	package_file:BrainProtonDensity1024.png	1024x1024 scalar gray	float_vs_double	max_abs	1	3			待按ARM对齐口径重测
557	Segmentation/LevelSets	ParallelSparseFieldLevelSetImageFilter	并行		package_file:BrainProtonDensity1024.png	1024x1024 scalar gray	float_vs_double	max_abs	1	3			待按ARM对齐口径重测
558	Segmentation/LevelSets	ReinitializeLevelSetImageFilter	并行	hip_segmentation_benchmark / hip_segmentation_evolution_test	package_file:BrainProtonDensity1024.png	1024x1024 scalar gray	float_vs_double	max_abs	1	3			待按ARM对齐口径重测
559	Segmentation/LevelSets	SegmentationLevelSetImageFilter	并行		package_file:BrainProtonDensity1024.png	1024x1024 scalar gray	float_vs_double	max_abs	1	3			待按ARM对齐口径重测
560	Segmentation/LevelSets	ShapeDetectionLevelSetImageFilter	并行	hip_segmentation_benchmark / hip_segmentation_evolution_test	package_file:BrainProtonDensity1024.png	1024x1024 scalar gray	float_vs_double	max_abs	1	3			待按ARM对齐口径重测
561	Segmentation/LevelSets	ShapePriorSegmentationLevelSetImageFilter	并行		package_file:BrainProtonDensity1024.png	1024x1024 scalar gray	float_vs_double	max_abs	1	3			待按ARM对齐口径重测
562	Segmentation/LevelSets	SparseFieldFourthOrderLevelSetImageFilter	并行		package_file:BrainProtonDensity1024.png	1024x1024 scalar gray	float_vs_double	max_abs	1	3			待按ARM对齐口径重测
563	Segmentation/LevelSets	SparseFieldLevelSetImageFilter	并行		package_file:BrainProtonDensity1024.png	1024x1024 scalar gray	float_vs_double	max_abs	1	3			待按ARM对齐口径重测
564	Segmentation/LevelSets	ThresholdSegmentationLevelSetImageFilter	并行	hip_segmentation_benchmark / hip_segmentation_evolution_test	package_file:BrainProtonDensity1024.png	1024x1024 scalar gray	float_vs_double	max_abs	1	3			待按ARM对齐口径重测
565	Segmentation/LevelSets	UnsharpMaskLevelSetImageFilter	并行	hip_segmentation_benchmark / hip_segmentation_evolution_test	package_file:BrainProtonDensity1024.png	1024x1024 scalar gray	float_vs_double	max_abs	1	3			待按ARM对齐口径重测
566	Segmentation/LevelSets	VectorThresholdSegmentationLevelSetImageFilter	并行	hip_segmentation_benchmark / hip_segmentation_evolution_test	package_file:BrainProtonDensity1024.png	1024x1024 scalar gray	float_vs_double	max_abs	1	3			待按ARM对齐口径重测
567	Segmentation/LevelSetsv4	LevelSetDomainMapImageFilter	并行		package_file:BrainProtonDensity1024.png	1024x1024 scalar gray	float_vs_double	max_abs	1	3			待按ARM对齐口径重测
568	Segmentation/MarkovRandomFieldsClassifiers	MRFImageFilter	并行		package_file:BrainProtonDensity1024.png	1024x1024 scalar gray	float_vs_double	max_abs	1	3			待按ARM对齐口径重测
569	Segmentation/MarkovRandomFieldsClassifiers	RGBGibbsPriorFilter	并行		package_file:BrainProtonDensity1024.png	1024x1024 scalar gray	float_vs_double	max_abs	1	3			待按ARM对齐口径重测
570	Segmentation/RegionGrowing	ConfidenceConnectedImageFilter	串行		package_file:labels_u16.mha+binary_u8.mha	1024x1024 label/binary	float_vs_double	binary_or_label_consistency	1	3			待按ARM对齐口径重测
571	Segmentation/RegionGrowing	ConnectedThresholdImageFilter	串行		package_file:labels_u16.mha+binary_u8.mha	1024x1024 label/binary	float_vs_double	binary_or_label_consistency	1	3			待按ARM对齐口径重测
572	Segmentation/RegionGrowing	IsolatedConnectedImageFilter	串行		package_file:labels_u16.mha+binary_u8.mha	1024x1024 label/binary	float_vs_double	binary_or_label_consistency	1	3			待按ARM对齐口径重测
573	Segmentation/RegionGrowing	NeighborhoodConnectedImageFilter	串行		package_file:labels_u16.mha+binary_u8.mha	1024x1024 label/binary	float_vs_double	binary_or_label_consistency	1	3			待按ARM对齐口径重测
574	Segmentation/RegionGrowing	VectorConfidenceConnectedImageFilter	串行		package_file:labels_u16.mha+binary_u8.mha	1024x1024 label/binary	float_vs_double	binary_or_label_consistency	1	3			待按ARM对齐口径重测
575	Segmentation/SuperPixel	SLICImageFilter	并行		package_file:BrainProtonDensity1024.png	1024x1024 scalar gray	float_vs_double	max_abs	1	3			待按ARM对齐口径重测
576	Segmentation/Voronoi	VoronoiPartitioningImageFilter	并行		package_file:BrainProtonDensity1024.png	1024x1024 scalar gray	float_vs_double	max_abs	1	3			待按ARM对齐口径重测
577	Segmentation/Voronoi	VoronoiSegmentationImageFilter	并行		package_file:BrainProtonDensity1024.png	1024x1024 scalar gray	float_vs_double	max_abs	1	3			待按ARM对齐口径重测
578	Segmentation/Voronoi	VoronoiSegmentationImageFilterBase	并行		package_file:BrainProtonDensity1024.png	1024x1024 scalar gray	float_vs_double	max_abs	1	3			待按ARM对齐口径重测
579	Segmentation/Voronoi	VoronoiSegmentationRGBImageFilter	并行		package_file:BrainProtonDensity1024.png	1024x1024 scalar gray	float_vs_double	max_abs	1	3			待按ARM对齐口径重测
580	Segmentation/Watersheds	IsolatedWatershedImageFilter	并行		package_file:BrainProtonDensity1024.png	1024x1024 scalar gray	float_vs_double	max_abs	1	3			待按ARM对齐口径重测
581	Segmentation/Watersheds	MorphologicalWatershedFromMarkersImageFilter	并行		package_file:BrainProtonDensity1024.png	1024x1024 scalar gray	float_vs_double	max_abs	1	3			待按ARM对齐口径重测
582	Segmentation/Watersheds	MorphologicalWatershedImageFilter	并行		package_file:BrainProtonDensity1024.png	1024x1024 scalar gray	float_vs_double	max_abs	1	3			待按ARM对齐口径重测
583	Segmentation/Watersheds	TobogganImageFilter	并行		package_file:BrainProtonDensity1024.png	1024x1024 scalar gray	float_vs_double	max_abs	1	3			待按ARM对齐口径重测
584	Segmentation/Watersheds	WatershedImageFilter	并行		package_file:BrainProtonDensity1024.png	1024x1024 scalar gray	float_vs_double	max_abs	1	3			待按ARM对齐口径重测
