id	module	function	parallel	suggested_executable	script_status	test_method	data_source	size_or_parameter_policy	current_evidence	check_conclusion	classification
1	Filtering/AnisotropicSmoothing	AnisotropicDiffusionImageFilter	并行			按对应 ITK/DCU 模块入口执行；抽象基类或框架接口按代表性派生类覆盖。	按对应模块测试程序内部确定性生成；必要时使用根目录 data/ 中的同类型数据。	按对应模块默认尺寸和参数；禁止跨函数强行使用同一输入。	完成	完成	已完成（既有严格审计目标）
2	Filtering/AnisotropicSmoothing	CurvatureAnisotropicDiffusionImageFilter	并行	hip_anisotropic_smoothing_benchmark / hip_anisotropic_smoothing_test	有：G-L完整	固定2D合成图像；CPU参考与Hip/DCU分别运行，比较误差并记录端到端墙钟	程序内部确定性生成2D标量图像；不是官方ITK图像文件	以对应模块程序内置尺寸和参数为准	完成	完成	已完成（既有严格审计目标）
3	Filtering/AnisotropicSmoothing	GradientAnisotropicDiffusionImageFilter	并行	hip_anisotropic_smoothing_benchmark / hip_anisotropic_smoothing_test	有：G-L完整	固定2D合成图像；CPU参考与Hip/DCU分别运行，比较误差并记录端到端墙钟	程序内部确定性生成2D标量图像；不是官方ITK图像文件	以对应模块程序内置尺寸和参数为准	完成	完成	已完成（既有严格审计目标）
4	Filtering/AnisotropicSmoothing	VectorCurvatureAnisotropicDiffusionImageFilter	并行			按对应 ITK/DCU 模块入口执行；抽象基类或框架接口按代表性派生类覆盖。	按对应模块测试程序内部确定性生成；必要时使用根目录 data/ 中的同类型数据。	按对应模块默认尺寸和参数；禁止跨函数强行使用同一输入。	完成	完成	已完成（既有严格审计目标）
5	Filtering/AnisotropicSmoothing	VectorGradientAnisotropicDiffusionImageFilter	并行			按对应 ITK/DCU 模块入口执行；抽象基类或框架接口按代表性派生类覆盖。	按对应模块测试程序内部确定性生成；必要时使用根目录 data/ 中的同类型数据。	按对应模块默认尺寸和参数；禁止跨函数强行使用同一输入。	完成	完成	已完成（既有严格审计目标）
6	Filtering/AntiAlias	AntiAliasBinaryImageFilter	并行	hip_antialias_benchmark / hip_antialias_test	有：G-L完整	固定2D合成图像；CPU参考与Hip/DCU分别运行，比较误差并记录端到端墙钟	程序内部确定性生成2D标量图像；不是官方ITK图像文件	以对应模块程序内置尺寸和参数为准	完成	完成	已完成（既有严格审计目标）
7	Filtering/BiasCorrection	MRIBiasFieldCorrectionFilter	并行	hip_misc_benchmark / hip_misc3_benchmark	有：G-L部分	固定2D合成图像；CPU参考与Hip/DCU分别运行，比较误差并记录端到端墙钟	程序内部确定性生成2D标量图像；不是官方ITK图像文件	以对应模块程序内置尺寸和参数为准	完成	未完成验收	仅共享后端/静态计算类型证据，未逐项运行验收
8	Filtering/BiasCorrection	N4BiasFieldCorrectionImageFilter	并行	hip_misc_benchmark / hip_misc3_benchmark	有：G-L完整	固定2D合成图像；CPU参考与Hip/DCU分别运行，比较误差并记录端到端墙钟	程序内部确定性生成2D标量图像；不是官方ITK图像文件	以对应模块程序内置尺寸和参数为准	完成	完成	已完成（既有严格审计目标）
9	Filtering/BinaryMathematicalMorphology	BinaryClosingByReconstructionImageFilter	串行			按对应 ITK/DCU 模块入口执行；抽象基类或框架接口按代表性派生类覆盖。	按对应模块测试程序内部确定性生成；必要时使用根目录 data/ 中的同类型数据。	按对应模块默认尺寸和参数；禁止跨函数强行使用同一输入。	完成	完成	已完成（既有严格审计目标）
10	Filtering/BinaryMathematicalMorphology	BinaryDilateImageFilter	并行	hip_mathematical_morphology_benchmark / hip_binary_reconstruction_benchmark	有：G-L完整	固定标量、二值或标签2D输入；比较一致性、拓扑和端到端墙钟	程序内部确定性生成标量、二值或标签图像；不是官方图像文件	以对应模块程序内置尺寸和参数为准	完成	完成	已完成（既有严格审计目标）
11	Filtering/BinaryMathematicalMorphology	BinaryErodeImageFilter	并行	hip_mathematical_morphology_benchmark / hip_binary_reconstruction_benchmark	有：G-L完整	固定标量、二值或标签2D输入；比较一致性、拓扑和端到端墙钟	程序内部确定性生成标量、二值或标签图像；不是官方图像文件	以对应模块程序内置尺寸和参数为准	完成	完成	已完成（既有严格审计目标）
12	Filtering/BinaryMathematicalMorphology	BinaryMorphologicalClosingImageFilter	并行	hip_mathematical_morphology_benchmark / hip_binary_reconstruction_benchmark	有：G-L完整	固定标量、二值或标签2D输入；比较一致性、拓扑和端到端墙钟	程序内部确定性生成标量、二值或标签图像；不是官方图像文件	以对应模块程序内置尺寸和参数为准	完成	完成	已完成（既有严格审计目标）
13	Filtering/BinaryMathematicalMorphology	BinaryMorphologicalOpeningImageFilter	并行	hip_mathematical_morphology_benchmark / hip_binary_reconstruction_benchmark	有：G-L完整	固定标量、二值或标签2D输入；比较一致性、拓扑和端到端墙钟	程序内部确定性生成标量、二值或标签图像；不是官方图像文件	以对应模块程序内置尺寸和参数为准	完成	完成	已完成（既有严格审计目标）
14	Filtering/BinaryMathematicalMorphology	BinaryMorphologyImageFilter	并行			按对应 ITK/DCU 模块入口执行；抽象基类或框架接口按代表性派生类覆盖。	按对应模块测试程序内部确定性生成；必要时使用根目录 data/ 中的同类型数据。	按对应模块默认尺寸和参数；禁止跨函数强行使用同一输入。	完成	完成	已完成（既有严格审计目标）
15	Filtering/BinaryMathematicalMorphology	BinaryOpeningByReconstructionImageFilter	串行			按对应 ITK/DCU 模块入口执行；抽象基类或框架接口按代表性派生类覆盖。	按对应模块测试程序内部确定性生成；必要时使用根目录 data/ 中的同类型数据。	按对应模块默认尺寸和参数；禁止跨函数强行使用同一输入。	完成	完成	已完成（既有严格审计目标）
16	Filtering/BinaryMathematicalMorphology	BinaryPruningImageFilter	串行			按对应 ITK/DCU 模块入口执行；抽象基类或框架接口按代表性派生类覆盖。	按对应模块测试程序内部确定性生成；必要时使用根目录 data/ 中的同类型数据。	按对应模块默认尺寸和参数；禁止跨函数强行使用同一输入。	完成	未完成验收	已有同名HIP实现，未逐项运行验收
17	Filtering/BinaryMathematicalMorphology	BinaryThinningImageFilter	串行			按对应 ITK/DCU 模块入口执行；抽象基类或框架接口按代表性派生类覆盖。	按对应模块测试程序内部确定性生成；必要时使用根目录 data/ 中的同类型数据。	按对应模块默认尺寸和参数；禁止跨函数强行使用同一输入。	完成	未完成验收	已有同名HIP实现，未逐项运行验收
18	Filtering/BinaryMathematicalMorphology	DilateObjectMorphologyImageFilter	并行	hip_mathematical_morphology_benchmark / hip_binary_reconstruction_benchmark	有：G-L完整	固定标量、二值或标签2D输入；比较一致性、拓扑和端到端墙钟	程序内部确定性生成标量、二值或标签图像；不是官方图像文件	以对应模块程序内置尺寸和参数为准	完成	完成	已完成（既有严格审计目标）
19	Filtering/BinaryMathematicalMorphology	ErodeObjectMorphologyImageFilter	并行	hip_mathematical_morphology_benchmark / hip_binary_reconstruction_benchmark	有：G-L完整	固定标量、二值或标签2D输入；比较一致性、拓扑和端到端墙钟	程序内部确定性生成标量、二值或标签图像；不是官方图像文件	以对应模块程序内置尺寸和参数为准	完成	完成	已完成（既有严格审计目标）
20	Filtering/BinaryMathematicalMorphology	FastIncrementalBinaryDilateImageFilter	并行	hip_mathematical_morphology_benchmark / hip_binary_reconstruction_benchmark	有：G-L完整	固定标量、二值或标签2D输入；比较一致性、拓扑和端到端墙钟	程序内部确定性生成标量、二值或标签图像；不是官方图像文件	以对应模块程序内置尺寸和参数为准	完成	完成	已完成（既有严格审计目标）
21	Filtering/BinaryMathematicalMorphology	ObjectMorphologyImageFilter	并行			按对应 ITK/DCU 模块入口执行；抽象基类或框架接口按代表性派生类覆盖。	按对应模块测试程序内部确定性生成；必要时使用根目录 data/ 中的同类型数据。	按对应模块默认尺寸和参数；禁止跨函数强行使用同一输入。	完成	完成	已完成（既有严格审计目标）
22	Filtering/Colormap	ScalarToRGBColormapImageFilter	并行			按对应 ITK/DCU 模块入口执行；抽象基类或框架接口按代表性派生类覆盖。	按对应模块测试程序内部确定性生成；必要时使用根目录 data/ 中的同类型数据。	按对应模块默认尺寸和参数；禁止跨函数强行使用同一输入。	完成	完成	已完成（既有严格审计目标）
23	Filtering/Convolution	ConvolutionImageFilter	并行	hip_convolution_benchmark	有：G-L完整	固定2D合成图像；CPU参考与Hip/DCU分别运行，比较误差并记录端到端墙钟	程序内部确定性生成2D标量图像；不是官方ITK图像文件	默认64x64，可由程序参数调整	完成	完成	已完成（既有严格审计目标）
24	Filtering/Convolution	ConvolutionImageFilterBase	并行			按对应 ITK/DCU 模块入口执行；抽象基类或框架接口按代表性派生类覆盖。	按对应模块测试程序内部确定性生成；必要时使用根目录 data/ 中的同类型数据。	按对应模块默认尺寸和参数；禁止跨函数强行使用同一输入。	完成	未完成验收	仅共享后端/静态计算类型证据，未逐项运行验收
25	Filtering/Convolution	FFTConvolutionImageFilter	并行	hip_convolution_benchmark	有：G-L完整	固定2D合成图像；CPU参考与Hip/DCU分别运行，比较误差并记录端到端墙钟	程序内部确定性生成2D标量图像；不是官方ITK图像文件	默认64x64，可由程序参数调整	完成	完成	已完成（既有严格审计目标）
26	Filtering/Convolution	FFTNormalizedCorrelationImageFilter	并行	hip_convolution_benchmark	有：G-L完整	固定2D合成图像；CPU参考与Hip/DCU分别运行，比较误差并记录端到端墙钟	程序内部确定性生成2D标量图像；不是官方ITK图像文件	默认64x64，可由程序参数调整	完成	完成	已完成（既有严格审计目标）
27	Filtering/Convolution	MaskedFFTNormalizedCorrelationImageFilter	并行	hip_convolution_benchmark	有：G-L完整	固定2D合成图像；CPU参考与Hip/DCU分别运行，比较误差并记录端到端墙钟	程序内部确定性生成2D标量图像；不是官方ITK图像文件	默认64x64，可由程序参数调整	完成	完成	已完成（既有严格审计目标）
28	Filtering/Convolution	NormalizedCorrelationImageFilter	并行	hip_convolution_benchmark	有：G-L完整	固定2D合成图像；CPU参考与Hip/DCU分别运行，比较误差并记录端到端墙钟	程序内部确定性生成2D标量图像；不是官方ITK图像文件	默认64x64，可由程序参数调整	完成	完成	已完成（既有严格审计目标）
29	Filtering/CurvatureFlow	BinaryMinMaxCurvatureFlowImageFilter	并行	hip_curvature_flow_benchmark / hip_smoothing_extra_benchmark	有：G-L完整	固定2D合成图像；CPU参考与Hip/DCU分别运行，比较误差并记录端到端墙钟	程序内部确定性生成2D标量图像；不是官方ITK图像文件	以对应模块程序内置尺寸和参数为准	完成	完成	已完成（既有严格审计目标）
30	Filtering/CurvatureFlow	CurvatureFlowImageFilter	并行	hip_curvature_flow_benchmark / hip_smoothing_extra_benchmark	有：G-L完整	固定2D合成图像；CPU参考与Hip/DCU分别运行，比较误差并记录端到端墙钟	程序内部确定性生成2D标量图像；不是官方ITK图像文件	以对应模块程序内置尺寸和参数为准	完成	完成	已完成（既有严格审计目标）
31	Filtering/CurvatureFlow	MinMaxCurvatureFlowImageFilter	并行	hip_curvature_flow_benchmark / hip_smoothing_extra_benchmark	有：G-L完整	固定2D合成图像；CPU参考与Hip/DCU分别运行，比较误差并记录端到端墙钟	程序内部确定性生成2D标量图像；不是官方ITK图像文件	以对应模块程序内置尺寸和参数为准	完成	完成	已完成（既有严格审计目标）
32	Filtering/Deconvolution	InverseDeconvolutionImageFilter	并行	hip_deconvolution_benchmark	有：G-L完整	固定2D合成图像；CPU参考与Hip/DCU分别运行，比较误差并记录端到端墙钟	程序内部确定性生成2D标量图像；不是官方ITK图像文件	以对应模块程序内置尺寸和参数为准	完成	完成	已完成（既有严格审计目标）
33	Filtering/Deconvolution	IterativeDeconvolutionImageFilter	并行			按对应 ITK/DCU 模块入口执行；抽象基类或框架接口按代表性派生类覆盖。	按对应模块测试程序内部确定性生成；必要时使用根目录 data/ 中的同类型数据。	按对应模块默认尺寸和参数；禁止跨函数强行使用同一输入。	完成	完成	已完成（既有严格审计目标）
34	Filtering/Deconvolution	LandweberDeconvolutionImageFilter	并行	hip_deconvolution_benchmark	有：G-L完整	固定2D合成图像；CPU参考与Hip/DCU分别运行，比较误差并记录端到端墙钟	程序内部确定性生成2D标量图像；不是官方ITK图像文件	以对应模块程序内置尺寸和参数为准	完成	完成	已完成（既有严格审计目标）
35	Filtering/Deconvolution	ParametricBlindLeastSquaresDeconvolutionImageFilter	并行	hip_deconvolution_benchmark	有：G-L完整	固定2D合成图像；CPU参考与Hip/DCU分别运行，比较误差并记录端到端墙钟	程序内部确定性生成2D标量图像；不是官方ITK图像文件	以对应模块程序内置尺寸和参数为准	完成	完成	已完成（既有严格审计目标）
36	Filtering/Deconvolution	ProjectedIterativeDeconvolutionImageFilter	并行	hip_deconvolution_benchmark	有：G-L完整	固定2D合成图像；CPU参考与Hip/DCU分别运行，比较误差并记录端到端墙钟	程序内部确定性生成2D标量图像；不是官方ITK图像文件	以对应模块程序内置尺寸和参数为准	完成	完成	已完成（既有严格审计目标）
37	Filtering/Deconvolution	ProjectedLandweberDeconvolutionImageFilter	并行	hip_deconvolution_benchmark	有：G-L完整	固定2D合成图像；CPU参考与Hip/DCU分别运行，比较误差并记录端到端墙钟	程序内部确定性生成2D标量图像；不是官方ITK图像文件	以对应模块程序内置尺寸和参数为准	完成	完成	已完成（既有严格审计目标）
38	Filtering/Deconvolution	RichardsonLucyDeconvolutionImageFilter	并行	hip_deconvolution_benchmark	有：G-L完整	固定2D合成图像；CPU参考与Hip/DCU分别运行，比较误差并记录端到端墙钟	程序内部确定性生成2D标量图像；不是官方ITK图像文件	以对应模块程序内置尺寸和参数为准	完成	完成	已完成（既有严格审计目标）
39	Filtering/Deconvolution	TikhonovDeconvolutionImageFilter	并行	hip_deconvolution_benchmark	有：G-L完整	固定2D合成图像；CPU参考与Hip/DCU分别运行，比较误差并记录端到端墙钟	程序内部确定性生成2D标量图像；不是官方ITK图像文件	以对应模块程序内置尺寸和参数为准	完成	完成	已完成（既有严格审计目标）
40	Filtering/Deconvolution	WienerDeconvolutionImageFilter	并行	hip_deconvolution_benchmark	有：G-L完整	固定2D合成图像；CPU参考与Hip/DCU分别运行，比较误差并记录端到端墙钟	程序内部确定性生成2D标量图像；不是官方ITK图像文件	以对应模块程序内置尺寸和参数为准	完成	完成	已完成（既有严格审计目标）
41	Filtering/Denoising	PatchBasedDenoisingBaseImageFilter	并行			按对应 ITK/DCU 模块入口执行；抽象基类或框架接口按代表性派生类覆盖。	按对应模块测试程序内部确定性生成；必要时使用根目录 data/ 中的同类型数据。	按对应模块默认尺寸和参数；禁止跨函数强行使用同一输入。	完成	未完成验收	仅共享后端/静态计算类型证据，未逐项运行验收
42	Filtering/Denoising	PatchBasedDenoisingImageFilter	并行	hip_denoising_benchmark	有：G-L完整	固定2D合成图像；CPU参考与Hip/DCU分别运行，比较误差并记录端到端墙钟	程序内部确定性生成2D标量图像；不是官方ITK图像文件	以对应模块程序内置尺寸和参数为准	完成	完成	已完成（既有严格审计目标）
43	Filtering/DiffusionTensorImage	DiffusionTensor3DReconstructionImageFilter	并行			按对应 ITK/DCU 模块入口执行；抽象基类或框架接口按代表性派生类覆盖。	按对应模块测试程序内部确定性生成；必要时使用根目录 data/ 中的同类型数据。	按对应模块默认尺寸和参数；禁止跨函数强行使用同一输入。	完成	完成	已完成（既有严格审计目标）
44	Filtering/DiffusionTensorImage	TensorFractionalAnisotropyImageFilter	并行	hip_diffusion_tensor_image_benchmark	有：G-L完整	固定2D合成图像；CPU参考与Hip/DCU分别运行，比较误差并记录端到端墙钟	程序内部确定性生成2D标量图像；不是官方ITK图像文件	以对应模块程序内置尺寸和参数为准	完成	完成	已完成（既有严格审计目标）
45	Filtering/DiffusionTensorImage	TensorRelativeAnisotropyImageFilter	并行	hip_diffusion_tensor_image_benchmark	有：G-L完整	固定2D合成图像；CPU参考与Hip/DCU分别运行，比较误差并记录端到端墙钟	程序内部确定性生成2D标量图像；不是官方ITK图像文件	以对应模块程序内置尺寸和参数为准	完成	完成	已完成（既有严格审计目标）
46	Filtering/DisplacementField	ComposeDisplacementFieldsImageFilter	并行			按对应 ITK/DCU 模块入口执行；抽象基类或框架接口按代表性派生类覆盖。	按对应模块测试程序内部确定性生成；必要时使用根目录 data/ 中的同类型数据。	按对应模块默认尺寸和参数；禁止跨函数强行使用同一输入。	完成	完成	已完成（既有严格审计目标）
47	Filtering/DisplacementField	DisplacementFieldJacobianDeterminantFilter	并行	hip_displacement_field_benchmark	有：G-L完整	固定2D合成图像；CPU参考与Hip/DCU分别运行，比较误差并记录端到端墙钟	程序内部确定性生成2D标量图像；不是官方ITK图像文件	以对应模块程序内置尺寸和参数为准	完成	完成	已完成（既有严格审计目标）
48	Filtering/DisplacementField	DisplacementFieldToBSplineImageFilter	并行			按对应 ITK/DCU 模块入口执行；抽象基类或框架接口按代表性派生类覆盖。	按对应模块测试程序内部确定性生成；必要时使用根目录 data/ 中的同类型数据。	按对应模块默认尺寸和参数；禁止跨函数强行使用同一输入。	完成	完成	已完成（既有严格审计目标）
49	Filtering/DisplacementField	ExponentialDisplacementFieldImageFilter	并行			按对应 ITK/DCU 模块入口执行；抽象基类或框架接口按代表性派生类覆盖。	按对应模块测试程序内部确定性生成；必要时使用根目录 data/ 中的同类型数据。	按对应模块默认尺寸和参数；禁止跨函数强行使用同一输入。	完成	完成	已完成（既有严格审计目标）
50	Filtering/DisplacementField	InverseDisplacementFieldImageFilter	并行			按对应 ITK/DCU 模块入口执行；抽象基类或框架接口按代表性派生类覆盖。	按对应模块测试程序内部确定性生成；必要时使用根目录 data/ 中的同类型数据。	按对应模块默认尺寸和参数；禁止跨函数强行使用同一输入。	完成	完成	已完成（既有严格审计目标）
51	Filtering/DisplacementField	InvertDisplacementFieldImageFilter	并行			按对应 ITK/DCU 模块入口执行；抽象基类或框架接口按代表性派生类覆盖。	按对应模块测试程序内部确定性生成；必要时使用根目录 data/ 中的同类型数据。	按对应模块默认尺寸和参数；禁止跨函数强行使用同一输入。	完成	完成	已完成（既有严格审计目标）
52	Filtering/DisplacementField	IterativeInverseDisplacementFieldImageFilter	并行			按对应 ITK/DCU 模块入口执行；抽象基类或框架接口按代表性派生类覆盖。	按对应模块测试程序内部确定性生成；必要时使用根目录 data/ 中的同类型数据。	按对应模块默认尺寸和参数；禁止跨函数强行使用同一输入。	完成	完成	已完成（既有严格审计目标）
53	Filtering/DisplacementField	TimeVaryingVelocityFieldIntegrationImageFilter	并行			按对应 ITK/DCU 模块入口执行；抽象基类或框架接口按代表性派生类覆盖。	按对应模块测试程序内部确定性生成；必要时使用根目录 data/ 中的同类型数据。	按对应模块默认尺寸和参数；禁止跨函数强行使用同一输入。	完成	完成	已完成（既有严格审计目标）
54	Filtering/DisplacementField	TransformToDisplacementFieldFilter	并行			按对应 ITK/DCU 模块入口执行；抽象基类或框架接口按代表性派生类覆盖。	按对应模块测试程序内部确定性生成；必要时使用根目录 data/ 中的同类型数据。	按对应模块默认尺寸和参数；禁止跨函数强行使用同一输入。	完成	完成	已完成（既有严格审计目标）
55	Filtering/DistanceMap	ApproximateSignedDistanceMapImageFilter	并行	hip_distance_map_benchmark	有：G-L完整	固定2D合成图像；CPU参考与Hip/DCU分别运行，比较误差并记录端到端墙钟	程序内部确定性生成2D标量图像；不是官方ITK图像文件	默认128x128，可由程序参数调整	完成	完成	已完成（既有严格审计目标）
56	Filtering/DistanceMap	ContourDirectedMeanDistanceImageFilter	并行			按对应 ITK/DCU 模块入口执行；抽象基类或框架接口按代表性派生类覆盖。	按对应模块测试程序内部确定性生成；必要时使用根目录 data/ 中的同类型数据。	按对应模块默认尺寸和参数；禁止跨函数强行使用同一输入。	完成	完成	已完成（既有严格审计目标）
57	Filtering/DistanceMap	ContourMeanDistanceImageFilter	并行			按对应 ITK/DCU 模块入口执行；抽象基类或框架接口按代表性派生类覆盖。	按对应模块测试程序内部确定性生成；必要时使用根目录 data/ 中的同类型数据。	按对应模块默认尺寸和参数；禁止跨函数强行使用同一输入。	完成	完成	已完成（既有严格审计目标）
58	Filtering/DistanceMap	DanielssonDistanceMapImageFilter	并行	hip_distance_map_benchmark	有：G-L完整	固定2D合成图像；CPU参考与Hip/DCU分别运行，比较误差并记录端到端墙钟	程序内部确定性生成2D标量图像；不是官方ITK图像文件	默认128x128，可由程序参数调整	完成	未完成验收	已有同名HIP实现，未逐项运行验收
59	Filtering/DistanceMap	DirectedHausdorffDistanceImageFilter	并行			按对应 ITK/DCU 模块入口执行；抽象基类或框架接口按代表性派生类覆盖。	按对应模块测试程序内部确定性生成；必要时使用根目录 data/ 中的同类型数据。	按对应模块默认尺寸和参数；禁止跨函数强行使用同一输入。	完成	完成	已完成（既有严格审计目标）
60	Filtering/DistanceMap	FastChamferDistanceImageFilter	并行	hip_distance_map_benchmark	有：G-L完整	固定2D合成图像；CPU参考与Hip/DCU分别运行，比较误差并记录端到端墙钟	程序内部确定性生成2D标量图像；不是官方ITK图像文件	默认128x128，可由程序参数调整	完成	未完成验收	已有同名HIP实现，未逐项运行验收
61	Filtering/DistanceMap	HausdorffDistanceImageFilter	并行			按对应 ITK/DCU 模块入口执行；抽象基类或框架接口按代表性派生类覆盖。	按对应模块测试程序内部确定性生成；必要时使用根目录 data/ 中的同类型数据。	按对应模块默认尺寸和参数；禁止跨函数强行使用同一输入。	完成	完成	已完成（既有严格审计目标）
62	Filtering/DistanceMap	IsoContourDistanceImageFilter	并行	hip_distance_map_benchmark	有：G-L完整	固定2D合成图像；CPU参考与Hip/DCU分别运行，比较误差并记录端到端墙钟	程序内部确定性生成2D标量图像；不是官方ITK图像文件	默认128x128，可由程序参数调整	完成	完成	已完成（既有严格审计目标）
63	Filtering/DistanceMap	SignedDanielssonDistanceMapImageFilter	并行	hip_distance_map_benchmark	有：G-L完整	固定2D合成图像；CPU参考与Hip/DCU分别运行，比较误差并记录端到端墙钟	程序内部确定性生成2D标量图像；不是官方ITK图像文件	默认128x128，可由程序参数调整	完成	完成	已完成（既有严格审计目标）
64	Filtering/DistanceMap	SignedMaurerDistanceMapImageFilter	并行	hip_distance_map_benchmark	有：G-L完整	固定2D合成图像；CPU参考与Hip/DCU分别运行，比较误差并记录端到端墙钟	程序内部确定性生成2D标量图像；不是官方ITK图像文件	默认128x128，可由程序参数调整	完成	完成	已完成（既有严格审计目标）
65	Filtering/FFT	ComplexToComplex1DFFTImageFilter	并行			按对应 ITK/DCU 模块入口执行；抽象基类或框架接口按代表性派生类覆盖。	按对应模块测试程序内部确定性生成；必要时使用根目录 data/ 中的同类型数据。	按对应模块默认尺寸和参数；禁止跨函数强行使用同一输入。	完成	未完成验收	已有同名HIP实现，未逐项运行验收
66	Filtering/FFT	ComplexToComplexFFTImageFilter	并行			按对应 ITK/DCU 模块入口执行；抽象基类或框架接口按代表性派生类覆盖。	按对应模块测试程序内部确定性生成；必要时使用根目录 data/ 中的同类型数据。	按对应模块默认尺寸和参数；禁止跨函数强行使用同一输入。	完成	未完成验收	已有同名HIP实现，未逐项运行验收
67	Filtering/FFT	FFTPadImageFilter	并行	hip_fft_benchmark	有：G-L完整	固定实数/复数2D输入；比较复数分量、频谱或逆变换残差和端到端墙钟	程序内部确定性标量/复数图像；不是官方图像文件	默认128x128，可由程序参数调整	完成	完成	已完成（既有严格审计目标）
68	Filtering/FFT	FFTShiftImageFilter	并行	hip_fft_benchmark	有：G-L完整	固定实数/复数2D输入；比较复数分量、频谱或逆变换残差和端到端墙钟	程序内部确定性标量/复数图像；不是官方图像文件	默认128x128，可由程序参数调整	完成	完成	已完成（既有严格审计目标）
69	Filtering/FFT	FFTWComplexToComplex1DFFTImageFilter	并行			按对应 ITK/DCU 模块入口执行；抽象基类或框架接口按代表性派生类覆盖。	按对应模块测试程序内部确定性生成；必要时使用根目录 data/ 中的同类型数据。	按对应模块默认尺寸和参数；禁止跨函数强行使用同一输入。	完成	完成	已完成（既有严格审计目标）
70	Filtering/FFT	FFTWComplexToComplexFFTImageFilter	并行			按对应 ITK/DCU 模块入口执行；抽象基类或框架接口按代表性派生类覆盖。	按对应模块测试程序内部确定性生成；必要时使用根目录 data/ 中的同类型数据。	按对应模块默认尺寸和参数；禁止跨函数强行使用同一输入。	完成	完成	已完成（既有严格审计目标）
71	Filtering/FFT	FFTWForward1DFFTImageFilter	并行			按对应 ITK/DCU 模块入口执行；抽象基类或框架接口按代表性派生类覆盖。	按对应模块测试程序内部确定性生成；必要时使用根目录 data/ 中的同类型数据。	按对应模块默认尺寸和参数；禁止跨函数强行使用同一输入。	完成	完成	已完成（既有严格审计目标）
72	Filtering/FFT	FFTWForwardFFTImageFilter	并行			按对应 ITK/DCU 模块入口执行；抽象基类或框架接口按代表性派生类覆盖。	按对应模块测试程序内部确定性生成；必要时使用根目录 data/ 中的同类型数据。	按对应模块默认尺寸和参数；禁止跨函数强行使用同一输入。	完成	完成	已完成（既有严格审计目标）
73	Filtering/FFT	FFTWHalfHermitianToRealInverseFFTImageFilter	并行			按对应 ITK/DCU 模块入口执行；抽象基类或框架接口按代表性派生类覆盖。	按对应模块测试程序内部确定性生成；必要时使用根目录 data/ 中的同类型数据。	按对应模块默认尺寸和参数；禁止跨函数强行使用同一输入。	完成	完成	已完成（既有严格审计目标）
74	Filtering/FFT	FFTWInverse1DFFTImageFilter	并行			按对应 ITK/DCU 模块入口执行；抽象基类或框架接口按代表性派生类覆盖。	按对应模块测试程序内部确定性生成；必要时使用根目录 data/ 中的同类型数据。	按对应模块默认尺寸和参数；禁止跨函数强行使用同一输入。	完成	完成	已完成（既有严格审计目标）
75	Filtering/FFT	FFTWInverseFFTImageFilter	并行			按对应 ITK/DCU 模块入口执行；抽象基类或框架接口按代表性派生类覆盖。	按对应模块测试程序内部确定性生成；必要时使用根目录 data/ 中的同类型数据。	按对应模块默认尺寸和参数；禁止跨函数强行使用同一输入。	完成	完成	已完成（既有严格审计目标）
76	Filtering/FFT	FFTWRealToHalfHermitianForwardFFTImageFilter	并行			按对应 ITK/DCU 模块入口执行；抽象基类或框架接口按代表性派生类覆盖。	按对应模块测试程序内部确定性生成；必要时使用根目录 data/ 中的同类型数据。	按对应模块默认尺寸和参数；禁止跨函数强行使用同一输入。	完成	完成	已完成（既有严格审计目标）
77	Filtering/FFT	Forward1DFFTImageFilter	并行			按对应 ITK/DCU 模块入口执行；抽象基类或框架接口按代表性派生类覆盖。	按对应模块测试程序内部确定性生成；必要时使用根目录 data/ 中的同类型数据。	按对应模块默认尺寸和参数；禁止跨函数强行使用同一输入。	完成	未完成验收	已有同名HIP实现，未逐项运行验收
78	Filtering/FFT	ForwardFFTImageFilter	并行			按对应 ITK/DCU 模块入口执行；抽象基类或框架接口按代表性派生类覆盖。	按对应模块测试程序内部确定性生成；必要时使用根目录 data/ 中的同类型数据。	按对应模块默认尺寸和参数；禁止跨函数强行使用同一输入。	完成	未完成验收	仅共享后端/静态计算类型证据，未逐项运行验收
79	Filtering/FFT	FullToHalfHermitianImageFilter	并行			按对应 ITK/DCU 模块入口执行；抽象基类或框架接口按代表性派生类覆盖。	按对应模块测试程序内部确定性生成；必要时使用根目录 data/ 中的同类型数据。	按对应模块默认尺寸和参数；禁止跨函数强行使用同一输入。	完成	完成	已完成（既有严格审计目标）
80	Filtering/FFT	HalfHermitianToRealInverseFFTImageFilter	并行			按对应 ITK/DCU 模块入口执行；抽象基类或框架接口按代表性派生类覆盖。	按对应模块测试程序内部确定性生成；必要时使用根目录 data/ 中的同类型数据。	按对应模块默认尺寸和参数；禁止跨函数强行使用同一输入。	完成	未完成验收	已有同名HIP实现，未逐项运行验收
81	Filtering/FFT	HalfToFullHermitianImageFilter	并行			按对应 ITK/DCU 模块入口执行；抽象基类或框架接口按代表性派生类覆盖。	按对应模块测试程序内部确定性生成；必要时使用根目录 data/ 中的同类型数据。	按对应模块默认尺寸和参数；禁止跨函数强行使用同一输入。	完成	完成	已完成（既有严格审计目标）
82	Filtering/FFT	Inverse1DFFTImageFilter	并行			按对应 ITK/DCU 模块入口执行；抽象基类或框架接口按代表性派生类覆盖。	按对应模块测试程序内部确定性生成；必要时使用根目录 data/ 中的同类型数据。	按对应模块默认尺寸和参数；禁止跨函数强行使用同一输入。	完成	未完成验收	已有同名HIP实现，未逐项运行验收
83	Filtering/FFT	InverseFFTImageFilter	并行			按对应 ITK/DCU 模块入口执行；抽象基类或框架接口按代表性派生类覆盖。	按对应模块测试程序内部确定性生成；必要时使用根目录 data/ 中的同类型数据。	按对应模块默认尺寸和参数；禁止跨函数强行使用同一输入。	完成	未完成验收	已有同名HIP实现，未逐项运行验收
84	Filtering/FFT	RealToHalfHermitianForwardFFTImageFilter	并行			按对应 ITK/DCU 模块入口执行；抽象基类或框架接口按代表性派生类覆盖。	按对应模块测试程序内部确定性生成；必要时使用根目录 data/ 中的同类型数据。	按对应模块默认尺寸和参数；禁止跨函数强行使用同一输入。	完成	未完成验收	已有同名HIP实现，未逐项运行验收
85	Filtering/FFT	VnlComplexToComplex1DFFTImageFilter	并行	hip_fft_benchmark	有：G-L完整	固定实数/复数2D输入；比较复数分量、频谱或逆变换残差和端到端墙钟	程序内部确定性标量/复数图像；不是官方图像文件	默认128x128，可由程序参数调整	完成	完成	已完成（既有严格审计目标）
86	Filtering/FFT	VnlComplexToComplexFFTImageFilter	并行	hip_fft_benchmark	有：G-L完整	固定实数/复数2D输入；比较复数分量、频谱或逆变换残差和端到端墙钟	程序内部确定性标量/复数图像；不是官方图像文件	默认128x128，可由程序参数调整	完成	完成	已完成（既有严格审计目标）
87	Filtering/FFT	VnlForward1DFFTImageFilter	并行			按对应 ITK/DCU 模块入口执行；抽象基类或框架接口按代表性派生类覆盖。	按对应模块测试程序内部确定性生成；必要时使用根目录 data/ 中的同类型数据。	按对应模块默认尺寸和参数；禁止跨函数强行使用同一输入。	完成	完成	已完成（既有严格审计目标）
88	Filtering/FFT	VnlForwardFFTImageFilter	并行			按对应 ITK/DCU 模块入口执行；抽象基类或框架接口按代表性派生类覆盖。	按对应模块测试程序内部确定性生成；必要时使用根目录 data/ 中的同类型数据。	按对应模块默认尺寸和参数；禁止跨函数强行使用同一输入。	完成	未完成验收	仅共享后端/静态计算类型证据，未逐项运行验收
89	Filtering/FFT	VnlHalfHermitianToRealInverseFFTImageFilter	并行			按对应 ITK/DCU 模块入口执行；抽象基类或框架接口按代表性派生类覆盖。	按对应模块测试程序内部确定性生成；必要时使用根目录 data/ 中的同类型数据。	按对应模块默认尺寸和参数；禁止跨函数强行使用同一输入。	完成	未完成验收	仅共享后端/静态计算类型证据，未逐项运行验收
90	Filtering/FFT	VnlInverse1DFFTImageFilter	并行			按对应 ITK/DCU 模块入口执行；抽象基类或框架接口按代表性派生类覆盖。	按对应模块测试程序内部确定性生成；必要时使用根目录 data/ 中的同类型数据。	按对应模块默认尺寸和参数；禁止跨函数强行使用同一输入。	完成	完成	已完成（既有严格审计目标）
91	Filtering/FFT	VnlInverseFFTImageFilter	并行			按对应 ITK/DCU 模块入口执行；抽象基类或框架接口按代表性派生类覆盖。	按对应模块测试程序内部确定性生成；必要时使用根目录 data/ 中的同类型数据。	按对应模块默认尺寸和参数；禁止跨函数强行使用同一输入。	完成	未完成验收	仅共享后端/静态计算类型证据，未逐项运行验收
92	Filtering/FFT	VnlRealToHalfHermitianForwardFFTImageFilter	并行			按对应 ITK/DCU 模块入口执行；抽象基类或框架接口按代表性派生类覆盖。	按对应模块测试程序内部确定性生成；必要时使用根目录 data/ 中的同类型数据。	按对应模块默认尺寸和参数；禁止跨函数强行使用同一输入。	完成	未完成验收	仅共享后端/静态计算类型证据，未逐项运行验收
93	Filtering/FastMarching	FastMarchingExtensionImageFilter	串行			按对应 ITK/DCU 模块入口执行；抽象基类或框架接口按代表性派生类覆盖。	按对应模块测试程序内部确定性生成；必要时使用根目录 data/ 中的同类型数据。	按对应模块默认尺寸和参数；禁止跨函数强行使用同一输入。	完成	未完成验收	仅共享后端/静态计算类型证据，未逐项运行验收
94	Filtering/FastMarching	FastMarchingExtensionImageFilterBase	并行			按对应 ITK/DCU 模块入口执行；抽象基类或框架接口按代表性派生类覆盖。	按对应模块测试程序内部确定性生成；必要时使用根目录 data/ 中的同类型数据。	按对应模块默认尺寸和参数；禁止跨函数强行使用同一输入。	完成	未完成验收	仅共享后端/静态计算类型证据，未逐项运行验收
95	Filtering/FastMarching	FastMarchingImageFilter	串行			按对应 ITK/DCU 模块入口执行；抽象基类或框架接口按代表性派生类覆盖。	按对应模块测试程序内部确定性生成；必要时使用根目录 data/ 中的同类型数据。	按对应模块默认尺寸和参数；禁止跨函数强行使用同一输入。	完成	未完成验收	仅共享后端/静态计算类型证据，未逐项运行验收
96	Filtering/FastMarching	FastMarchingImageFilterBase	并行			按对应 ITK/DCU 模块入口执行；抽象基类或框架接口按代表性派生类覆盖。	按对应模块测试程序内部确定性生成；必要时使用根目录 data/ 中的同类型数据。	按对应模块默认尺寸和参数；禁止跨函数强行使用同一输入。	完成	未完成验收	仅共享后端/静态计算类型证据，未逐项运行验收
97	Filtering/FastMarching	FastMarchingQuadEdgeMeshFilterBase	并行			按对应 ITK/DCU 模块入口执行；抽象基类或框架接口按代表性派生类覆盖。	按对应模块测试程序内部确定性生成；必要时使用根目录 data/ 中的同类型数据。	按对应模块默认尺寸和参数；禁止跨函数强行使用同一输入。	完成	未完成验收	仅共享后端/静态计算类型证据，未逐项运行验收
98	Filtering/FastMarching	FastMarchingUpwindGradientImageFilter	串行			按对应 ITK/DCU 模块入口执行；抽象基类或框架接口按代表性派生类覆盖。	按对应模块测试程序内部确定性生成；必要时使用根目录 data/ 中的同类型数据。	按对应模块默认尺寸和参数；禁止跨函数强行使用同一输入。	完成	未完成验收	已有同名HIP实现，未逐项运行验收
99	Filtering/FastMarching	FastMarchingUpwindGradientImageFilterBase	并行			按对应 ITK/DCU 模块入口执行；抽象基类或框架接口按代表性派生类覆盖。	按对应模块测试程序内部确定性生成；必要时使用根目录 data/ 中的同类型数据。	按对应模块默认尺寸和参数；禁止跨函数强行使用同一输入。	完成	未完成验收	仅共享后端/静态计算类型证据，未逐项运行验收
100	Filtering/GPUAnisotropicSmoothing	GPUAnisotropicDiffusionImageFilter	并行			按对应 ITK/DCU 模块入口执行；抽象基类或框架接口按代表性派生类覆盖。	按对应模块测试程序内部确定性生成；必要时使用根目录 data/ 中的同类型数据。	按对应模块默认尺寸和参数；禁止跨函数强行使用同一输入。	完成	未完成	未发现HIP迁移证据
101	Filtering/GPUAnisotropicSmoothing	GPUGradientAnisotropicDiffusionImageFilter	并行			按对应 ITK/DCU 模块入口执行；抽象基类或框架接口按代表性派生类覆盖。	按对应模块测试程序内部确定性生成；必要时使用根目录 data/ 中的同类型数据。	按对应模块默认尺寸和参数；禁止跨函数强行使用同一输入。	完成	未完成	未发现HIP迁移证据
102	Filtering/GPUImageFilterBase	GPUBoxImageFilter	并行			按对应 ITK/DCU 模块入口执行；抽象基类或框架接口按代表性派生类覆盖。	按对应模块测试程序内部确定性生成；必要时使用根目录 data/ 中的同类型数据。	按对应模块默认尺寸和参数；禁止跨函数强行使用同一输入。	完成	未完成	未发现HIP迁移证据
103	Filtering/GPUImageFilterBase	GPUCastImageFilter	并行			按对应 ITK/DCU 模块入口执行；抽象基类或框架接口按代表性派生类覆盖。	按对应模块测试程序内部确定性生成；必要时使用根目录 data/ 中的同类型数据。	按对应模块默认尺寸和参数；禁止跨函数强行使用同一输入。	完成	未完成	未发现HIP迁移证据
104	Filtering/GPUImageFilterBase	GPUNeighborhoodOperatorImageFilter	并行			按对应 ITK/DCU 模块入口执行；抽象基类或框架接口按代表性派生类覆盖。	按对应模块测试程序内部确定性生成；必要时使用根目录 data/ 中的同类型数据。	按对应模块默认尺寸和参数；禁止跨函数强行使用同一输入。	完成	未完成	未发现HIP迁移证据
105	Filtering/GPUSmoothing	GPUDiscreteGaussianImageFilter	并行			按对应 ITK/DCU 模块入口执行；抽象基类或框架接口按代表性派生类覆盖。	按对应模块测试程序内部确定性生成；必要时使用根目录 data/ 中的同类型数据。	按对应模块默认尺寸和参数；禁止跨函数强行使用同一输入。	完成	未完成	未发现HIP迁移证据
106	Filtering/GPUSmoothing	GPUMeanImageFilter	并行			按对应 ITK/DCU 模块入口执行；抽象基类或框架接口按代表性派生类覆盖。	按对应模块测试程序内部确定性生成；必要时使用根目录 data/ 中的同类型数据。	按对应模块默认尺寸和参数；禁止跨函数强行使用同一输入。	完成	未完成	未发现HIP迁移证据
107	Filtering/GPUThresholding	GPUBinaryThresholdImageFilter	并行			按对应 ITK/DCU 模块入口执行；抽象基类或框架接口按代表性派生类覆盖。	按对应模块测试程序内部确定性生成；必要时使用根目录 data/ 中的同类型数据。	按对应模块默认尺寸和参数；禁止跨函数强行使用同一输入。	完成	未完成	未发现HIP迁移证据
108	Filtering/ImageCompare	AbsoluteValueDifferenceImageFilter	并行	hip_image_compare_benchmark / hip_image_compare_test	有：G-L完整	固定2D合成图像；CPU参考与Hip/DCU分别运行，比较误差并记录端到端墙钟	程序内部确定性生成2D标量图像；不是官方ITK图像文件	以对应模块程序内置尺寸和参数为准	完成	完成	已完成（既有严格审计目标）
109	Filtering/ImageCompare	CheckerBoardImageFilter	并行	hip_image_compare_benchmark / hip_image_compare_test	有：G-L完整	固定2D合成图像；CPU参考与Hip/DCU分别运行，比较误差并记录端到端墙钟	程序内部确定性生成2D标量图像；不是官方ITK图像文件	以对应模块程序内置尺寸和参数为准	完成	完成	已完成（既有严格审计目标）
110	Filtering/ImageCompare	STAPLEImageFilter	并行			按对应 ITK/DCU 模块入口执行；抽象基类或框架接口按代表性派生类覆盖。	按对应模块测试程序内部确定性生成；必要时使用根目录 data/ 中的同类型数据。	按对应模块默认尺寸和参数；禁止跨函数强行使用同一输入。	完成	未完成验收	仅共享后端/静态计算类型证据，未逐项运行验收
111	Filtering/ImageCompare	SimilarityIndexImageFilter	并行			按对应 ITK/DCU 模块入口执行；抽象基类或框架接口按代表性派生类覆盖。	按对应模块测试程序内部确定性生成；必要时使用根目录 data/ 中的同类型数据。	按对应模块默认尺寸和参数；禁止跨函数强行使用同一输入。	完成	完成	已完成（既有严格审计目标）
112	Filtering/ImageCompare	SquaredDifferenceImageFilter	并行	hip_image_compare_benchmark / hip_image_compare_test	有：G-L完整	固定2D合成图像；CPU参考与Hip/DCU分别运行，比较误差并记录端到端墙钟	程序内部确定性生成2D标量图像；不是官方ITK图像文件	以对应模块程序内置尺寸和参数为准	完成	完成	已完成（既有严格审计目标）
113	Filtering/ImageCompose	ComposeImageFilter	并行			按对应 ITK/DCU 模块入口执行；抽象基类或框架接口按代表性派生类覆盖。	按对应模块测试程序内部确定性生成；必要时使用根目录 data/ 中的同类型数据。	按对应模块默认尺寸和参数；禁止跨函数强行使用同一输入。	完成	完成	已完成（既有严格审计目标）
114	Filtering/ImageCompose	JoinImageFilter	并行			按对应 ITK/DCU 模块入口执行；抽象基类或框架接口按代表性派生类覆盖。	按对应模块测试程序内部确定性生成；必要时使用根目录 data/ 中的同类型数据。	按对应模块默认尺寸和参数；禁止跨函数强行使用同一输入。	完成	完成	已完成（既有严格审计目标）
115	Filtering/ImageCompose	JoinSeriesImageFilter	并行			按对应 ITK/DCU 模块入口执行；抽象基类或框架接口按代表性派生类覆盖。	按对应模块测试程序内部确定性生成；必要时使用根目录 data/ 中的同类型数据。	按对应模块默认尺寸和参数；禁止跨函数强行使用同一输入。	完成	完成	已完成（既有严格审计目标）
116	Filtering/ImageFeature	BilateralImageFilter	并行	hip_image_feature_benchmark / hip_image_feature_correctness_test	有：G-L完整	固定2D合成图像；CPU参考与Hip/DCU分别运行，比较误差并记录端到端墙钟	程序内部确定性生成2D标量图像；不是官方ITK图像文件	以对应模块程序内置尺寸和参数为准	完成	完成	已完成（既有严格审计目标）
117	Filtering/ImageFeature	CannyEdgeDetectionImageFilter	并行	hip_image_feature_benchmark / hip_image_feature_correctness_test	有：G-L完整	固定2D合成图像；CPU参考与Hip/DCU分别运行，比较误差并记录端到端墙钟	程序内部确定性生成2D标量图像；不是官方ITK图像文件	以对应模块程序内置尺寸和参数为准	完成	完成	已完成（既有严格审计目标）
118	Filtering/ImageFeature	DerivativeImageFilter	并行	hip_image_feature_benchmark / hip_image_feature_correctness_test	有：G-L完整	固定2D合成图像；CPU参考与Hip/DCU分别运行，比较误差并记录端到端墙钟	程序内部确定性生成2D标量图像；不是官方ITK图像文件	以对应模块程序内置尺寸和参数为准	完成	完成	已完成（既有严格审计目标）
119	Filtering/ImageFeature	DiscreteGaussianDerivativeImageFilter	并行	hip_image_feature_benchmark / hip_image_feature_correctness_test	有：G-L完整	固定2D合成图像；CPU参考与Hip/DCU分别运行，比较误差并记录端到端墙钟	程序内部确定性生成2D标量图像；不是官方ITK图像文件	以对应模块程序内置尺寸和参数为准	完成	完成	已完成（既有严格审计目标）
120	Filtering/ImageFeature	GradientVectorFlowImageFilter	并行			按对应 ITK/DCU 模块入口执行；抽象基类或框架接口按代表性派生类覆盖。	按对应模块测试程序内部确定性生成；必要时使用根目录 data/ 中的同类型数据。	按对应模块默认尺寸和参数；禁止跨函数强行使用同一输入。	完成	完成	已完成（既有严格审计目标）
121	Filtering/ImageFeature	Hessian3DToVesselnessMeasureImageFilter	并行	hip_image_feature_benchmark / hip_image_feature_correctness_test	有：G-L完整	固定2D合成图像；CPU参考与Hip/DCU分别运行，比较误差并记录端到端墙钟	程序内部确定性生成2D标量图像；不是官方ITK图像文件	以对应模块程序内置尺寸和参数为准	完成	完成	已完成（既有严格审计目标）
122	Filtering/ImageFeature	HessianRecursiveGaussianImageFilter	并行			按对应 ITK/DCU 模块入口执行；抽象基类或框架接口按代表性派生类覆盖。	按对应模块测试程序内部确定性生成；必要时使用根目录 data/ 中的同类型数据。	按对应模块默认尺寸和参数；禁止跨函数强行使用同一输入。	完成	完成	已完成（既有严格审计目标）
123	Filtering/ImageFeature	HessianToObjectnessMeasureImageFilter	并行	hip_image_feature_benchmark / hip_image_feature_correctness_test	有：G-L完整	固定2D合成图像；CPU参考与Hip/DCU分别运行，比较误差并记录端到端墙钟	程序内部确定性生成2D标量图像；不是官方ITK图像文件	以对应模块程序内置尺寸和参数为准	完成	完成	已完成（既有严格审计目标）
124	Filtering/ImageFeature	HoughTransform2DCirclesImageFilter	并行			按对应 ITK/DCU 模块入口执行；抽象基类或框架接口按代表性派生类覆盖。	按对应模块测试程序内部确定性生成；必要时使用根目录 data/ 中的同类型数据。	按对应模块默认尺寸和参数；禁止跨函数强行使用同一输入。	完成	完成	已完成（既有严格审计目标）
125	Filtering/ImageFeature	HoughTransform2DLinesImageFilter	并行			按对应 ITK/DCU 模块入口执行；抽象基类或框架接口按代表性派生类覆盖。	按对应模块测试程序内部确定性生成；必要时使用根目录 data/ 中的同类型数据。	按对应模块默认尺寸和参数；禁止跨函数强行使用同一输入。	完成	完成	已完成（既有严格审计目标）
126	Filtering/ImageFeature	LaplacianImageFilter	并行	hip_image_feature_benchmark / hip_image_feature_correctness_test	有：G-L完整	固定2D合成图像；CPU参考与Hip/DCU分别运行，比较误差并记录端到端墙钟	程序内部确定性生成2D标量图像；不是官方ITK图像文件	以对应模块程序内置尺寸和参数为准	完成	完成	已完成（既有严格审计目标）
127	Filtering/ImageFeature	LaplacianRecursiveGaussianImageFilter	并行	hip_image_feature_benchmark / hip_image_feature_correctness_test	有：G-L完整	固定2D合成图像；CPU参考与Hip/DCU分别运行，比较误差并记录端到端墙钟	程序内部确定性生成2D标量图像；不是官方ITK图像文件	以对应模块程序内置尺寸和参数为准	完成	完成	已完成（既有严格审计目标）
128	Filtering/ImageFeature	LaplacianSharpeningImageFilter	并行	hip_image_feature_benchmark / hip_image_feature_correctness_test	有：G-L完整	固定2D合成图像；CPU参考与Hip/DCU分别运行，比较误差并记录端到端墙钟	程序内部确定性生成2D标量图像；不是官方ITK图像文件	以对应模块程序内置尺寸和参数为准	完成	完成	已完成（既有严格审计目标）
129	Filtering/ImageFeature	MaskFeaturePointSelectionFilter	并行			按对应 ITK/DCU 模块入口执行；抽象基类或框架接口按代表性派生类覆盖。	按对应模块测试程序内部确定性生成；必要时使用根目录 data/ 中的同类型数据。	按对应模块默认尺寸和参数；禁止跨函数强行使用同一输入。	完成	未完成验收	仅共享后端/静态计算类型证据，未逐项运行验收
130	Filtering/ImageFeature	MultiScaleHessianBasedMeasureImageFilter	并行	hip_image_feature_benchmark / hip_image_feature_correctness_test	有：G-L完整	固定2D合成图像；CPU参考与Hip/DCU分别运行，比较误差并记录端到端墙钟	程序内部确定性生成2D标量图像；不是官方ITK图像文件	以对应模块程序内置尺寸和参数为准	完成	完成	已完成（既有严格审计目标）
131	Filtering/ImageFeature	SimpleContourExtractorImageFilter	并行	hip_image_feature_benchmark / hip_image_feature_correctness_test	有：G-L完整	固定2D合成图像；CPU参考与Hip/DCU分别运行，比较误差并记录端到端墙钟	程序内部确定性生成2D标量图像；不是官方ITK图像文件	以对应模块程序内置尺寸和参数为准	完成	完成	已完成（既有严格审计目标）
132	Filtering/ImageFeature	SobelEdgeDetectionImageFilter	并行	hip_image_feature_benchmark / hip_image_feature_correctness_test	有：G-L完整	固定2D合成图像；CPU参考与Hip/DCU分别运行，比较误差并记录端到端墙钟	程序内部确定性生成2D标量图像；不是官方ITK图像文件	以对应模块程序内置尺寸和参数为准	完成	完成	已完成（既有严格审计目标）
133	Filtering/ImageFeature	UnsharpMaskImageFilter	并行	hip_image_feature_benchmark / hip_image_feature_correctness_test	有：G-L完整	固定2D合成图像；CPU参考与Hip/DCU分别运行，比较误差并记录端到端墙钟	程序内部确定性生成2D标量图像；不是官方ITK图像文件	以对应模块程序内置尺寸和参数为准	完成	完成	已完成（既有严格审计目标）
134	Filtering/ImageFeature	ZeroCrossingBasedEdgeDetectionImageFilter	并行	hip_image_feature_benchmark / hip_image_feature_correctness_test	有：G-L完整	固定2D合成图像；CPU参考与Hip/DCU分别运行，比较误差并记录端到端墙钟	程序内部确定性生成2D标量图像；不是官方ITK图像文件	以对应模块程序内置尺寸和参数为准	完成	完成	已完成（既有严格审计目标）
135	Filtering/ImageFeature	ZeroCrossingImageFilter	并行	hip_image_feature_benchmark / hip_image_feature_correctness_test	有：G-L完整	固定2D合成图像；CPU参考与Hip/DCU分别运行，比较误差并记录端到端墙钟	程序内部确定性生成2D标量图像；不是官方ITK图像文件	以对应模块程序内置尺寸和参数为准	完成	完成	已完成（既有严格审计目标）
136	Filtering/ImageFilterBase	BinaryFunctorImageFilter	并行			按对应 ITK/DCU 模块入口执行；抽象基类或框架接口按代表性派生类覆盖。	按对应模块测试程序内部确定性生成；必要时使用根目录 data/ 中的同类型数据。	按对应模块默认尺寸和参数；禁止跨函数强行使用同一输入。	完成	完成	已完成（既有严格审计目标）
137	Filtering/ImageFilterBase	BinaryGeneratorImageFilter	并行			按对应 ITK/DCU 模块入口执行；抽象基类或框架接口按代表性派生类覆盖。	按对应模块测试程序内部确定性生成；必要时使用根目录 data/ 中的同类型数据。	按对应模块默认尺寸和参数；禁止跨函数强行使用同一输入。	完成	完成	已完成（既有严格审计目标）
138	Filtering/ImageFilterBase	BoxImageFilter	并行			按对应 ITK/DCU 模块入口执行；抽象基类或框架接口按代表性派生类覆盖。	按对应模块测试程序内部确定性生成；必要时使用根目录 data/ 中的同类型数据。	按对应模块默认尺寸和参数；禁止跨函数强行使用同一输入。	完成	未完成验收	已有同名HIP实现，未逐项运行验收
139	Filtering/ImageFilterBase	CastImageFilter	并行	hip_image_intensity_benchmark / hip_misc_benchmark	有：G-L完整	固定2D合成图像；CPU参考与Hip/DCU分别运行，比较误差并记录端到端墙钟	程序内部确定性生成2D标量图像；不是官方ITK图像文件	以对应模块程序内置尺寸和参数为准	完成	完成	已完成（既有严格审计目标）
140	Filtering/ImageFilterBase	KernelImageFilter	并行			按对应 ITK/DCU 模块入口执行；抽象基类或框架接口按代表性派生类覆盖。	按对应模块测试程序内部确定性生成；必要时使用根目录 data/ 中的同类型数据。	按对应模块默认尺寸和参数；禁止跨函数强行使用同一输入。	完成	完成	已完成（既有严格审计目标）
141	Filtering/ImageFilterBase	MaskNeighborhoodOperatorImageFilter	并行			按对应 ITK/DCU 模块入口执行；抽象基类或框架接口按代表性派生类覆盖。	按对应模块测试程序内部确定性生成；必要时使用根目录 data/ 中的同类型数据。	按对应模块默认尺寸和参数；禁止跨函数强行使用同一输入。	完成	完成	已完成（既有严格审计目标）
142	Filtering/ImageFilterBase	MovingHistogramImageFilter	并行			按对应 ITK/DCU 模块入口执行；抽象基类或框架接口按代表性派生类覆盖。	按对应模块测试程序内部确定性生成；必要时使用根目录 data/ 中的同类型数据。	按对应模块默认尺寸和参数；禁止跨函数强行使用同一输入。	完成	完成	已完成（既有严格审计目标）
143	Filtering/ImageFilterBase	MovingHistogramImageFilterBase	并行			按对应 ITK/DCU 模块入口执行；抽象基类或框架接口按代表性派生类覆盖。	按对应模块测试程序内部确定性生成；必要时使用根目录 data/ 中的同类型数据。	按对应模块默认尺寸和参数；禁止跨函数强行使用同一输入。	完成	完成	已完成（既有严格审计目标）
144	Filtering/ImageFilterBase	NeighborhoodOperatorImageFilter	并行			按对应 ITK/DCU 模块入口执行；抽象基类或框架接口按代表性派生类覆盖。	按对应模块测试程序内部确定性生成；必要时使用根目录 data/ 中的同类型数据。	按对应模块默认尺寸和参数；禁止跨函数强行使用同一输入。	完成	完成	已完成（既有严格审计目标）
145	Filtering/ImageFilterBase	NoiseImageFilter	并行	hip_image_intensity_benchmark / hip_misc_benchmark	有：G-L完整	固定2D合成图像；CPU参考与Hip/DCU分别运行，比较误差并记录端到端墙钟	程序内部确定性生成2D标量图像；不是官方ITK图像文件	以对应模块程序内置尺寸和参数为准	完成	完成	已完成（既有严格审计目标）
146	Filtering/ImageFilterBase	RecursiveSeparableImageFilter	并行			按对应 ITK/DCU 模块入口执行；抽象基类或框架接口按代表性派生类覆盖。	按对应模块测试程序内部确定性生成；必要时使用根目录 data/ 中的同类型数据。	按对应模块默认尺寸和参数；禁止跨函数强行使用同一输入。	完成	完成	已完成（既有严格审计目标）
147	Filtering/ImageFilterBase	TernaryFunctorImageFilter	并行			按对应 ITK/DCU 模块入口执行；抽象基类或框架接口按代表性派生类覆盖。	按对应模块测试程序内部确定性生成；必要时使用根目录 data/ 中的同类型数据。	按对应模块默认尺寸和参数；禁止跨函数强行使用同一输入。	完成	完成	已完成（既有严格审计目标）
148	Filtering/ImageFilterBase	TernaryGeneratorImageFilter	并行			按对应 ITK/DCU 模块入口执行；抽象基类或框架接口按代表性派生类覆盖。	按对应模块测试程序内部确定性生成；必要时使用根目录 data/ 中的同类型数据。	按对应模块默认尺寸和参数；禁止跨函数强行使用同一输入。	完成	完成	已完成（既有严格审计目标）
149	Filtering/ImageFilterBase	UnaryGeneratorImageFilter	并行			按对应 ITK/DCU 模块入口执行；抽象基类或框架接口按代表性派生类覆盖。	按对应模块测试程序内部确定性生成；必要时使用根目录 data/ 中的同类型数据。	按对应模块默认尺寸和参数；禁止跨函数强行使用同一输入。	完成	完成	已完成（既有严格审计目标）
150	Filtering/ImageFilterBase	VectorNeighborhoodOperatorImageFilter	并行			按对应 ITK/DCU 模块入口执行；抽象基类或框架接口按代表性派生类覆盖。	按对应模块测试程序内部确定性生成；必要时使用根目录 data/ 中的同类型数据。	按对应模块默认尺寸和参数；禁止跨函数强行使用同一输入。	完成	完成	已完成（既有严格审计目标）
151	Filtering/ImageFrequency	FrequencyBandImageFilter	并行			按对应 ITK/DCU 模块入口执行；抽象基类或框架接口按代表性派生类覆盖。	按对应模块测试程序内部确定性生成；必要时使用根目录 data/ 中的同类型数据。	按对应模块默认尺寸和参数；禁止跨函数强行使用同一输入。	完成	完成	已完成（既有严格审计目标）
152	Filtering/ImageFrequency	UnaryFrequencyDomainFilter	并行			按对应 ITK/DCU 模块入口执行；抽象基类或框架接口按代表性派生类覆盖。	按对应模块测试程序内部确定性生成；必要时使用根目录 data/ 中的同类型数据。	按对应模块默认尺寸和参数；禁止跨函数强行使用同一输入。	完成	完成	已完成（既有严格审计目标）
153	Filtering/ImageFusion	LabelMapContourOverlayImageFilter	并行			按对应 ITK/DCU 模块入口执行；抽象基类或框架接口按代表性派生类覆盖。	按对应模块测试程序内部确定性生成；必要时使用根目录 data/ 中的同类型数据。	按对应模块默认尺寸和参数；禁止跨函数强行使用同一输入。	完成	完成	已完成（既有严格审计目标）
154	Filtering/ImageFusion	LabelMapOverlayImageFilter	并行			按对应 ITK/DCU 模块入口执行；抽象基类或框架接口按代表性派生类覆盖。	按对应模块测试程序内部确定性生成；必要时使用根目录 data/ 中的同类型数据。	按对应模块默认尺寸和参数；禁止跨函数强行使用同一输入。	完成	完成	已完成（既有严格审计目标）
155	Filtering/ImageFusion	LabelMapToRGBImageFilter	并行			按对应 ITK/DCU 模块入口执行；抽象基类或框架接口按代表性派生类覆盖。	按对应模块测试程序内部确定性生成；必要时使用根目录 data/ 中的同类型数据。	按对应模块默认尺寸和参数；禁止跨函数强行使用同一输入。	完成	完成	已完成（既有严格审计目标）
156	Filtering/ImageFusion	LabelOverlayImageFilter	并行			按对应 ITK/DCU 模块入口执行；抽象基类或框架接口按代表性派生类覆盖。	按对应模块测试程序内部确定性生成；必要时使用根目录 data/ 中的同类型数据。	按对应模块默认尺寸和参数；禁止跨函数强行使用同一输入。	完成	完成	已完成（既有严格审计目标）
157	Filtering/ImageFusion	LabelToRGBImageFilter	并行			按对应 ITK/DCU 模块入口执行；抽象基类或框架接口按代表性派生类覆盖。	按对应模块测试程序内部确定性生成；必要时使用根目录 data/ 中的同类型数据。	按对应模块默认尺寸和参数；禁止跨函数强行使用同一输入。	完成	完成	已完成（既有严格审计目标）
158	Filtering/ImageGradient	DifferenceOfGaussiansGradientImageFilter	并行	hip_image_gradient_benchmark	有：G-L完整	固定2D合成图像；CPU参考与Hip/DCU分别运行，比较误差并记录端到端墙钟	程序内部确定性生成2D标量图像；不是官方ITK图像文件	以对应模块程序内置尺寸和参数为准	完成	未完成验收	已有同名HIP实现，未逐项运行验收
159	Filtering/ImageGradient	GradientImageFilter	并行			按对应 ITK/DCU 模块入口执行；抽象基类或框架接口按代表性派生类覆盖。	按对应模块测试程序内部确定性生成；必要时使用根目录 data/ 中的同类型数据。	按对应模块默认尺寸和参数；禁止跨函数强行使用同一输入。	完成	完成	已完成（既有严格审计目标）
160	Filtering/ImageGradient	GradientMagnitudeImageFilter	并行	hip_image_gradient_benchmark	有：G-L完整	固定2D合成图像；CPU参考与Hip/DCU分别运行，比较误差并记录端到端墙钟	程序内部确定性生成2D标量图像；不是官方ITK图像文件	以对应模块程序内置尺寸和参数为准	完成	完成	已完成（既有严格审计目标）
161	Filtering/ImageGradient	GradientMagnitudeRecursiveGaussianImageFilter	并行	hip_image_gradient_benchmark	有：G-L完整	固定2D合成图像；CPU参考与Hip/DCU分别运行，比较误差并记录端到端墙钟	程序内部确定性生成2D标量图像；不是官方ITK图像文件	以对应模块程序内置尺寸和参数为准	完成	完成	已完成（既有严格审计目标）
162	Filtering/ImageGradient	GradientRecursiveGaussianImageFilter	并行			按对应 ITK/DCU 模块入口执行；抽象基类或框架接口按代表性派生类覆盖。	按对应模块测试程序内部确定性生成；必要时使用根目录 data/ 中的同类型数据。	按对应模块默认尺寸和参数；禁止跨函数强行使用同一输入。	完成	完成	已完成（既有严格审计目标）
163	Filtering/ImageGradient	VectorGradientMagnitudeImageFilter	并行			按对应 ITK/DCU 模块入口执行；抽象基类或框架接口按代表性派生类覆盖。	按对应模块测试程序内部确定性生成；必要时使用根目录 data/ 中的同类型数据。	按对应模块默认尺寸和参数；禁止跨函数强行使用同一输入。	完成	完成	已完成（既有严格审计目标）
164	Filtering/ImageGrid	BSplineCenteredL2ResampleImageFilterBase	并行			按对应 ITK/DCU 模块入口执行；抽象基类或框架接口按代表性派生类覆盖。	按对应模块测试程序内部确定性生成；必要时使用根目录 data/ 中的同类型数据。	按对应模块默认尺寸和参数；禁止跨函数强行使用同一输入。	完成	未完成验收	仅共享后端/静态计算类型证据，未逐项运行验收
165	Filtering/ImageGrid	BSplineCenteredResampleImageFilterBase	并行			按对应 ITK/DCU 模块入口执行；抽象基类或框架接口按代表性派生类覆盖。	按对应模块测试程序内部确定性生成；必要时使用根目录 data/ 中的同类型数据。	按对应模块默认尺寸和参数；禁止跨函数强行使用同一输入。	完成	未完成验收	仅共享后端/静态计算类型证据，未逐项运行验收
166	Filtering/ImageGrid	BSplineControlPointImageFilter	并行			按对应 ITK/DCU 模块入口执行；抽象基类或框架接口按代表性派生类覆盖。	按对应模块测试程序内部确定性生成；必要时使用根目录 data/ 中的同类型数据。	按对应模块默认尺寸和参数；禁止跨函数强行使用同一输入。	完成	完成	已完成（既有严格审计目标）
167	Filtering/ImageGrid	BSplineDownsampleImageFilter	并行	hip_image_grid_benchmark / hip_imagegrid2_benchmark / hip_imagegrid3_benchmark	有：G-L完整	固定图像与采样/变换参数；比较像素、坐标和尺寸结果	程序内部确定性生成2D标量图像；不是官方ITK图像文件	以对应模块程序内置尺寸和参数为准	完成	完成	已完成（既有严格审计目标）
168	Filtering/ImageGrid	BSplineL2ResampleImageFilterBase	并行			按对应 ITK/DCU 模块入口执行；抽象基类或框架接口按代表性派生类覆盖。	按对应模块测试程序内部确定性生成；必要时使用根目录 data/ 中的同类型数据。	按对应模块默认尺寸和参数；禁止跨函数强行使用同一输入。	完成	未完成验收	仅共享后端/静态计算类型证据，未逐项运行验收
169	Filtering/ImageGrid	BSplineResampleImageFilterBase	并行			按对应 ITK/DCU 模块入口执行；抽象基类或框架接口按代表性派生类覆盖。	按对应模块测试程序内部确定性生成；必要时使用根目录 data/ 中的同类型数据。	按对应模块默认尺寸和参数；禁止跨函数强行使用同一输入。	完成	未完成验收	已有同名HIP实现，未逐项运行验收
170	Filtering/ImageGrid	BSplineScatteredDataPointSetToImageFilter	并行	hip_image_grid_benchmark / hip_imagegrid2_benchmark / hip_imagegrid3_benchmark	有：G-L完整	固定图像与采样/变换参数；比较像素、坐标和尺寸结果	程序内部确定性生成2D标量图像；不是官方ITK图像文件	以对应模块程序内置尺寸和参数为准	完成	完成	已完成（既有严格审计目标）
171	Filtering/ImageGrid	BSplineUpsampleImageFilter	并行	hip_image_grid_benchmark / hip_imagegrid2_benchmark / hip_imagegrid3_benchmark	有：G-L完整	固定图像与采样/变换参数；比较像素、坐标和尺寸结果	程序内部确定性生成2D标量图像；不是官方ITK图像文件	以对应模块程序内置尺寸和参数为准	完成	完成	已完成（既有严格审计目标）
172	Filtering/ImageGrid	BinShrinkImageFilter	并行	hip_image_grid_benchmark / hip_imagegrid2_benchmark / hip_imagegrid3_benchmark	有：G-L完整	固定图像与采样/变换参数；比较像素、坐标和尺寸结果	程序内部确定性生成2D标量图像；不是官方ITK图像文件	以对应模块程序内置尺寸和参数为准	完成	完成	已完成（既有严格审计目标）
173	Filtering/ImageGrid	ChangeInformationImageFilter	并行	hip_image_grid_benchmark / hip_imagegrid2_benchmark / hip_imagegrid3_benchmark	有：G-L完整	固定图像与采样/变换参数；比较像素、坐标和尺寸结果	程序内部确定性生成2D标量图像；不是官方ITK图像文件	以对应模块程序内置尺寸和参数为准	完成	未完成验收	已有同名HIP实现，未逐项运行验收
174	Filtering/ImageGrid	ConstantPadImageFilter	并行	hip_image_grid_benchmark / hip_imagegrid2_benchmark / hip_imagegrid3_benchmark	有：G-L完整	固定图像与采样/变换参数；比较像素、坐标和尺寸结果	程序内部确定性生成2D标量图像；不是官方ITK图像文件	以对应模块程序内置尺寸和参数为准	完成	完成	已完成（既有严格审计目标）
175	Filtering/ImageGrid	CropImageFilter	并行	hip_image_grid_benchmark / hip_imagegrid2_benchmark / hip_imagegrid3_benchmark	有：G-L完整	固定图像与采样/变换参数；比较像素、坐标和尺寸结果	程序内部确定性生成2D标量图像；不是官方ITK图像文件	以对应模块程序内置尺寸和参数为准	完成	未完成验收	已有同名HIP实现，未逐项运行验收
176	Filtering/ImageGrid	CyclicShiftImageFilter	并行	hip_image_grid_benchmark / hip_imagegrid2_benchmark / hip_imagegrid3_benchmark	有：G-L完整	固定图像与采样/变换参数；比较像素、坐标和尺寸结果	程序内部确定性生成2D标量图像；不是官方ITK图像文件	以对应模块程序内置尺寸和参数为准	完成	完成	已完成（既有严格审计目标）
177	Filtering/ImageGrid	ExpandImageFilter	并行	hip_image_grid_benchmark / hip_imagegrid2_benchmark / hip_imagegrid3_benchmark	有：G-L完整	固定图像与采样/变换参数；比较像素、坐标和尺寸结果	程序内部确定性生成2D标量图像；不是官方ITK图像文件	以对应模块程序内置尺寸和参数为准	完成	完成	已完成（既有严格审计目标）
178	Filtering/ImageGrid	FlipImageFilter	并行	hip_image_grid_benchmark / hip_imagegrid2_benchmark / hip_imagegrid3_benchmark	有：G-L完整	固定图像与采样/变换参数；比较像素、坐标和尺寸结果	程序内部确定性生成2D标量图像；不是官方ITK图像文件	以对应模块程序内置尺寸和参数为准	完成	完成	已完成（既有严格审计目标）
179	Filtering/ImageGrid	InterpolateImageFilter	并行	需新增专用benchmark	无独立函数级入口	固定图像与采样/变换参数；比较像素、坐标和尺寸结果	当前没有独立函数测试数据源	以对应模块程序内置尺寸和参数为准	完成	完成	已完成（既有严格审计目标）
180	Filtering/ImageGrid	InterpolateImagePointsFilter	并行	hip_image_grid_benchmark / hip_imagegrid2_benchmark / hip_imagegrid3_benchmark	有：G-L完整	固定图像与采样/变换参数；比较像素、坐标和尺寸结果	程序内部确定性生成2D标量图像；不是官方ITK图像文件	以对应模块程序内置尺寸和参数为准	完成	完成	已完成（既有严格审计目标）
181	Filtering/ImageGrid	MirrorPadImageFilter	并行	hip_image_grid_benchmark / hip_imagegrid2_benchmark / hip_imagegrid3_benchmark	有：G-L完整	固定图像与采样/变换参数；比较像素、坐标和尺寸结果	程序内部确定性生成2D标量图像；不是官方ITK图像文件	以对应模块程序内置尺寸和参数为准	完成	完成	已完成（既有严格审计目标）
182	Filtering/ImageGrid	OrientImageFilter	并行	hip_image_grid_benchmark / hip_imagegrid2_benchmark / hip_imagegrid3_benchmark	有：G-L完整	固定图像与采样/变换参数；比较像素、坐标和尺寸结果	程序内部确定性生成2D标量图像；不是官方ITK图像文件	以对应模块程序内置尺寸和参数为准	完成	完成	已完成（既有严格审计目标）
183	Filtering/ImageGrid	PadImageFilter	并行	hip_image_grid_benchmark / hip_imagegrid2_benchmark / hip_imagegrid3_benchmark	有：G-L完整	固定图像与采样/变换参数；比较像素、坐标和尺寸结果	程序内部确定性生成2D标量图像；不是官方ITK图像文件	以对应模块程序内置尺寸和参数为准	完成	完成	已完成（既有严格审计目标）
184	Filtering/ImageGrid	PadImageFilterBase	并行			按对应 ITK/DCU 模块入口执行；抽象基类或框架接口按代表性派生类覆盖。	按对应模块测试程序内部确定性生成；必要时使用根目录 data/ 中的同类型数据。	按对应模块默认尺寸和参数；禁止跨函数强行使用同一输入。	完成	完成	已完成（既有严格审计目标）
185	Filtering/ImageGrid	PasteImageFilter	并行	hip_image_grid_benchmark / hip_imagegrid2_benchmark / hip_imagegrid3_benchmark	有：G-L完整	固定图像与采样/变换参数；比较像素、坐标和尺寸结果	程序内部确定性生成2D标量图像；不是官方ITK图像文件	以对应模块程序内置尺寸和参数为准	完成	完成	已完成（既有严格审计目标）
186	Filtering/ImageGrid	PermuteAxesImageFilter	并行	hip_image_grid_benchmark / hip_imagegrid2_benchmark / hip_imagegrid3_benchmark	有：G-L完整	固定图像与采样/变换参数；比较像素、坐标和尺寸结果	程序内部确定性生成2D标量图像；不是官方ITK图像文件	以对应模块程序内置尺寸和参数为准	完成	完成	已完成（既有严格审计目标）
187	Filtering/ImageGrid	RegionOfInterestImageFilter	并行	hip_image_grid_benchmark / hip_imagegrid2_benchmark / hip_imagegrid3_benchmark	有：G-L完整	固定图像与采样/变换参数；比较像素、坐标和尺寸结果	程序内部确定性生成2D标量图像；不是官方ITK图像文件	以对应模块程序内置尺寸和参数为准	完成	完成	已完成（既有严格审计目标）
188	Filtering/ImageGrid	ResampleImageFilter	并行	hip_image_grid_benchmark / hip_imagegrid2_benchmark / hip_imagegrid3_benchmark	有：G-L完整	固定图像与采样/变换参数；比较像素、坐标和尺寸结果	程序内部确定性生成2D标量图像；不是官方ITK图像文件	以对应模块程序内置尺寸和参数为准	完成	完成	已完成（既有严格审计目标）
189	Filtering/ImageGrid	ShrinkImageFilter	并行	hip_image_grid_benchmark / hip_imagegrid2_benchmark / hip_imagegrid3_benchmark	有：G-L完整	固定图像与采样/变换参数；比较像素、坐标和尺寸结果	程序内部确定性生成2D标量图像；不是官方ITK图像文件	以对应模块程序内置尺寸和参数为准	完成	完成	已完成（既有严格审计目标）
190	Filtering/ImageGrid	SliceBySliceImageFilter	并行	hip_image_grid_benchmark / hip_imagegrid2_benchmark / hip_imagegrid3_benchmark	有：G-L完整	固定图像与采样/变换参数；比较像素、坐标和尺寸结果	程序内部确定性生成2D标量图像；不是官方ITK图像文件	以对应模块程序内置尺寸和参数为准	完成	未完成验收	已有同名HIP实现，未逐项运行验收
191	Filtering/ImageGrid	SliceImageFilter	并行	hip_image_grid_benchmark / hip_imagegrid2_benchmark / hip_imagegrid3_benchmark	有：G-L完整	固定图像与采样/变换参数；比较像素、坐标和尺寸结果	程序内部确定性生成2D标量图像；不是官方ITK图像文件	以对应模块程序内置尺寸和参数为准	完成	完成	已完成（既有严格审计目标）
192	Filtering/ImageGrid	TileImageFilter	并行	hip_image_grid_benchmark / hip_imagegrid2_benchmark / hip_imagegrid3_benchmark	有：G-L完整	固定图像与采样/变换参数；比较像素、坐标和尺寸结果	程序内部确定性生成2D标量图像；不是官方ITK图像文件	以对应模块程序内置尺寸和参数为准	完成	完成	已完成（既有严格审计目标）
193	Filtering/ImageGrid	WarpImageFilter	并行	hip_image_grid_benchmark / hip_imagegrid2_benchmark / hip_imagegrid3_benchmark	有：G-L完整	固定图像与采样/变换参数；比较像素、坐标和尺寸结果	程序内部确定性生成2D标量图像；不是官方ITK图像文件	以对应模块程序内置尺寸和参数为准	完成	完成	已完成（既有严格审计目标）
194	Filtering/ImageGrid	WarpVectorImageFilter	并行			按对应 ITK/DCU 模块入口执行；抽象基类或框架接口按代表性派生类覆盖。	按对应模块测试程序内部确定性生成；必要时使用根目录 data/ 中的同类型数据。	按对应模块默认尺寸和参数；禁止跨函数强行使用同一输入。	完成	完成	已完成（既有严格审计目标）
195	Filtering/ImageGrid	WrapPadImageFilter	并行	hip_image_grid_benchmark / hip_imagegrid2_benchmark / hip_imagegrid3_benchmark	有：G-L完整	固定图像与采样/变换参数；比较像素、坐标和尺寸结果	程序内部确定性生成2D标量图像；不是官方ITK图像文件	以对应模块程序内置尺寸和参数为准	完成	完成	已完成（既有严格审计目标）
196	Filtering/ImageGrid	ZeroFluxNeumannPadImageFilter	并行	hip_image_grid_benchmark / hip_imagegrid2_benchmark / hip_imagegrid3_benchmark	有：G-L完整	固定图像与采样/变换参数；比较像素、坐标和尺寸结果	程序内部确定性生成2D标量图像；不是官方ITK图像文件	以对应模块程序内置尺寸和参数为准	完成	完成	已完成（既有严格审计目标）
197	Filtering/ImageIntensity	AbsImageFilter	并行	hip_image_intensity_benchmark / hip_image_intensity_remaining_benchmark	有：G-L完整	固定2D合成图像；CPU参考与Hip/DCU分别运行，比较误差并记录端到端墙钟	程序内部确定性生成2D标量图像；不是官方ITK图像文件	以对应模块程序内置尺寸和参数为准	完成	完成	已完成（既有严格审计目标）
198	Filtering/ImageIntensity	AcosImageFilter	并行	hip_image_intensity_benchmark / hip_image_intensity_remaining_benchmark	有：G-L完整	固定2D合成图像；CPU参考与Hip/DCU分别运行，比较误差并记录端到端墙钟	程序内部确定性生成2D标量图像；不是官方ITK图像文件	以对应模块程序内置尺寸和参数为准	完成	完成	已完成（既有严格审计目标）
199	Filtering/ImageIntensity	AdaptImageFilter	并行			按对应 ITK/DCU 模块入口执行；抽象基类或框架接口按代表性派生类覆盖。	按对应模块测试程序内部确定性生成；必要时使用根目录 data/ 中的同类型数据。	按对应模块默认尺寸和参数；禁止跨函数强行使用同一输入。	完成	完成	已完成（既有严格审计目标）
200	Filtering/ImageIntensity	AddImageFilter	并行	hip_image_intensity_benchmark / hip_image_intensity_remaining_benchmark	有：G-L完整	固定2D合成图像；CPU参考与Hip/DCU分别运行，比较误差并记录端到端墙钟	程序内部确定性生成2D标量图像；不是官方ITK图像文件	以对应模块程序内置尺寸和参数为准	完成	完成	已完成（既有严格审计目标）
201	Filtering/ImageIntensity	AndImageFilter	并行			按对应 ITK/DCU 模块入口执行；抽象基类或框架接口按代表性派生类覆盖。	按对应模块测试程序内部确定性生成；必要时使用根目录 data/ 中的同类型数据。	按对应模块默认尺寸和参数；禁止跨函数强行使用同一输入。	完成	完成	已完成（既有严格审计目标）
202	Filtering/ImageIntensity	AsinImageFilter	并行	hip_image_intensity_benchmark / hip_image_intensity_remaining_benchmark	有：G-L完整	固定2D合成图像；CPU参考与Hip/DCU分别运行，比较误差并记录端到端墙钟	程序内部确定性生成2D标量图像；不是官方ITK图像文件	以对应模块程序内置尺寸和参数为准	完成	完成	已完成（既有严格审计目标）
203	Filtering/ImageIntensity	Atan2ImageFilter	并行	hip_image_intensity_benchmark / hip_image_intensity_remaining_benchmark	有：G-L完整	固定2D合成图像；CPU参考与Hip/DCU分别运行，比较误差并记录端到端墙钟	程序内部确定性生成2D标量图像；不是官方ITK图像文件	以对应模块程序内置尺寸和参数为准	完成	完成	已完成（既有严格审计目标）
204	Filtering/ImageIntensity	AtanImageFilter	并行	hip_image_intensity_benchmark / hip_image_intensity_remaining_benchmark	有：G-L完整	固定2D合成图像；CPU参考与Hip/DCU分别运行，比较误差并记录端到端墙钟	程序内部确定性生成2D标量图像；不是官方ITK图像文件	以对应模块程序内置尺寸和参数为准	完成	完成	已完成（既有严格审计目标）
205	Filtering/ImageIntensity	BinaryMagnitudeImageFilter	并行	hip_image_intensity_benchmark / hip_image_intensity_remaining_benchmark	有：G-L完整	固定2D合成图像；CPU参考与Hip/DCU分别运行，比较误差并记录端到端墙钟	程序内部确定性生成2D标量图像；不是官方ITK图像文件	以对应模块程序内置尺寸和参数为准	完成	完成	已完成（既有严格审计目标）
206	Filtering/ImageIntensity	BoundedReciprocalImageFilter	并行	hip_image_intensity_benchmark / hip_image_intensity_remaining_benchmark	有：G-L完整	固定2D合成图像；CPU参考与Hip/DCU分别运行，比较误差并记录端到端墙钟	程序内部确定性生成2D标量图像；不是官方ITK图像文件	以对应模块程序内置尺寸和参数为准	完成	完成	已完成（既有严格审计目标）
207	Filtering/ImageIntensity	ClampImageFilter	并行	hip_image_intensity_benchmark / hip_image_intensity_remaining_benchmark	有：G-L完整	固定2D合成图像；CPU参考与Hip/DCU分别运行，比较误差并记录端到端墙钟	程序内部确定性生成2D标量图像；不是官方ITK图像文件	以对应模块程序内置尺寸和参数为准	完成	完成	已完成（既有严格审计目标）
208	Filtering/ImageIntensity	ComplexToImaginaryImageFilter	并行			按对应 ITK/DCU 模块入口执行；抽象基类或框架接口按代表性派生类覆盖。	按对应模块测试程序内部确定性生成；必要时使用根目录 data/ 中的同类型数据。	按对应模块默认尺寸和参数；禁止跨函数强行使用同一输入。	完成	完成	已完成（既有严格审计目标）
209	Filtering/ImageIntensity	ComplexToModulusImageFilter	并行			按对应 ITK/DCU 模块入口执行；抽象基类或框架接口按代表性派生类覆盖。	按对应模块测试程序内部确定性生成；必要时使用根目录 data/ 中的同类型数据。	按对应模块默认尺寸和参数；禁止跨函数强行使用同一输入。	完成	完成	已完成（既有严格审计目标）
210	Filtering/ImageIntensity	ComplexToPhaseImageFilter	并行			按对应 ITK/DCU 模块入口执行；抽象基类或框架接口按代表性派生类覆盖。	按对应模块测试程序内部确定性生成；必要时使用根目录 data/ 中的同类型数据。	按对应模块默认尺寸和参数；禁止跨函数强行使用同一输入。	完成	完成	已完成（既有严格审计目标）
211	Filtering/ImageIntensity	ComplexToRealImageFilter	并行			按对应 ITK/DCU 模块入口执行；抽象基类或框架接口按代表性派生类覆盖。	按对应模块测试程序内部确定性生成；必要时使用根目录 data/ 中的同类型数据。	按对应模块默认尺寸和参数；禁止跨函数强行使用同一输入。	完成	完成	已完成（既有严格审计目标）
212	Filtering/ImageIntensity	ConstrainedValueAdditionImageFilter	并行	hip_image_intensity_benchmark / hip_image_intensity_remaining_benchmark	有：G-L完整	固定2D合成图像；CPU参考与Hip/DCU分别运行，比较误差并记录端到端墙钟	程序内部确定性生成2D标量图像；不是官方ITK图像文件	以对应模块程序内置尺寸和参数为准	完成	完成	已完成（既有严格审计目标）
213	Filtering/ImageIntensity	ConstrainedValueDifferenceImageFilter	并行	hip_image_intensity_benchmark / hip_image_intensity_remaining_benchmark	有：G-L完整	固定2D合成图像；CPU参考与Hip/DCU分别运行，比较误差并记录端到端墙钟	程序内部确定性生成2D标量图像；不是官方ITK图像文件	以对应模块程序内置尺寸和参数为准	完成	完成	已完成（既有严格审计目标）
214	Filtering/ImageIntensity	CosImageFilter	并行	hip_image_intensity_benchmark / hip_image_intensity_remaining_benchmark	有：G-L完整	固定2D合成图像；CPU参考与Hip/DCU分别运行，比较误差并记录端到端墙钟	程序内部确定性生成2D标量图像；不是官方ITK图像文件	以对应模块程序内置尺寸和参数为准	完成	完成	已完成（既有严格审计目标）
215	Filtering/ImageIntensity	DivideImageFilter	并行	hip_image_intensity_benchmark / hip_image_intensity_remaining_benchmark	有：G-L完整	固定2D合成图像；CPU参考与Hip/DCU分别运行，比较误差并记录端到端墙钟	程序内部确定性生成2D标量图像；不是官方ITK图像文件	以对应模块程序内置尺寸和参数为准	完成	完成	已完成（既有严格审计目标）
216	Filtering/ImageIntensity	DivideOrZeroOutImageFilter	并行	hip_image_intensity_benchmark / hip_image_intensity_remaining_benchmark	有：G-L完整	固定2D合成图像；CPU参考与Hip/DCU分别运行，比较误差并记录端到端墙钟	程序内部确定性生成2D标量图像；不是官方ITK图像文件	以对应模块程序内置尺寸和参数为准	完成	完成	已完成（既有严格审计目标）
217	Filtering/ImageIntensity	EdgePotentialImageFilter	并行	hip_image_intensity_benchmark / hip_image_intensity_remaining_benchmark	有：G-L完整	固定2D合成图像；CPU参考与Hip/DCU分别运行，比较误差并记录端到端墙钟	程序内部确定性生成2D标量图像；不是官方ITK图像文件	以对应模块程序内置尺寸和参数为准	完成	完成	已完成（既有严格审计目标）
218	Filtering/ImageIntensity	ExpImageFilter	并行	hip_image_intensity_benchmark / hip_image_intensity_remaining_benchmark	有：G-L完整	固定2D合成图像；CPU参考与Hip/DCU分别运行，比较误差并记录端到端墙钟	程序内部确定性生成2D标量图像；不是官方ITK图像文件	以对应模块程序内置尺寸和参数为准	完成	完成	已完成（既有严格审计目标）
219	Filtering/ImageIntensity	ExpNegativeImageFilter	并行	hip_image_intensity_benchmark / hip_image_intensity_remaining_benchmark	有：G-L完整	固定2D合成图像；CPU参考与Hip/DCU分别运行，比较误差并记录端到端墙钟	程序内部确定性生成2D标量图像；不是官方ITK图像文件	以对应模块程序内置尺寸和参数为准	完成	完成	已完成（既有严格审计目标）
220	Filtering/ImageIntensity	HistogramMatchingImageFilter	并行	hip_image_intensity_benchmark / hip_image_intensity_remaining_benchmark	有：G-L完整	固定2D合成图像；CPU参考与Hip/DCU分别运行，比较误差并记录端到端墙钟	程序内部确定性生成2D标量图像；不是官方ITK图像文件	以对应模块程序内置尺寸和参数为准	完成	完成	已完成（既有严格审计目标）
221	Filtering/ImageIntensity	IntensityWindowingImageFilter	并行	hip_image_intensity_benchmark / hip_image_intensity_remaining_benchmark	有：G-L完整	固定2D合成图像；CPU参考与Hip/DCU分别运行，比较误差并记录端到端墙钟	程序内部确定性生成2D标量图像；不是官方ITK图像文件	以对应模块程序内置尺寸和参数为准	完成	完成	已完成（既有严格审计目标）
222	Filtering/ImageIntensity	InvertIntensityImageFilter	并行	hip_image_intensity_benchmark / hip_image_intensity_remaining_benchmark	有：G-L完整	固定2D合成图像；CPU参考与Hip/DCU分别运行，比较误差并记录端到端墙钟	程序内部确定性生成2D标量图像；不是官方ITK图像文件	以对应模块程序内置尺寸和参数为准	完成	完成	已完成（既有严格审计目标）
223	Filtering/ImageIntensity	Log10ImageFilter	并行	hip_image_intensity_benchmark / hip_image_intensity_remaining_benchmark	有：G-L完整	固定2D合成图像；CPU参考与Hip/DCU分别运行，比较误差并记录端到端墙钟	程序内部确定性生成2D标量图像；不是官方ITK图像文件	以对应模块程序内置尺寸和参数为准	完成	完成	已完成（既有严格审计目标）
224	Filtering/ImageIntensity	LogImageFilter	并行	hip_image_intensity_benchmark / hip_image_intensity_remaining_benchmark	有：G-L完整	固定2D合成图像；CPU参考与Hip/DCU分别运行，比较误差并记录端到端墙钟	程序内部确定性生成2D标量图像；不是官方ITK图像文件	以对应模块程序内置尺寸和参数为准	完成	完成	已完成（既有严格审计目标）
225	Filtering/ImageIntensity	MagnitudeAndPhaseToComplexImageFilter	并行			按对应 ITK/DCU 模块入口执行；抽象基类或框架接口按代表性派生类覆盖。	按对应模块测试程序内部确定性生成；必要时使用根目录 data/ 中的同类型数据。	按对应模块默认尺寸和参数；禁止跨函数强行使用同一输入。	完成	完成	已完成（既有严格审计目标）
226	Filtering/ImageIntensity	MaskImageFilter	并行	hip_image_intensity_benchmark / hip_image_intensity_remaining_benchmark	有：G-L完整	固定2D合成图像；CPU参考与Hip/DCU分别运行，比较误差并记录端到端墙钟	程序内部确定性生成2D标量图像；不是官方ITK图像文件	以对应模块程序内置尺寸和参数为准	完成	完成	已完成（既有严格审计目标）
227	Filtering/ImageIntensity	MaskNegatedImageFilter	并行	hip_image_intensity_benchmark / hip_image_intensity_remaining_benchmark	有：G-L完整	固定2D合成图像；CPU参考与Hip/DCU分别运行，比较误差并记录端到端墙钟	程序内部确定性生成2D标量图像；不是官方ITK图像文件	以对应模块程序内置尺寸和参数为准	完成	完成	已完成（既有严格审计目标）
228	Filtering/ImageIntensity	MatrixIndexSelectionImageFilter	并行			按对应 ITK/DCU 模块入口执行；抽象基类或框架接口按代表性派生类覆盖。	按对应模块测试程序内部确定性生成；必要时使用根目录 data/ 中的同类型数据。	按对应模块默认尺寸和参数；禁止跨函数强行使用同一输入。	完成	完成	已完成（既有严格审计目标）
229	Filtering/ImageIntensity	MaximumImageFilter	并行	hip_image_intensity_benchmark / hip_image_intensity_remaining_benchmark	有：G-L完整	固定2D合成图像；CPU参考与Hip/DCU分别运行，比较误差并记录端到端墙钟	程序内部确定性生成2D标量图像；不是官方ITK图像文件	以对应模块程序内置尺寸和参数为准	完成	完成	已完成（既有严格审计目标）
230	Filtering/ImageIntensity	MinimumImageFilter	并行	hip_image_intensity_benchmark / hip_image_intensity_remaining_benchmark	有：G-L完整	固定2D合成图像；CPU参考与Hip/DCU分别运行，比较误差并记录端到端墙钟	程序内部确定性生成2D标量图像；不是官方ITK图像文件	以对应模块程序内置尺寸和参数为准	完成	完成	已完成（既有严格审计目标）
231	Filtering/ImageIntensity	ModulusImageFilter	并行			按对应 ITK/DCU 模块入口执行；抽象基类或框架接口按代表性派生类覆盖。	按对应模块测试程序内部确定性生成；必要时使用根目录 data/ 中的同类型数据。	按对应模块默认尺寸和参数；禁止跨函数强行使用同一输入。	完成	完成	已完成（既有严格审计目标）
232	Filtering/ImageIntensity	MultiplyImageFilter	并行	hip_image_intensity_benchmark / hip_image_intensity_remaining_benchmark	有：G-L完整	固定2D合成图像；CPU参考与Hip/DCU分别运行，比较误差并记录端到端墙钟	程序内部确定性生成2D标量图像；不是官方ITK图像文件	以对应模块程序内置尺寸和参数为准	完成	完成	已完成（既有严格审计目标）
233	Filtering/ImageIntensity	NaryAddImageFilter	并行	hip_image_intensity_benchmark / hip_image_intensity_remaining_benchmark	有：G-L完整	固定2D合成图像；CPU参考与Hip/DCU分别运行，比较误差并记录端到端墙钟	程序内部确定性生成2D标量图像；不是官方ITK图像文件	以对应模块程序内置尺寸和参数为准	完成	完成	已完成（既有严格审计目标）
234	Filtering/ImageIntensity	NaryFunctorImageFilter	并行			按对应 ITK/DCU 模块入口执行；抽象基类或框架接口按代表性派生类覆盖。	按对应模块测试程序内部确定性生成；必要时使用根目录 data/ 中的同类型数据。	按对应模块默认尺寸和参数；禁止跨函数强行使用同一输入。	完成	完成	已完成（既有严格审计目标）
235	Filtering/ImageIntensity	NaryMaximumImageFilter	并行	hip_image_intensity_benchmark / hip_image_intensity_remaining_benchmark	有：G-L完整	固定2D合成图像；CPU参考与Hip/DCU分别运行，比较误差并记录端到端墙钟	程序内部确定性生成2D标量图像；不是官方ITK图像文件	以对应模块程序内置尺寸和参数为准	完成	完成	已完成（既有严格审计目标）
236	Filtering/ImageIntensity	NormalizeImageFilter	并行	hip_image_intensity_benchmark / hip_image_intensity_remaining_benchmark	有：G-L完整	固定2D合成图像；CPU参考与Hip/DCU分别运行，比较误差并记录端到端墙钟	程序内部确定性生成2D标量图像；不是官方ITK图像文件	以对应模块程序内置尺寸和参数为准	完成	完成	已完成（既有严格审计目标）
237	Filtering/ImageIntensity	NormalizeToConstantImageFilter	并行	hip_image_intensity_benchmark / hip_image_intensity_remaining_benchmark	有：G-L完整	固定2D合成图像；CPU参考与Hip/DCU分别运行，比较误差并记录端到端墙钟	程序内部确定性生成2D标量图像；不是官方ITK图像文件	以对应模块程序内置尺寸和参数为准	完成	完成	已完成（既有严格审计目标）
238	Filtering/ImageIntensity	NotImageFilter	并行			按对应 ITK/DCU 模块入口执行；抽象基类或框架接口按代表性派生类覆盖。	按对应模块测试程序内部确定性生成；必要时使用根目录 data/ 中的同类型数据。	按对应模块默认尺寸和参数；禁止跨函数强行使用同一输入。	完成	完成	已完成（既有严格审计目标）
239	Filtering/ImageIntensity	OrImageFilter	并行			按对应 ITK/DCU 模块入口执行；抽象基类或框架接口按代表性派生类覆盖。	按对应模块测试程序内部确定性生成；必要时使用根目录 data/ 中的同类型数据。	按对应模块默认尺寸和参数；禁止跨函数强行使用同一输入。	完成	完成	已完成（既有严格审计目标）
240	Filtering/ImageIntensity	PolylineMask2DImageFilter	并行	hip_image_intensity_benchmark / hip_image_intensity_remaining_benchmark	有：G-L完整	固定2D合成图像；CPU参考与Hip/DCU分别运行，比较误差并记录端到端墙钟	程序内部确定性生成2D标量图像；不是官方ITK图像文件	以对应模块程序内置尺寸和参数为准	完成	未完成验收	已有同名HIP实现，未逐项运行验收
241	Filtering/ImageIntensity	PolylineMaskImageFilter	并行	hip_image_intensity_benchmark / hip_image_intensity_remaining_benchmark	有：G-L完整	固定2D合成图像；CPU参考与Hip/DCU分别运行，比较误差并记录端到端墙钟	程序内部确定性生成2D标量图像；不是官方ITK图像文件	以对应模块程序内置尺寸和参数为准	完成	未完成验收	已有同名HIP实现，未逐项运行验收
242	Filtering/ImageIntensity	PowImageFilter	并行	hip_image_intensity_benchmark / hip_image_intensity_remaining_benchmark	有：G-L完整	固定2D合成图像；CPU参考与Hip/DCU分别运行，比较误差并记录端到端墙钟	程序内部确定性生成2D标量图像；不是官方ITK图像文件	以对应模块程序内置尺寸和参数为准	完成	完成	已完成（既有严格审计目标）
243	Filtering/ImageIntensity	RGBToLuminanceImageFilter	并行	hip_image_intensity_benchmark / hip_image_intensity_remaining_benchmark	有：G-L完整	固定2D合成图像；CPU参考与Hip/DCU分别运行，比较误差并记录端到端墙钟	程序内部确定性生成2D标量图像；不是官方ITK图像文件	以对应模块程序内置尺寸和参数为准	完成	完成	已完成（既有严格审计目标）
244	Filtering/ImageIntensity	RescaleIntensityImageFilter	并行	hip_image_intensity_benchmark / hip_image_intensity_remaining_benchmark	有：G-L完整	固定2D合成图像；CPU参考与Hip/DCU分别运行，比较误差并记录端到端墙钟	程序内部确定性生成2D标量图像；不是官方ITK图像文件	以对应模块程序内置尺寸和参数为准	完成	完成	已完成（既有严格审计目标）
245	Filtering/ImageIntensity	RoundImageFilter	并行	hip_image_intensity_benchmark / hip_image_intensity_remaining_benchmark	有：G-L完整	固定2D合成图像；CPU参考与Hip/DCU分别运行，比较误差并记录端到端墙钟	程序内部确定性生成2D标量图像；不是官方ITK图像文件	以对应模块程序内置尺寸和参数为准	完成	完成	已完成（既有严格审计目标）
246	Filtering/ImageIntensity	ShiftScaleImageFilter	并行	hip_image_intensity_benchmark / hip_image_intensity_remaining_benchmark	有：G-L完整	固定2D合成图像；CPU参考与Hip/DCU分别运行，比较误差并记录端到端墙钟	程序内部确定性生成2D标量图像；不是官方ITK图像文件	以对应模块程序内置尺寸和参数为准	完成	完成	已完成（既有严格审计目标）
247	Filtering/ImageIntensity	SigmoidImageFilter	并行	hip_image_intensity_benchmark / hip_image_intensity_remaining_benchmark	有：G-L完整	固定2D合成图像；CPU参考与Hip/DCU分别运行，比较误差并记录端到端墙钟	程序内部确定性生成2D标量图像；不是官方ITK图像文件	以对应模块程序内置尺寸和参数为准	完成	完成	已完成（既有严格审计目标）
248	Filtering/ImageIntensity	SinImageFilter	并行	hip_image_intensity_benchmark / hip_image_intensity_remaining_benchmark	有：G-L完整	固定2D合成图像；CPU参考与Hip/DCU分别运行，比较误差并记录端到端墙钟	程序内部确定性生成2D标量图像；不是官方ITK图像文件	以对应模块程序内置尺寸和参数为准	完成	完成	已完成（既有严格审计目标）
249	Filtering/ImageIntensity	SqrtImageFilter	并行	hip_image_intensity_benchmark / hip_image_intensity_remaining_benchmark	有：G-L完整	固定2D合成图像；CPU参考与Hip/DCU分别运行，比较误差并记录端到端墙钟	程序内部确定性生成2D标量图像；不是官方ITK图像文件	以对应模块程序内置尺寸和参数为准	完成	完成	已完成（既有严格审计目标）
250	Filtering/ImageIntensity	SquareImageFilter	并行	hip_image_intensity_benchmark / hip_image_intensity_remaining_benchmark	有：G-L完整	固定2D合成图像；CPU参考与Hip/DCU分别运行，比较误差并记录端到端墙钟	程序内部确定性生成2D标量图像；不是官方ITK图像文件	以对应模块程序内置尺寸和参数为准	完成	完成	已完成（既有严格审计目标）
251	Filtering/ImageIntensity	SubtractImageFilter	并行	hip_image_intensity_benchmark / hip_image_intensity_remaining_benchmark	有：G-L完整	固定2D合成图像；CPU参考与Hip/DCU分别运行，比较误差并记录端到端墙钟	程序内部确定性生成2D标量图像；不是官方ITK图像文件	以对应模块程序内置尺寸和参数为准	完成	完成	已完成（既有严格审计目标）
252	Filtering/ImageIntensity	SymmetricEigenAnalysisImageFilter	并行			按对应 ITK/DCU 模块入口执行；抽象基类或框架接口按代表性派生类覆盖。	按对应模块测试程序内部确定性生成；必要时使用根目录 data/ 中的同类型数据。	按对应模块默认尺寸和参数；禁止跨函数强行使用同一输入。	完成	完成	已完成（既有严格审计目标）
253	Filtering/ImageIntensity	TanImageFilter	并行	hip_image_intensity_benchmark / hip_image_intensity_remaining_benchmark	有：G-L完整	固定2D合成图像；CPU参考与Hip/DCU分别运行，比较误差并记录端到端墙钟	程序内部确定性生成2D标量图像；不是官方ITK图像文件	以对应模块程序内置尺寸和参数为准	完成	完成	已完成（既有严格审计目标）
254	Filtering/ImageIntensity	TernaryAddImageFilter	并行	hip_image_intensity_benchmark / hip_image_intensity_remaining_benchmark	有：G-L完整	固定2D合成图像；CPU参考与Hip/DCU分别运行，比较误差并记录端到端墙钟	程序内部确定性生成2D标量图像；不是官方ITK图像文件	以对应模块程序内置尺寸和参数为准	完成	完成	已完成（既有严格审计目标）
255	Filtering/ImageIntensity	TernaryMagnitudeImageFilter	并行	hip_image_intensity_benchmark / hip_image_intensity_remaining_benchmark	有：G-L完整	固定2D合成图像；CPU参考与Hip/DCU分别运行，比较误差并记录端到端墙钟	程序内部确定性生成2D标量图像；不是官方ITK图像文件	以对应模块程序内置尺寸和参数为准	完成	完成	已完成（既有严格审计目标）
256	Filtering/ImageIntensity	TernaryMagnitudeSquaredImageFilter	并行	hip_image_intensity_benchmark / hip_image_intensity_remaining_benchmark	有：G-L完整	固定2D合成图像；CPU参考与Hip/DCU分别运行，比较误差并记录端到端墙钟	程序内部确定性生成2D标量图像；不是官方ITK图像文件	以对应模块程序内置尺寸和参数为准	完成	完成	已完成（既有严格审计目标）
257	Filtering/ImageIntensity	TernaryOperatorImageFilter	并行			按对应 ITK/DCU 模块入口执行；抽象基类或框架接口按代表性派生类覆盖。	按对应模块测试程序内部确定性生成；必要时使用根目录 data/ 中的同类型数据。	按对应模块默认尺寸和参数；禁止跨函数强行使用同一输入。	完成	完成	已完成（既有严格审计目标）
258	Filtering/ImageIntensity	VectorExpandImageFilter	并行			按对应 ITK/DCU 模块入口执行；抽象基类或框架接口按代表性派生类覆盖。	按对应模块测试程序内部确定性生成；必要时使用根目录 data/ 中的同类型数据。	按对应模块默认尺寸和参数；禁止跨函数强行使用同一输入。	完成	完成	已完成（既有严格审计目标）
259	Filtering/ImageIntensity	VectorIndexSelectionCastImageFilter	并行			按对应 ITK/DCU 模块入口执行；抽象基类或框架接口按代表性派生类覆盖。	按对应模块测试程序内部确定性生成；必要时使用根目录 data/ 中的同类型数据。	按对应模块默认尺寸和参数；禁止跨函数强行使用同一输入。	完成	完成	已完成（既有严格审计目标）
260	Filtering/ImageIntensity	VectorMagnitudeImageFilter	并行			按对应 ITK/DCU 模块入口执行；抽象基类或框架接口按代表性派生类覆盖。	按对应模块测试程序内部确定性生成；必要时使用根目录 data/ 中的同类型数据。	按对应模块默认尺寸和参数；禁止跨函数强行使用同一输入。	完成	完成	已完成（既有严格审计目标）
261	Filtering/ImageIntensity	VectorRescaleIntensityImageFilter	并行			按对应 ITK/DCU 模块入口执行；抽象基类或框架接口按代表性派生类覆盖。	按对应模块测试程序内部确定性生成；必要时使用根目录 data/ 中的同类型数据。	按对应模块默认尺寸和参数；禁止跨函数强行使用同一输入。	完成	完成	已完成（既有严格审计目标）
262	Filtering/ImageIntensity	WeightedAddImageFilter	并行	hip_image_intensity_benchmark / hip_image_intensity_remaining_benchmark	有：G-L完整	固定2D合成图像；CPU参考与Hip/DCU分别运行，比较误差并记录端到端墙钟	程序内部确定性生成2D标量图像；不是官方ITK图像文件	以对应模块程序内置尺寸和参数为准	完成	完成	已完成（既有严格审计目标）
263	Filtering/ImageIntensity	XorImageFilter	并行			按对应 ITK/DCU 模块入口执行；抽象基类或框架接口按代表性派生类覆盖。	按对应模块测试程序内部确定性生成；必要时使用根目录 data/ 中的同类型数据。	按对应模块默认尺寸和参数；禁止跨函数强行使用同一输入。	完成	完成	已完成（既有严格审计目标）
264	Filtering/ImageLabel	BinaryContourImageFilter	并行	hip_image_label_benchmark / hip_image_label_correctness_test	有：G-L完整	固定2D合成图像；CPU参考与Hip/DCU分别运行，比较误差并记录端到端墙钟	程序内部确定性生成2D标量图像；不是官方ITK图像文件	以对应模块程序内置尺寸和参数为准	完成	完成	已完成（既有严格审计目标）
265	Filtering/ImageLabel	ChangeLabelImageFilter	并行			按对应 ITK/DCU 模块入口执行；抽象基类或框架接口按代表性派生类覆盖。	按对应模块测试程序内部确定性生成；必要时使用根目录 data/ 中的同类型数据。	按对应模块默认尺寸和参数；禁止跨函数强行使用同一输入。	完成	完成	已完成（既有严格审计目标）
266	Filtering/ImageLabel	LabelContourImageFilter	并行			按对应 ITK/DCU 模块入口执行；抽象基类或框架接口按代表性派生类覆盖。	按对应模块测试程序内部确定性生成；必要时使用根目录 data/ 中的同类型数据。	按对应模块默认尺寸和参数；禁止跨函数强行使用同一输入。	完成	完成	已完成（既有严格审计目标）
267	Filtering/ImageNoise	AdditiveGaussianNoiseImageFilter	并行	hip_image_noise_benchmark	有：G-L完整	固定随机seed；比较像素误差或统计量并记录端到端墙钟	程序内部确定性图像+固定seed；不是官方图像文件	通常512x512	完成	完成	已完成（既有严格审计目标）
268	Filtering/ImageNoise	NoiseBaseImageFilter	并行			按对应 ITK/DCU 模块入口执行；抽象基类或框架接口按代表性派生类覆盖。	按对应模块测试程序内部确定性生成；必要时使用根目录 data/ 中的同类型数据。	按对应模块默认尺寸和参数；禁止跨函数强行使用同一输入。	完成	未完成验收	仅共享后端/静态计算类型证据，未逐项运行验收
269	Filtering/ImageNoise	SaltAndPepperNoiseImageFilter	并行	hip_image_noise_benchmark	有：G-L完整	固定随机seed；比较像素误差或统计量并记录端到端墙钟	程序内部确定性图像+固定seed；不是官方图像文件	通常512x512	完成	完成	已完成（既有严格审计目标）
270	Filtering/ImageNoise	ShotNoiseImageFilter	并行	hip_image_noise_benchmark	有：G-L完整	固定随机seed；比较像素误差或统计量并记录端到端墙钟	程序内部确定性图像+固定seed；不是官方图像文件	通常512x512	完成	完成	已完成（既有严格审计目标）
271	Filtering/ImageNoise	SpeckleNoiseImageFilter	并行	hip_image_noise_benchmark	有：G-L完整	固定随机seed；比较像素误差或统计量并记录端到端墙钟	程序内部确定性图像+固定seed；不是官方图像文件	通常512x512	完成	完成	已完成（既有严格审计目标）
272	Filtering/ImageSources	GaborImageSource	并行			按对应 ITK/DCU 模块入口执行；抽象基类或框架接口按代表性派生类覆盖。	按对应模块测试程序内部确定性生成；必要时使用根目录 data/ 中的同类型数据。	按对应模块默认尺寸和参数；禁止跨函数强行使用同一输入。	完成	未完成验收	已有同名HIP实现，未逐项运行验收
273	Filtering/ImageSources	GaussianImageSource	并行			按对应 ITK/DCU 模块入口执行；抽象基类或框架接口按代表性派生类覆盖。	按对应模块测试程序内部确定性生成；必要时使用根目录 data/ 中的同类型数据。	按对应模块默认尺寸和参数；禁止跨函数强行使用同一输入。	完成	未完成验收	已有同名HIP实现，未逐项运行验收
274	Filtering/ImageSources	GenerateImageSource	并行			按对应 ITK/DCU 模块入口执行；抽象基类或框架接口按代表性派生类覆盖。	按对应模块测试程序内部确定性生成；必要时使用根目录 data/ 中的同类型数据。	按对应模块默认尺寸和参数；禁止跨函数强行使用同一输入。	完成	未完成验收	已有同名HIP实现，未逐项运行验收
275	Filtering/ImageSources	GridImageSource	并行	hip_image_sources_benchmark / hip_image_sources_test	有：G-L完整	固定参数生成源图；比较输出和端到端墙钟	程序内部确定性生成2D标量图像；不是官方ITK图像文件	以对应模块程序内置尺寸和参数为准	完成	完成	已完成（既有严格审计目标）
276	Filtering/ImageSources	ParametricImageSource	并行			按对应 ITK/DCU 模块入口执行；抽象基类或框架接口按代表性派生类覆盖。	按对应模块测试程序内部确定性生成；必要时使用根目录 data/ 中的同类型数据。	按对应模块默认尺寸和参数；禁止跨函数强行使用同一输入。	完成	未完成验收	已有同名HIP实现，未逐项运行验收
277	Filtering/ImageSources	PhysicalPointImageSource	并行			按对应 ITK/DCU 模块入口执行；抽象基类或框架接口按代表性派生类覆盖。	按对应模块测试程序内部确定性生成；必要时使用根目录 data/ 中的同类型数据。	按对应模块默认尺寸和参数；禁止跨函数强行使用同一输入。	完成	完成	已完成（既有严格审计目标）
278	Filtering/ImageStatistics	AccumulateImageFilter	并行			按对应 ITK/DCU 模块入口执行；抽象基类或框架接口按代表性派生类覆盖。	按对应模块测试程序内部确定性生成；必要时使用根目录 data/ 中的同类型数据。	按对应模块默认尺寸和参数；禁止跨函数强行使用同一输入。	完成	完成	已完成（既有严格审计目标）
279	Filtering/ImageStatistics	AdaptiveHistogramEqualizationImageFilter	并行	hip_image_statistics_benchmark / hip_image_statistics_test	有：G-L完整	固定标量2D输入；比较统计量或投影结果和端到端墙钟	程序内部确定性生成2D标量图像；不是官方ITK图像文件	以对应模块程序内置尺寸和参数为准	完成	完成	已完成（既有严格审计目标）
280	Filtering/ImageStatistics	BinaryProjectionImageFilter	并行			按对应 ITK/DCU 模块入口执行；抽象基类或框架接口按代表性派生类覆盖。	按对应模块测试程序内部确定性生成；必要时使用根目录 data/ 中的同类型数据。	按对应模块默认尺寸和参数；禁止跨函数强行使用同一输入。	完成	完成	已完成（既有严格审计目标）
281	Filtering/ImageStatistics	GetAverageSliceImageFilter	并行	hip_image_statistics_benchmark / hip_image_statistics_test	有：G-L完整	固定标量2D输入；比较统计量或投影结果和端到端墙钟	程序内部确定性生成2D标量图像；不是官方ITK图像文件	以对应模块程序内置尺寸和参数为准	完成	完成	已完成（既有严格审计目标）
282	Filtering/ImageStatistics	LabelOverlapMeasuresImageFilter	并行			按对应 ITK/DCU 模块入口执行；抽象基类或框架接口按代表性派生类覆盖。	按对应模块测试程序内部确定性生成；必要时使用根目录 data/ 中的同类型数据。	按对应模块默认尺寸和参数；禁止跨函数强行使用同一输入。	完成	完成	已完成（既有严格审计目标）
283	Filtering/ImageStatistics	LabelStatisticsImageFilter	并行	hip_image_statistics_benchmark / hip_image_statistics_test	有：G-L完整	固定标量2D输入；比较统计量或投影结果和端到端墙钟	程序内部确定性生成2D标量图像；不是官方ITK图像文件	以对应模块程序内置尺寸和参数为准	完成	完成	已完成（既有严格审计目标）
284	Filtering/ImageStatistics	MaximumProjectionImageFilter	并行			按对应 ITK/DCU 模块入口执行；抽象基类或框架接口按代表性派生类覆盖。	按对应模块测试程序内部确定性生成；必要时使用根目录 data/ 中的同类型数据。	按对应模块默认尺寸和参数；禁止跨函数强行使用同一输入。	完成	完成	已完成（既有严格审计目标）
285	Filtering/ImageStatistics	MeanProjectionImageFilter	并行			按对应 ITK/DCU 模块入口执行；抽象基类或框架接口按代表性派生类覆盖。	按对应模块测试程序内部确定性生成；必要时使用根目录 data/ 中的同类型数据。	按对应模块默认尺寸和参数；禁止跨函数强行使用同一输入。	完成	完成	已完成（既有严格审计目标）
286	Filtering/ImageStatistics	MedianProjectionImageFilter	并行			按对应 ITK/DCU 模块入口执行；抽象基类或框架接口按代表性派生类覆盖。	按对应模块测试程序内部确定性生成；必要时使用根目录 data/ 中的同类型数据。	按对应模块默认尺寸和参数；禁止跨函数强行使用同一输入。	完成	完成	已完成（既有严格审计目标）
287	Filtering/ImageStatistics	MinimumMaximumImageFilter	并行			按对应 ITK/DCU 模块入口执行；抽象基类或框架接口按代表性派生类覆盖。	按对应模块测试程序内部确定性生成；必要时使用根目录 data/ 中的同类型数据。	按对应模块默认尺寸和参数；禁止跨函数强行使用同一输入。	完成	完成	已完成（既有严格审计目标）
288	Filtering/ImageStatistics	MinimumProjectionImageFilter	并行			按对应 ITK/DCU 模块入口执行；抽象基类或框架接口按代表性派生类覆盖。	按对应模块测试程序内部确定性生成；必要时使用根目录 data/ 中的同类型数据。	按对应模块默认尺寸和参数；禁止跨函数强行使用同一输入。	完成	完成	已完成（既有严格审计目标）
289	Filtering/ImageStatistics	ProjectionImageFilter	并行			按对应 ITK/DCU 模块入口执行；抽象基类或框架接口按代表性派生类覆盖。	按对应模块测试程序内部确定性生成；必要时使用根目录 data/ 中的同类型数据。	按对应模块默认尺寸和参数；禁止跨函数强行使用同一输入。	完成	完成	已完成（既有严格审计目标）
290	Filtering/ImageStatistics	StandardDeviationProjectionImageFilter	并行			按对应 ITK/DCU 模块入口执行；抽象基类或框架接口按代表性派生类覆盖。	按对应模块测试程序内部确定性生成；必要时使用根目录 data/ 中的同类型数据。	按对应模块默认尺寸和参数；禁止跨函数强行使用同一输入。	完成	完成	已完成（既有严格审计目标）
291	Filtering/ImageStatistics	StatisticsImageFilter	并行			按对应 ITK/DCU 模块入口执行；抽象基类或框架接口按代表性派生类覆盖。	按对应模块测试程序内部确定性生成；必要时使用根目录 data/ 中的同类型数据。	按对应模块默认尺寸和参数；禁止跨函数强行使用同一输入。	完成	完成	已完成（既有严格审计目标）
292	Filtering/ImageStatistics	SumProjectionImageFilter	并行			按对应 ITK/DCU 模块入口执行；抽象基类或框架接口按代表性派生类覆盖。	按对应模块测试程序内部确定性生成；必要时使用根目录 data/ 中的同类型数据。	按对应模块默认尺寸和参数；禁止跨函数强行使用同一输入。	完成	完成	已完成（既有严格审计目标）
293	Filtering/LabelMap	AggregateLabelMapFilter	并行			按对应 ITK/DCU 模块入口执行；抽象基类或框架接口按代表性派生类覆盖。	按对应模块测试程序内部确定性生成；必要时使用根目录 data/ 中的同类型数据。	按对应模块默认尺寸和参数；禁止跨函数强行使用同一输入。	完成	完成	已完成（既有严格审计目标）
294	Filtering/LabelMap	AttributeKeepNObjectsLabelMapFilter	并行			按对应 ITK/DCU 模块入口执行；抽象基类或框架接口按代表性派生类覆盖。	按对应模块测试程序内部确定性生成；必要时使用根目录 data/ 中的同类型数据。	按对应模块默认尺寸和参数；禁止跨函数强行使用同一输入。	完成	完成	已完成（既有严格审计目标）
295	Filtering/LabelMap	AttributeOpeningLabelMapFilter	并行			按对应 ITK/DCU 模块入口执行；抽象基类或框架接口按代表性派生类覆盖。	按对应模块测试程序内部确定性生成；必要时使用根目录 data/ 中的同类型数据。	按对应模块默认尺寸和参数；禁止跨函数强行使用同一输入。	完成	完成	已完成（既有严格审计目标）
296	Filtering/LabelMap	AttributePositionLabelMapFilter	并行			按对应 ITK/DCU 模块入口执行；抽象基类或框架接口按代表性派生类覆盖。	按对应模块测试程序内部确定性生成；必要时使用根目录 data/ 中的同类型数据。	按对应模块默认尺寸和参数；禁止跨函数强行使用同一输入。	完成	完成	已完成（既有严格审计目标）
297	Filtering/LabelMap	AttributeRelabelLabelMapFilter	并行			按对应 ITK/DCU 模块入口执行；抽象基类或框架接口按代表性派生类覆盖。	按对应模块测试程序内部确定性生成；必要时使用根目录 data/ 中的同类型数据。	按对应模块默认尺寸和参数；禁止跨函数强行使用同一输入。	完成	完成	已完成（既有严格审计目标）
298	Filtering/LabelMap	AttributeSelectionLabelMapFilter	并行			按对应 ITK/DCU 模块入口执行；抽象基类或框架接口按代表性派生类覆盖。	按对应模块测试程序内部确定性生成；必要时使用根目录 data/ 中的同类型数据。	按对应模块默认尺寸和参数；禁止跨函数强行使用同一输入。	完成	完成	已完成（既有严格审计目标）
299	Filtering/LabelMap	AttributeUniqueLabelMapFilter	并行			按对应 ITK/DCU 模块入口执行；抽象基类或框架接口按代表性派生类覆盖。	按对应模块测试程序内部确定性生成；必要时使用根目录 data/ 中的同类型数据。	按对应模块默认尺寸和参数；禁止跨函数强行使用同一输入。	完成	完成	已完成（既有严格审计目标）
300	Filtering/LabelMap	AutoCropLabelMapFilter	并行			按对应 ITK/DCU 模块入口执行；抽象基类或框架接口按代表性派生类覆盖。	按对应模块测试程序内部确定性生成；必要时使用根目录 data/ 中的同类型数据。	按对应模块默认尺寸和参数；禁止跨函数强行使用同一输入。	完成	完成	已完成（既有严格审计目标）
301	Filtering/LabelMap	BinaryFillholeImageFilter	串行			按对应 ITK/DCU 模块入口执行；抽象基类或框架接口按代表性派生类覆盖。	按对应模块测试程序内部确定性生成；必要时使用根目录 data/ 中的同类型数据。	按对应模块默认尺寸和参数；禁止跨函数强行使用同一输入。	完成	完成	已完成（既有严格审计目标）
302	Filtering/LabelMap	BinaryGrindPeakImageFilter	串行			按对应 ITK/DCU 模块入口执行；抽象基类或框架接口按代表性派生类覆盖。	按对应模块测试程序内部确定性生成；必要时使用根目录 data/ 中的同类型数据。	按对应模块默认尺寸和参数；禁止跨函数强行使用同一输入。	完成	完成	已完成（既有严格审计目标）
303	Filtering/LabelMap	BinaryImageToLabelMapFilter	并行			按对应 ITK/DCU 模块入口执行；抽象基类或框架接口按代表性派生类覆盖。	按对应模块测试程序内部确定性生成；必要时使用根目录 data/ 中的同类型数据。	按对应模块默认尺寸和参数；禁止跨函数强行使用同一输入。	完成	完成	已完成（既有严格审计目标）
304	Filtering/LabelMap	BinaryImageToShapeLabelMapFilter	并行			按对应 ITK/DCU 模块入口执行；抽象基类或框架接口按代表性派生类覆盖。	按对应模块测试程序内部确定性生成；必要时使用根目录 data/ 中的同类型数据。	按对应模块默认尺寸和参数；禁止跨函数强行使用同一输入。	完成	完成	已完成（既有严格审计目标）
305	Filtering/LabelMap	BinaryImageToStatisticsLabelMapFilter	并行			按对应 ITK/DCU 模块入口执行；抽象基类或框架接口按代表性派生类覆盖。	按对应模块测试程序内部确定性生成；必要时使用根目录 data/ 中的同类型数据。	按对应模块默认尺寸和参数；禁止跨函数强行使用同一输入。	完成	完成	已完成（既有严格审计目标）
306	Filtering/LabelMap	BinaryNotImageFilter	并行			按对应 ITK/DCU 模块入口执行；抽象基类或框架接口按代表性派生类覆盖。	按对应模块测试程序内部确定性生成；必要时使用根目录 data/ 中的同类型数据。	按对应模块默认尺寸和参数；禁止跨函数强行使用同一输入。	完成	完成	已完成（既有严格审计目标）
307	Filtering/LabelMap	BinaryReconstructionByDilationImageFilter	并行			按对应 ITK/DCU 模块入口执行；抽象基类或框架接口按代表性派生类覆盖。	按对应模块测试程序内部确定性生成；必要时使用根目录 data/ 中的同类型数据。	按对应模块默认尺寸和参数；禁止跨函数强行使用同一输入。	完成	完成	已完成（既有严格审计目标）
308	Filtering/LabelMap	BinaryReconstructionByErosionImageFilter	并行			按对应 ITK/DCU 模块入口执行；抽象基类或框架接口按代表性派生类覆盖。	按对应模块测试程序内部确定性生成；必要时使用根目录 data/ 中的同类型数据。	按对应模块默认尺寸和参数；禁止跨函数强行使用同一输入。	完成	完成	已完成（既有严格审计目标）
309	Filtering/LabelMap	BinaryReconstructionLabelMapFilter	并行			按对应 ITK/DCU 模块入口执行；抽象基类或框架接口按代表性派生类覆盖。	按对应模块测试程序内部确定性生成；必要时使用根目录 data/ 中的同类型数据。	按对应模块默认尺寸和参数；禁止跨函数强行使用同一输入。	完成	完成	已完成（既有严格审计目标）
310	Filtering/LabelMap	BinaryShapeKeepNObjectsImageFilter	并行			按对应 ITK/DCU 模块入口执行；抽象基类或框架接口按代表性派生类覆盖。	按对应模块测试程序内部确定性生成；必要时使用根目录 data/ 中的同类型数据。	按对应模块默认尺寸和参数；禁止跨函数强行使用同一输入。	完成	完成	已完成（既有严格审计目标）
311	Filtering/LabelMap	BinaryShapeOpeningImageFilter	并行			按对应 ITK/DCU 模块入口执行；抽象基类或框架接口按代表性派生类覆盖。	按对应模块测试程序内部确定性生成；必要时使用根目录 data/ 中的同类型数据。	按对应模块默认尺寸和参数；禁止跨函数强行使用同一输入。	完成	完成	已完成（既有严格审计目标）
312	Filtering/LabelMap	BinaryStatisticsKeepNObjectsImageFilter	并行			按对应 ITK/DCU 模块入口执行；抽象基类或框架接口按代表性派生类覆盖。	按对应模块测试程序内部确定性生成；必要时使用根目录 data/ 中的同类型数据。	按对应模块默认尺寸和参数；禁止跨函数强行使用同一输入。	完成	完成	已完成（既有严格审计目标）
313	Filtering/LabelMap	BinaryStatisticsOpeningImageFilter	并行			按对应 ITK/DCU 模块入口执行；抽象基类或框架接口按代表性派生类覆盖。	按对应模块测试程序内部确定性生成；必要时使用根目录 data/ 中的同类型数据。	按对应模块默认尺寸和参数；禁止跨函数强行使用同一输入。	完成	完成	已完成（既有严格审计目标）
314	Filtering/LabelMap	ChangeLabelLabelMapFilter	并行			按对应 ITK/DCU 模块入口执行；抽象基类或框架接口按代表性派生类覆盖。	按对应模块测试程序内部确定性生成；必要时使用根目录 data/ 中的同类型数据。	按对应模块默认尺寸和参数；禁止跨函数强行使用同一输入。	完成	完成	已完成（既有严格审计目标）
315	Filtering/LabelMap	ChangeRegionLabelMapFilter	并行			按对应 ITK/DCU 模块入口执行；抽象基类或框架接口按代表性派生类覆盖。	按对应模块测试程序内部确定性生成；必要时使用根目录 data/ 中的同类型数据。	按对应模块默认尺寸和参数；禁止跨函数强行使用同一输入。	完成	完成	已完成（既有严格审计目标）
316	Filtering/LabelMap	ConvertLabelMapFilter	并行			按对应 ITK/DCU 模块入口执行；抽象基类或框架接口按代表性派生类覆盖。	按对应模块测试程序内部确定性生成；必要时使用根目录 data/ 中的同类型数据。	按对应模块默认尺寸和参数；禁止跨函数强行使用同一输入。	完成	完成	已完成（既有严格审计目标）
317	Filtering/LabelMap	CropLabelMapFilter	并行			按对应 ITK/DCU 模块入口执行；抽象基类或框架接口按代表性派生类覆盖。	按对应模块测试程序内部确定性生成；必要时使用根目录 data/ 中的同类型数据。	按对应模块默认尺寸和参数；禁止跨函数强行使用同一输入。	完成	完成	已完成（既有严格审计目标）
318	Filtering/LabelMap	InPlaceLabelMapFilter	并行			按对应 ITK/DCU 模块入口执行；抽象基类或框架接口按代表性派生类覆盖。	按对应模块测试程序内部确定性生成；必要时使用根目录 data/ 中的同类型数据。	按对应模块默认尺寸和参数；禁止跨函数强行使用同一输入。	完成	完成	已完成（既有严格审计目标）
319	Filtering/LabelMap	LabelImageToLabelMapFilter	并行			按对应 ITK/DCU 模块入口执行；抽象基类或框架接口按代表性派生类覆盖。	按对应模块测试程序内部确定性生成；必要时使用根目录 data/ 中的同类型数据。	按对应模块默认尺寸和参数；禁止跨函数强行使用同一输入。	完成	完成	已完成（既有严格审计目标）
320	Filtering/LabelMap	LabelImageToShapeLabelMapFilter	并行			按对应 ITK/DCU 模块入口执行；抽象基类或框架接口按代表性派生类覆盖。	按对应模块测试程序内部确定性生成；必要时使用根目录 data/ 中的同类型数据。	按对应模块默认尺寸和参数；禁止跨函数强行使用同一输入。	完成	完成	已完成（既有严格审计目标）
321	Filtering/LabelMap	LabelImageToStatisticsLabelMapFilter	并行			按对应 ITK/DCU 模块入口执行；抽象基类或框架接口按代表性派生类覆盖。	按对应模块测试程序内部确定性生成；必要时使用根目录 data/ 中的同类型数据。	按对应模块默认尺寸和参数；禁止跨函数强行使用同一输入。	完成	完成	已完成（既有严格审计目标）
322	Filtering/LabelMap	LabelMapFilter	并行			按对应 ITK/DCU 模块入口执行；抽象基类或框架接口按代表性派生类覆盖。	按对应模块测试程序内部确定性生成；必要时使用根目录 data/ 中的同类型数据。	按对应模块默认尺寸和参数；禁止跨函数强行使用同一输入。	完成	完成	已完成（既有严格审计目标）
323	Filtering/LabelMap	LabelMapMaskImageFilter	并行			按对应 ITK/DCU 模块入口执行；抽象基类或框架接口按代表性派生类覆盖。	按对应模块测试程序内部确定性生成；必要时使用根目录 data/ 中的同类型数据。	按对应模块默认尺寸和参数；禁止跨函数强行使用同一输入。	完成	完成	已完成（既有严格审计目标）
324	Filtering/LabelMap	LabelMapToAttributeImageFilter	并行			按对应 ITK/DCU 模块入口执行；抽象基类或框架接口按代表性派生类覆盖。	按对应模块测试程序内部确定性生成；必要时使用根目录 data/ 中的同类型数据。	按对应模块默认尺寸和参数；禁止跨函数强行使用同一输入。	完成	未完成验收	已有同名HIP实现，未逐项运行验收
325	Filtering/LabelMap	LabelMapToBinaryImageFilter	并行			按对应 ITK/DCU 模块入口执行；抽象基类或框架接口按代表性派生类覆盖。	按对应模块测试程序内部确定性生成；必要时使用根目录 data/ 中的同类型数据。	按对应模块默认尺寸和参数；禁止跨函数强行使用同一输入。	完成	完成	已完成（既有严格审计目标）
326	Filtering/LabelMap	LabelMapToLabelImageFilter	并行			按对应 ITK/DCU 模块入口执行；抽象基类或框架接口按代表性派生类覆盖。	按对应模块测试程序内部确定性生成；必要时使用根目录 data/ 中的同类型数据。	按对应模块默认尺寸和参数；禁止跨函数强行使用同一输入。	完成	完成	已完成（既有严格审计目标）
327	Filtering/LabelMap	LabelSelectionLabelMapFilter	并行			按对应 ITK/DCU 模块入口执行；抽象基类或框架接口按代表性派生类覆盖。	按对应模块测试程序内部确定性生成；必要时使用根目录 data/ 中的同类型数据。	按对应模块默认尺寸和参数；禁止跨函数强行使用同一输入。	完成	完成	已完成（既有严格审计目标）
328	Filtering/LabelMap	LabelShapeKeepNObjectsImageFilter	并行			按对应 ITK/DCU 模块入口执行；抽象基类或框架接口按代表性派生类覆盖。	按对应模块测试程序内部确定性生成；必要时使用根目录 data/ 中的同类型数据。	按对应模块默认尺寸和参数；禁止跨函数强行使用同一输入。	完成	完成	已完成（既有严格审计目标）
329	Filtering/LabelMap	LabelShapeOpeningImageFilter	并行			按对应 ITK/DCU 模块入口执行；抽象基类或框架接口按代表性派生类覆盖。	按对应模块测试程序内部确定性生成；必要时使用根目录 data/ 中的同类型数据。	按对应模块默认尺寸和参数；禁止跨函数强行使用同一输入。	完成	完成	已完成（既有严格审计目标）
330	Filtering/LabelMap	LabelStatisticsKeepNObjectsImageFilter	并行			按对应 ITK/DCU 模块入口执行；抽象基类或框架接口按代表性派生类覆盖。	按对应模块测试程序内部确定性生成；必要时使用根目录 data/ 中的同类型数据。	按对应模块默认尺寸和参数；禁止跨函数强行使用同一输入。	完成	完成	已完成（既有严格审计目标）
331	Filtering/LabelMap	LabelStatisticsOpeningImageFilter	并行			按对应 ITK/DCU 模块入口执行；抽象基类或框架接口按代表性派生类覆盖。	按对应模块测试程序内部确定性生成；必要时使用根目录 data/ 中的同类型数据。	按对应模块默认尺寸和参数；禁止跨函数强行使用同一输入。	完成	完成	已完成（既有严格审计目标）
332	Filtering/LabelMap	LabelUniqueLabelMapFilter	并行			按对应 ITK/DCU 模块入口执行；抽象基类或框架接口按代表性派生类覆盖。	按对应模块测试程序内部确定性生成；必要时使用根目录 data/ 中的同类型数据。	按对应模块默认尺寸和参数；禁止跨函数强行使用同一输入。	完成	完成	已完成（既有严格审计目标）
333	Filtering/LabelMap	MergeLabelMapFilter	并行			按对应 ITK/DCU 模块入口执行；抽象基类或框架接口按代表性派生类覆盖。	按对应模块测试程序内部确定性生成；必要时使用根目录 data/ 中的同类型数据。	按对应模块默认尺寸和参数；禁止跨函数强行使用同一输入。	完成	完成	已完成（既有严格审计目标）
334	Filtering/LabelMap	ObjectByObjectLabelMapFilter	并行			按对应 ITK/DCU 模块入口执行；抽象基类或框架接口按代表性派生类覆盖。	按对应模块测试程序内部确定性生成；必要时使用根目录 data/ 中的同类型数据。	按对应模块默认尺寸和参数；禁止跨函数强行使用同一输入。	完成	完成	已完成（既有严格审计目标）
335	Filtering/LabelMap	PadLabelMapFilter	并行			按对应 ITK/DCU 模块入口执行；抽象基类或框架接口按代表性派生类覆盖。	按对应模块测试程序内部确定性生成；必要时使用根目录 data/ 中的同类型数据。	按对应模块默认尺寸和参数；禁止跨函数强行使用同一输入。	完成	完成	已完成（既有严格审计目标）
336	Filtering/LabelMap	RegionFromReferenceLabelMapFilter	并行			按对应 ITK/DCU 模块入口执行；抽象基类或框架接口按代表性派生类覆盖。	按对应模块测试程序内部确定性生成；必要时使用根目录 data/ 中的同类型数据。	按对应模块默认尺寸和参数；禁止跨函数强行使用同一输入。	完成	完成	已完成（既有严格审计目标）
337	Filtering/LabelMap	RelabelLabelMapFilter	并行			按对应 ITK/DCU 模块入口执行；抽象基类或框架接口按代表性派生类覆盖。	按对应模块测试程序内部确定性生成；必要时使用根目录 data/ 中的同类型数据。	按对应模块默认尺寸和参数；禁止跨函数强行使用同一输入。	完成	完成	已完成（既有严格审计目标）
338	Filtering/LabelMap	ShapeKeepNObjectsLabelMapFilter	并行			按对应 ITK/DCU 模块入口执行；抽象基类或框架接口按代表性派生类覆盖。	按对应模块测试程序内部确定性生成；必要时使用根目录 data/ 中的同类型数据。	按对应模块默认尺寸和参数；禁止跨函数强行使用同一输入。	完成	完成	已完成（既有严格审计目标）
339	Filtering/LabelMap	ShapeLabelMapFilter	并行			按对应 ITK/DCU 模块入口执行；抽象基类或框架接口按代表性派生类覆盖。	按对应模块测试程序内部确定性生成；必要时使用根目录 data/ 中的同类型数据。	按对应模块默认尺寸和参数；禁止跨函数强行使用同一输入。	完成	完成	已完成（既有严格审计目标）
340	Filtering/LabelMap	ShapeOpeningLabelMapFilter	并行			按对应 ITK/DCU 模块入口执行；抽象基类或框架接口按代表性派生类覆盖。	按对应模块测试程序内部确定性生成；必要时使用根目录 data/ 中的同类型数据。	按对应模块默认尺寸和参数；禁止跨函数强行使用同一输入。	完成	完成	已完成（既有严格审计目标）
341	Filtering/LabelMap	ShapePositionLabelMapFilter	并行			按对应 ITK/DCU 模块入口执行；抽象基类或框架接口按代表性派生类覆盖。	按对应模块测试程序内部确定性生成；必要时使用根目录 data/ 中的同类型数据。	按对应模块默认尺寸和参数；禁止跨函数强行使用同一输入。	完成	完成	已完成（既有严格审计目标）
342	Filtering/LabelMap	ShapeRelabelImageFilter	并行			按对应 ITK/DCU 模块入口执行；抽象基类或框架接口按代表性派生类覆盖。	按对应模块测试程序内部确定性生成；必要时使用根目录 data/ 中的同类型数据。	按对应模块默认尺寸和参数；禁止跨函数强行使用同一输入。	完成	完成	已完成（既有严格审计目标）
343	Filtering/LabelMap	ShapeRelabelLabelMapFilter	并行			按对应 ITK/DCU 模块入口执行；抽象基类或框架接口按代表性派生类覆盖。	按对应模块测试程序内部确定性生成；必要时使用根目录 data/ 中的同类型数据。	按对应模块默认尺寸和参数；禁止跨函数强行使用同一输入。	完成	完成	已完成（既有严格审计目标）
344	Filtering/LabelMap	ShapeUniqueLabelMapFilter	并行			按对应 ITK/DCU 模块入口执行；抽象基类或框架接口按代表性派生类覆盖。	按对应模块测试程序内部确定性生成；必要时使用根目录 data/ 中的同类型数据。	按对应模块默认尺寸和参数；禁止跨函数强行使用同一输入。	完成	完成	已完成（既有严格审计目标）
345	Filtering/LabelMap	ShiftScaleLabelMapFilter	并行			按对应 ITK/DCU 模块入口执行；抽象基类或框架接口按代表性派生类覆盖。	按对应模块测试程序内部确定性生成；必要时使用根目录 data/ 中的同类型数据。	按对应模块默认尺寸和参数；禁止跨函数强行使用同一输入。	完成	完成	已完成（既有严格审计目标）
346	Filtering/LabelMap	StatisticsKeepNObjectsLabelMapFilter	并行			按对应 ITK/DCU 模块入口执行；抽象基类或框架接口按代表性派生类覆盖。	按对应模块测试程序内部确定性生成；必要时使用根目录 data/ 中的同类型数据。	按对应模块默认尺寸和参数；禁止跨函数强行使用同一输入。	完成	完成	已完成（既有严格审计目标）
347	Filtering/LabelMap	StatisticsLabelMapFilter	并行			按对应 ITK/DCU 模块入口执行；抽象基类或框架接口按代表性派生类覆盖。	按对应模块测试程序内部确定性生成；必要时使用根目录 data/ 中的同类型数据。	按对应模块默认尺寸和参数；禁止跨函数强行使用同一输入。	完成	完成	已完成（既有严格审计目标）
348	Filtering/LabelMap	StatisticsOpeningLabelMapFilter	并行			按对应 ITK/DCU 模块入口执行；抽象基类或框架接口按代表性派生类覆盖。	按对应模块测试程序内部确定性生成；必要时使用根目录 data/ 中的同类型数据。	按对应模块默认尺寸和参数；禁止跨函数强行使用同一输入。	完成	完成	已完成（既有严格审计目标）
349	Filtering/LabelMap	StatisticsPositionLabelMapFilter	并行			按对应 ITK/DCU 模块入口执行；抽象基类或框架接口按代表性派生类覆盖。	按对应模块测试程序内部确定性生成；必要时使用根目录 data/ 中的同类型数据。	按对应模块默认尺寸和参数；禁止跨函数强行使用同一输入。	完成	完成	已完成（既有严格审计目标）
350	Filtering/LabelMap	StatisticsRelabelImageFilter	并行			按对应 ITK/DCU 模块入口执行；抽象基类或框架接口按代表性派生类覆盖。	按对应模块测试程序内部确定性生成；必要时使用根目录 data/ 中的同类型数据。	按对应模块默认尺寸和参数；禁止跨函数强行使用同一输入。	完成	完成	已完成（既有严格审计目标）
351	Filtering/LabelMap	StatisticsRelabelLabelMapFilter	并行			按对应 ITK/DCU 模块入口执行；抽象基类或框架接口按代表性派生类覆盖。	按对应模块测试程序内部确定性生成；必要时使用根目录 data/ 中的同类型数据。	按对应模块默认尺寸和参数；禁止跨函数强行使用同一输入。	完成	完成	已完成（既有严格审计目标）
352	Filtering/LabelMap	StatisticsUniqueLabelMapFilter	并行			按对应 ITK/DCU 模块入口执行；抽象基类或框架接口按代表性派生类覆盖。	按对应模块测试程序内部确定性生成；必要时使用根目录 data/ 中的同类型数据。	按对应模块默认尺寸和参数；禁止跨函数强行使用同一输入。	完成	完成	已完成（既有严格审计目标）
353	Filtering/MathematicalMorphology	AnchorCloseImageFilter	并行	hip_mathematical_morphology_benchmark	有：G-L完整	固定标量、二值或标签2D输入；比较一致性、拓扑和端到端墙钟	程序内部确定性生成标量、二值或标签图像；不是官方图像文件	以对应模块程序内置尺寸和参数为准	完成	完成	已完成（既有严格审计目标）
354	Filtering/MathematicalMorphology	AnchorDilateImageFilter	并行	hip_mathematical_morphology_benchmark	有：G-L完整	固定标量、二值或标签2D输入；比较一致性、拓扑和端到端墙钟	程序内部确定性生成标量、二值或标签图像；不是官方图像文件	以对应模块程序内置尺寸和参数为准	完成	完成	已完成（既有严格审计目标）
355	Filtering/MathematicalMorphology	AnchorErodeDilateImageFilter	并行			按对应 ITK/DCU 模块入口执行；抽象基类或框架接口按代表性派生类覆盖。	按对应模块测试程序内部确定性生成；必要时使用根目录 data/ 中的同类型数据。	按对应模块默认尺寸和参数；禁止跨函数强行使用同一输入。	完成	完成	已完成（既有严格审计目标）
356	Filtering/MathematicalMorphology	AnchorErodeImageFilter	并行	hip_mathematical_morphology_benchmark	有：G-L完整	固定标量、二值或标签2D输入；比较一致性、拓扑和端到端墙钟	程序内部确定性生成标量、二值或标签图像；不是官方图像文件	以对应模块程序内置尺寸和参数为准	完成	完成	已完成（既有严格审计目标）
357	Filtering/MathematicalMorphology	AnchorOpenCloseImageFilter	并行			按对应 ITK/DCU 模块入口执行；抽象基类或框架接口按代表性派生类覆盖。	按对应模块测试程序内部确定性生成；必要时使用根目录 data/ 中的同类型数据。	按对应模块默认尺寸和参数；禁止跨函数强行使用同一输入。	完成	完成	已完成（既有严格审计目标）
358	Filtering/MathematicalMorphology	AnchorOpenImageFilter	并行	hip_mathematical_morphology_benchmark	有：G-L完整	固定标量、二值或标签2D输入；比较一致性、拓扑和端到端墙钟	程序内部确定性生成标量、二值或标签图像；不是官方图像文件	以对应模块程序内置尺寸和参数为准	完成	完成	已完成（既有严格审计目标）
359	Filtering/MathematicalMorphology	BasicDilateImageFilter	并行	hip_mathematical_morphology_benchmark	有：G-L完整	固定标量、二值或标签2D输入；比较一致性、拓扑和端到端墙钟	程序内部确定性生成标量、二值或标签图像；不是官方图像文件	以对应模块程序内置尺寸和参数为准	完成	完成	已完成（既有严格审计目标）
360	Filtering/MathematicalMorphology	BasicErodeImageFilter	并行	hip_mathematical_morphology_benchmark	有：G-L完整	固定标量、二值或标签2D输入；比较一致性、拓扑和端到端墙钟	程序内部确定性生成标量、二值或标签图像；不是官方图像文件	以对应模块程序内置尺寸和参数为准	完成	完成	已完成（既有严格审计目标）
361	Filtering/MathematicalMorphology	BlackTopHatImageFilter	并行	hip_mathematical_morphology_benchmark	有：G-L完整	固定标量、二值或标签2D输入；比较一致性、拓扑和端到端墙钟	程序内部确定性生成标量、二值或标签图像；不是官方图像文件	以对应模块程序内置尺寸和参数为准	完成	完成	已完成（既有严格审计目标）
362	Filtering/MathematicalMorphology	ClosingByReconstructionImageFilter	串行			按对应 ITK/DCU 模块入口执行；抽象基类或框架接口按代表性派生类覆盖。	按对应模块测试程序内部确定性生成；必要时使用根目录 data/ 中的同类型数据。	按对应模块默认尺寸和参数；禁止跨函数强行使用同一输入。	完成	完成	已完成（既有严格审计目标）
363	Filtering/MathematicalMorphology	DoubleThresholdImageFilter	并行	hip_mathematical_morphology_benchmark	有：G-L部分	固定标量、二值或标签2D输入；比较一致性、拓扑和端到端墙钟	程序内部确定性生成标量、二值或标签图像；不是官方图像文件	以对应模块程序内置尺寸和参数为准	完成	完成	已完成（既有严格审计目标）
364	Filtering/MathematicalMorphology	GrayscaleConnectedClosingImageFilter	并行	hip_mathematical_morphology_benchmark	有：G-L完整	固定标量、二值或标签2D输入；比较一致性、拓扑和端到端墙钟	程序内部确定性生成标量、二值或标签图像；不是官方图像文件	以对应模块程序内置尺寸和参数为准	完成	未完成验收	已有同名HIP实现，未逐项运行验收
365	Filtering/MathematicalMorphology	GrayscaleConnectedOpeningImageFilter	并行	hip_mathematical_morphology_benchmark	有：G-L完整	固定标量、二值或标签2D输入；比较一致性、拓扑和端到端墙钟	程序内部确定性生成标量、二值或标签图像；不是官方图像文件	以对应模块程序内置尺寸和参数为准	完成	未完成验收	已有同名HIP实现，未逐项运行验收
366	Filtering/MathematicalMorphology	GrayscaleDilateImageFilter	并行	hip_mathematical_morphology_benchmark	有：G-L完整	固定标量、二值或标签2D输入；比较一致性、拓扑和端到端墙钟	程序内部确定性生成标量、二值或标签图像；不是官方图像文件	以对应模块程序内置尺寸和参数为准	完成	完成	已完成（既有严格审计目标）
367	Filtering/MathematicalMorphology	GrayscaleErodeImageFilter	并行	hip_mathematical_morphology_benchmark	有：G-L完整	固定标量、二值或标签2D输入；比较一致性、拓扑和端到端墙钟	程序内部确定性生成标量、二值或标签图像；不是官方图像文件	以对应模块程序内置尺寸和参数为准	完成	完成	已完成（既有严格审计目标）
368	Filtering/MathematicalMorphology	GrayscaleFillholeImageFilter	串行			按对应 ITK/DCU 模块入口执行；抽象基类或框架接口按代表性派生类覆盖。	按对应模块测试程序内部确定性生成；必要时使用根目录 data/ 中的同类型数据。	按对应模块默认尺寸和参数；禁止跨函数强行使用同一输入。	完成	未完成验收	已有同名HIP实现，未逐项运行验收
369	Filtering/MathematicalMorphology	GrayscaleFunctionDilateImageFilter	并行	hip_mathematical_morphology_benchmark	有：G-L完整	固定标量、二值或标签2D输入；比较一致性、拓扑和端到端墙钟	程序内部确定性生成标量、二值或标签图像；不是官方图像文件	以对应模块程序内置尺寸和参数为准	完成	完成	已完成（既有严格审计目标）
370	Filtering/MathematicalMorphology	GrayscaleFunctionErodeImageFilter	并行	hip_mathematical_morphology_benchmark	有：G-L完整	固定标量、二值或标签2D输入；比较一致性、拓扑和端到端墙钟	程序内部确定性生成标量、二值或标签图像；不是官方图像文件	以对应模块程序内置尺寸和参数为准	完成	完成	已完成（既有严格审计目标）
371	Filtering/MathematicalMorphology	GrayscaleGeodesicDilateImageFilter	并行	hip_mathematical_morphology_benchmark	有：G-L完整	固定标量、二值或标签2D输入；比较一致性、拓扑和端到端墙钟	程序内部确定性生成标量、二值或标签图像；不是官方图像文件	以对应模块程序内置尺寸和参数为准	完成	完成	已完成（既有严格审计目标）
372	Filtering/MathematicalMorphology	GrayscaleGeodesicErodeImageFilter	并行	hip_mathematical_morphology_benchmark	有：G-L完整	固定标量、二值或标签2D输入；比较一致性、拓扑和端到端墙钟	程序内部确定性生成标量、二值或标签图像；不是官方图像文件	以对应模块程序内置尺寸和参数为准	完成	完成	已完成（既有严格审计目标）
373	Filtering/MathematicalMorphology	GrayscaleGrindPeakImageFilter	串行			按对应 ITK/DCU 模块入口执行；抽象基类或框架接口按代表性派生类覆盖。	按对应模块测试程序内部确定性生成；必要时使用根目录 data/ 中的同类型数据。	按对应模块默认尺寸和参数；禁止跨函数强行使用同一输入。	完成	未完成验收	已有同名HIP实现，未逐项运行验收
374	Filtering/MathematicalMorphology	GrayscaleMorphologicalClosingImageFilter	并行	hip_mathematical_morphology_benchmark	有：G-L完整	固定标量、二值或标签2D输入；比较一致性、拓扑和端到端墙钟	程序内部确定性生成标量、二值或标签图像；不是官方图像文件	以对应模块程序内置尺寸和参数为准	完成	完成	已完成（既有严格审计目标）
375	Filtering/MathematicalMorphology	GrayscaleMorphologicalOpeningImageFilter	并行	hip_mathematical_morphology_benchmark	有：G-L完整	固定标量、二值或标签2D输入；比较一致性、拓扑和端到端墙钟	程序内部确定性生成标量、二值或标签图像；不是官方图像文件	以对应模块程序内置尺寸和参数为准	完成	完成	已完成（既有严格审计目标）
376	Filtering/MathematicalMorphology	HConcaveImageFilter	串行			按对应 ITK/DCU 模块入口执行；抽象基类或框架接口按代表性派生类覆盖。	按对应模块测试程序内部确定性生成；必要时使用根目录 data/ 中的同类型数据。	按对应模块默认尺寸和参数；禁止跨函数强行使用同一输入。	完成	完成	已完成（既有严格审计目标）
377	Filtering/MathematicalMorphology	HConvexImageFilter	串行			按对应 ITK/DCU 模块入口执行；抽象基类或框架接口按代表性派生类覆盖。	按对应模块测试程序内部确定性生成；必要时使用根目录 data/ 中的同类型数据。	按对应模块默认尺寸和参数；禁止跨函数强行使用同一输入。	完成	完成	已完成（既有严格审计目标）
378	Filtering/MathematicalMorphology	HMaximaImageFilter	串行			按对应 ITK/DCU 模块入口执行；抽象基类或框架接口按代表性派生类覆盖。	按对应模块测试程序内部确定性生成；必要时使用根目录 data/ 中的同类型数据。	按对应模块默认尺寸和参数；禁止跨函数强行使用同一输入。	完成	完成	已完成（既有严格审计目标）
379	Filtering/MathematicalMorphology	HMinimaImageFilter	串行			按对应 ITK/DCU 模块入口执行；抽象基类或框架接口按代表性派生类覆盖。	按对应模块测试程序内部确定性生成；必要时使用根目录 data/ 中的同类型数据。	按对应模块默认尺寸和参数；禁止跨函数强行使用同一输入。	完成	完成	已完成（既有严格审计目标）
380	Filtering/MathematicalMorphology	MaskedMovingHistogramImageFilter	并行	hip_mathematical_morphology_benchmark	有：G-L部分	固定标量、二值或标签2D输入；比较一致性、拓扑和端到端墙钟	程序内部确定性生成标量、二值或标签图像；不是官方图像文件	以对应模块程序内置尺寸和参数为准	完成	完成	已完成（既有严格审计目标）
381	Filtering/MathematicalMorphology	MaskedRankImageFilter	并行	hip_mathematical_morphology_benchmark	有：G-L完整	固定标量、二值或标签2D输入；比较一致性、拓扑和端到端墙钟	程序内部确定性生成标量、二值或标签图像；不是官方图像文件	以对应模块程序内置尺寸和参数为准	完成	完成	已完成（既有严格审计目标）
382	Filtering/MathematicalMorphology	MorphologicalGradientImageFilter	并行	hip_mathematical_morphology_benchmark	有：G-L完整	固定标量、二值或标签2D输入；比较一致性、拓扑和端到端墙钟	程序内部确定性生成标量、二值或标签图像；不是官方图像文件	以对应模块程序内置尺寸和参数为准	完成	完成	已完成（既有严格审计目标）
383	Filtering/MathematicalMorphology	MorphologyImageFilter	并行			按对应 ITK/DCU 模块入口执行；抽象基类或框架接口按代表性派生类覆盖。	按对应模块测试程序内部确定性生成；必要时使用根目录 data/ 中的同类型数据。	按对应模块默认尺寸和参数；禁止跨函数强行使用同一输入。	完成	完成	已完成（既有严格审计目标）
384	Filtering/MathematicalMorphology	MovingHistogramDilateImageFilter	并行	hip_mathematical_morphology_benchmark	有：G-L完整	固定标量、二值或标签2D输入；比较一致性、拓扑和端到端墙钟	程序内部确定性生成标量、二值或标签图像；不是官方图像文件	以对应模块程序内置尺寸和参数为准	完成	完成	已完成（既有严格审计目标）
385	Filtering/MathematicalMorphology	MovingHistogramErodeImageFilter	并行	hip_mathematical_morphology_benchmark	有：G-L完整	固定标量、二值或标签2D输入；比较一致性、拓扑和端到端墙钟	程序内部确定性生成标量、二值或标签图像；不是官方图像文件	以对应模块程序内置尺寸和参数为准	完成	完成	已完成（既有严格审计目标）
386	Filtering/MathematicalMorphology	MovingHistogramMorphologicalGradientImageFilter	并行	hip_mathematical_morphology_benchmark	有：G-L完整	固定标量、二值或标签2D输入；比较一致性、拓扑和端到端墙钟	程序内部确定性生成标量、二值或标签图像；不是官方图像文件	以对应模块程序内置尺寸和参数为准	完成	完成	已完成（既有严格审计目标）
387	Filtering/MathematicalMorphology	MovingHistogramMorphologyImageFilter	并行			按对应 ITK/DCU 模块入口执行；抽象基类或框架接口按代表性派生类覆盖。	按对应模块测试程序内部确定性生成；必要时使用根目录 data/ 中的同类型数据。	按对应模块默认尺寸和参数；禁止跨函数强行使用同一输入。	完成	完成	已完成（既有严格审计目标）
388	Filtering/MathematicalMorphology	OpeningByReconstructionImageFilter	串行			按对应 ITK/DCU 模块入口执行；抽象基类或框架接口按代表性派生类覆盖。	按对应模块测试程序内部确定性生成；必要时使用根目录 data/ 中的同类型数据。	按对应模块默认尺寸和参数；禁止跨函数强行使用同一输入。	完成	完成	已完成（既有严格审计目标）
389	Filtering/MathematicalMorphology	RankImageFilter	并行	hip_mathematical_morphology_benchmark	有：G-L完整	固定标量、二值或标签2D输入；比较一致性、拓扑和端到端墙钟	程序内部确定性生成标量、二值或标签图像；不是官方图像文件	以对应模块程序内置尺寸和参数为准	完成	完成	已完成（既有严格审计目标）
390	Filtering/MathematicalMorphology	ReconstructionByDilationImageFilter	并行	hip_mathematical_morphology_benchmark	有：G-L完整	固定标量、二值或标签2D输入；比较一致性、拓扑和端到端墙钟	程序内部确定性生成标量、二值或标签图像；不是官方图像文件	以对应模块程序内置尺寸和参数为准	完成	未完成验收	已有同名HIP实现，未逐项运行验收
391	Filtering/MathematicalMorphology	ReconstructionByErosionImageFilter	并行	hip_mathematical_morphology_benchmark	有：G-L完整	固定标量、二值或标签2D输入；比较一致性、拓扑和端到端墙钟	程序内部确定性生成标量、二值或标签图像；不是官方图像文件	以对应模块程序内置尺寸和参数为准	完成	未完成验收	已有同名HIP实现，未逐项运行验收
392	Filtering/MathematicalMorphology	ReconstructionImageFilter	并行			按对应 ITK/DCU 模块入口执行；抽象基类或框架接口按代表性派生类覆盖。	按对应模块测试程序内部确定性生成；必要时使用根目录 data/ 中的同类型数据。	按对应模块默认尺寸和参数；禁止跨函数强行使用同一输入。	完成	未完成验收	仅共享后端/静态计算类型证据，未逐项运行验收
393	Filtering/MathematicalMorphology	RegionalMaximaImageFilter	串行			按对应 ITK/DCU 模块入口执行；抽象基类或框架接口按代表性派生类覆盖。	按对应模块测试程序内部确定性生成；必要时使用根目录 data/ 中的同类型数据。	按对应模块默认尺寸和参数；禁止跨函数强行使用同一输入。	完成	完成	已完成（既有严格审计目标）
394	Filtering/MathematicalMorphology	RegionalMinimaImageFilter	串行			按对应 ITK/DCU 模块入口执行；抽象基类或框架接口按代表性派生类覆盖。	按对应模块测试程序内部确定性生成；必要时使用根目录 data/ 中的同类型数据。	按对应模块默认尺寸和参数；禁止跨函数强行使用同一输入。	完成	完成	已完成（既有严格审计目标）
395	Filtering/MathematicalMorphology	ValuedRegionalExtremaImageFilter	并行			按对应 ITK/DCU 模块入口执行；抽象基类或框架接口按代表性派生类覆盖。	按对应模块测试程序内部确定性生成；必要时使用根目录 data/ 中的同类型数据。	按对应模块默认尺寸和参数；禁止跨函数强行使用同一输入。	完成	未完成验收	仅共享后端/静态计算类型证据，未逐项运行验收
396	Filtering/MathematicalMorphology	ValuedRegionalMaximaImageFilter	串行			按对应 ITK/DCU 模块入口执行；抽象基类或框架接口按代表性派生类覆盖。	按对应模块测试程序内部确定性生成；必要时使用根目录 data/ 中的同类型数据。	按对应模块默认尺寸和参数；禁止跨函数强行使用同一输入。	完成	未完成验收	已有同名HIP实现，未逐项运行验收
397	Filtering/MathematicalMorphology	ValuedRegionalMinimaImageFilter	串行			按对应 ITK/DCU 模块入口执行；抽象基类或框架接口按代表性派生类覆盖。	按对应模块测试程序内部确定性生成；必要时使用根目录 data/ 中的同类型数据。	按对应模块默认尺寸和参数；禁止跨函数强行使用同一输入。	完成	未完成验收	已有同名HIP实现，未逐项运行验收
398	Filtering/MathematicalMorphology	VanHerkGilWermanDilateImageFilter	并行	hip_mathematical_morphology_benchmark	有：G-L完整	固定标量、二值或标签2D输入；比较一致性、拓扑和端到端墙钟	程序内部确定性生成标量、二值或标签图像；不是官方图像文件	以对应模块程序内置尺寸和参数为准	完成	完成	已完成（既有严格审计目标）
399	Filtering/MathematicalMorphology	VanHerkGilWermanErodeDilateImageFilter	并行			按对应 ITK/DCU 模块入口执行；抽象基类或框架接口按代表性派生类覆盖。	按对应模块测试程序内部确定性生成；必要时使用根目录 data/ 中的同类型数据。	按对应模块默认尺寸和参数；禁止跨函数强行使用同一输入。	完成	完成	已完成（既有严格审计目标）
400	Filtering/MathematicalMorphology	VanHerkGilWermanErodeImageFilter	并行	hip_mathematical_morphology_benchmark	有：G-L完整	固定标量、二值或标签2D输入；比较一致性、拓扑和端到端墙钟	程序内部确定性生成标量、二值或标签图像；不是官方图像文件	以对应模块程序内置尺寸和参数为准	完成	完成	已完成（既有严格审计目标）
401	Filtering/MathematicalMorphology	WhiteTopHatImageFilter	并行	hip_mathematical_morphology_benchmark	有：G-L完整	固定标量、二值或标签2D输入；比较一致性、拓扑和端到端墙钟	程序内部确定性生成标量、二值或标签图像；不是官方图像文件	以对应模块程序内置尺寸和参数为准	完成	完成	已完成（既有严格审计目标）
402	Filtering/Path	ChainCodeToFourierSeriesPathFilter	并行	hip_path_compatibility_benchmark / hip_stage5_path_contour_test	有：G-L部分	固定路径、点集、网格或空间对象；比较几何、拓扑和端到端墙钟	程序内部固定生成路径、点集、网格或空间对象；不是官方数据文件	以对应模块程序内置尺寸和参数为准	完成	未完成验收	仅共享后端/静态计算类型证据，未逐项运行验收
403	Filtering/Path	ContourExtractor2DImageFilter	并行	hip_path_compatibility_benchmark / hip_stage5_path_contour_test	有：G-L完整	固定路径、点集、网格或空间对象；比较几何、拓扑和端到端墙钟	程序内部固定生成路径、点集、网格或空间对象；不是官方数据文件	以对应模块程序内置尺寸和参数为准	完成	完成	已完成（既有严格审计目标）
404	Filtering/Path	ExtractOrthogonalSwath2DImageFilter	并行	hip_path_compatibility_benchmark / hip_stage5_path_contour_test	有：G-L部分	固定路径、点集、网格或空间对象；比较几何、拓扑和端到端墙钟	程序内部固定生成路径、点集、网格或空间对象；不是官方数据文件	以对应模块程序内置尺寸和参数为准	完成	未完成验收	仅共享后端/静态计算类型证据，未逐项运行验收
405	Filtering/Path	ImageAndPathToImageFilter	并行			按对应 ITK/DCU 模块入口执行；抽象基类或框架接口按代表性派生类覆盖。	按对应模块测试程序内部确定性生成；必要时使用根目录 data/ 中的同类型数据。	按对应模块默认尺寸和参数；禁止跨函数强行使用同一输入。	完成	未完成验收	仅共享后端/静态计算类型证据，未逐项运行验收
406	Filtering/Path	ImageToPathFilter	并行			按对应 ITK/DCU 模块入口执行；抽象基类或框架接口按代表性派生类覆盖。	按对应模块测试程序内部确定性生成；必要时使用根目录 data/ 中的同类型数据。	按对应模块默认尺寸和参数；禁止跨函数强行使用同一输入。	完成	未完成验收	仅共享后端/静态计算类型证据，未逐项运行验收
407	Filtering/Path	OrthogonalSwath2DPathFilter	并行	hip_path_compatibility_benchmark / hip_stage5_path_contour_test	有：G-L部分	固定路径、点集、网格或空间对象；比较几何、拓扑和端到端墙钟	程序内部固定生成路径、点集、网格或空间对象；不是官方数据文件	以对应模块程序内置尺寸和参数为准	完成	未完成验收	仅共享后端/静态计算类型证据，未逐项运行验收
408	Filtering/Path	PathAndImageToPathFilter	并行			按对应 ITK/DCU 模块入口执行；抽象基类或框架接口按代表性派生类覆盖。	按对应模块测试程序内部确定性生成；必要时使用根目录 data/ 中的同类型数据。	按对应模块默认尺寸和参数；禁止跨函数强行使用同一输入。	完成	未完成验收	仅共享后端/静态计算类型证据，未逐项运行验收
409	Filtering/Path	PathToChainCodePathFilter	并行	hip_path_compatibility_benchmark / hip_stage5_path_contour_test	有：G-L部分	固定路径、点集、网格或空间对象；比较几何、拓扑和端到端墙钟	程序内部固定生成路径、点集、网格或空间对象；不是官方数据文件	以对应模块程序内置尺寸和参数为准	完成	未完成验收	仅共享后端/静态计算类型证据，未逐项运行验收
410	Filtering/Path	PathToImageFilter	并行	hip_path_compatibility_benchmark / hip_stage5_path_contour_test	有：G-L部分	固定路径、点集、网格或空间对象；比较几何、拓扑和端到端墙钟	程序内部固定生成路径、点集、网格或空间对象；不是官方数据文件	以对应模块程序内置尺寸和参数为准	完成	未完成验收	仅共享后端/静态计算类型证据，未逐项运行验收
411	Filtering/Path	PathToPathFilter	并行			按对应 ITK/DCU 模块入口执行；抽象基类或框架接口按代表性派生类覆盖。	按对应模块测试程序内部确定性生成；必要时使用根目录 data/ 中的同类型数据。	按对应模块默认尺寸和参数；禁止跨函数强行使用同一输入。	完成	未完成验收	仅共享后端/静态计算类型证据，未逐项运行验收
412	Filtering/QuadEdgeMeshFiltering	BorderQuadEdgeMeshFilter	并行	hip_mesh_compatibility_benchmark	有：G-L部分	固定路径、点集、网格或空间对象；比较几何、拓扑和端到端墙钟	程序内部固定生成路径、点集、网格或空间对象；不是官方数据文件	以对应模块程序内置尺寸和参数为准	完成	未完成	未发现HIP迁移证据
413	Filtering/QuadEdgeMeshFiltering	CleanQuadEdgeMeshFilter	并行	hip_mesh_compatibility_benchmark	有：G-L部分	固定路径、点集、网格或空间对象；比较几何、拓扑和端到端墙钟	程序内部固定生成路径、点集、网格或空间对象；不是官方数据文件	以对应模块程序内置尺寸和参数为准	完成	未完成	未发现HIP迁移证据
414	Filtering/QuadEdgeMeshFiltering	DecimationQuadEdgeMeshFilter	并行			按对应 ITK/DCU 模块入口执行；抽象基类或框架接口按代表性派生类覆盖。	按对应模块测试程序内部确定性生成；必要时使用根目录 data/ 中的同类型数据。	按对应模块默认尺寸和参数；禁止跨函数强行使用同一输入。	完成	未完成	未发现HIP迁移证据
415	Filtering/QuadEdgeMeshFiltering	DelaunayConformingQuadEdgeMeshFilter	并行	hip_mesh_compatibility_benchmark	有：G-L部分	固定路径、点集、网格或空间对象；比较几何、拓扑和端到端墙钟	程序内部固定生成路径、点集、网格或空间对象；不是官方数据文件	以对应模块程序内置尺寸和参数为准	完成	未完成	未发现HIP迁移证据
416	Filtering/QuadEdgeMeshFiltering	DiscreteCurvatureQuadEdgeMeshFilter	并行			按对应 ITK/DCU 模块入口执行；抽象基类或框架接口按代表性派生类覆盖。	按对应模块测试程序内部确定性生成；必要时使用根目录 data/ 中的同类型数据。	按对应模块默认尺寸和参数；禁止跨函数强行使用同一输入。	完成	未完成	未发现HIP迁移证据
417	Filtering/QuadEdgeMeshFiltering	DiscreteCurvatureTensorQuadEdgeMeshFilter	并行			按对应 ITK/DCU 模块入口执行；抽象基类或框架接口按代表性派生类覆盖。	按对应模块测试程序内部确定性生成；必要时使用根目录 data/ 中的同类型数据。	按对应模块默认尺寸和参数；禁止跨函数强行使用同一输入。	完成	未完成	未发现HIP迁移证据
418	Filtering/QuadEdgeMeshFiltering	DiscreteGaussianCurvatureQuadEdgeMeshFilter	并行	hip_mesh_compatibility_benchmark	有：G-L部分	固定路径、点集、网格或空间对象；比较几何、拓扑和端到端墙钟	程序内部固定生成路径、点集、网格或空间对象；不是官方数据文件	以对应模块程序内置尺寸和参数为准	完成	未完成	未发现HIP迁移证据
419	Filtering/QuadEdgeMeshFiltering	DiscreteMaximumCurvatureQuadEdgeMeshFilter	并行	hip_mesh_compatibility_benchmark	有：G-L部分	固定路径、点集、网格或空间对象；比较几何、拓扑和端到端墙钟	程序内部固定生成路径、点集、网格或空间对象；不是官方数据文件	以对应模块程序内置尺寸和参数为准	完成	未完成	未发现HIP迁移证据
420	Filtering/QuadEdgeMeshFiltering	DiscreteMeanCurvatureQuadEdgeMeshFilter	并行	hip_mesh_compatibility_benchmark	有：G-L部分	固定路径、点集、网格或空间对象；比较几何、拓扑和端到端墙钟	程序内部固定生成路径、点集、网格或空间对象；不是官方数据文件	以对应模块程序内置尺寸和参数为准	完成	未完成	未发现HIP迁移证据
421	Filtering/QuadEdgeMeshFiltering	DiscreteMinimumCurvatureQuadEdgeMeshFilter	并行	hip_mesh_compatibility_benchmark	有：G-L部分	固定路径、点集、网格或空间对象；比较几何、拓扑和端到端墙钟	程序内部固定生成路径、点集、网格或空间对象；不是官方数据文件	以对应模块程序内置尺寸和参数为准	完成	未完成	未发现HIP迁移证据
422	Filtering/QuadEdgeMeshFiltering	DiscretePrincipalCurvaturesQuadEdgeMeshFilter	并行			按对应 ITK/DCU 模块入口执行；抽象基类或框架接口按代表性派生类覆盖。	按对应模块测试程序内部确定性生成；必要时使用根目录 data/ 中的同类型数据。	按对应模块默认尺寸和参数；禁止跨函数强行使用同一输入。	完成	未完成	未发现HIP迁移证据
423	Filtering/QuadEdgeMeshFiltering	EdgeDecimationQuadEdgeMeshFilter	并行			按对应 ITK/DCU 模块入口执行；抽象基类或框架接口按代表性派生类覆盖。	按对应模块测试程序内部确定性生成；必要时使用根目录 data/ 中的同类型数据。	按对应模块默认尺寸和参数；禁止跨函数强行使用同一输入。	完成	未完成	未发现HIP迁移证据
424	Filtering/QuadEdgeMeshFiltering	LaplacianDeformationQuadEdgeMeshFilter	并行			按对应 ITK/DCU 模块入口执行；抽象基类或框架接口按代表性派生类覆盖。	按对应模块测试程序内部确定性生成；必要时使用根目录 data/ 中的同类型数据。	按对应模块默认尺寸和参数；禁止跨函数强行使用同一输入。	完成	未完成	未发现HIP迁移证据
425	Filtering/QuadEdgeMeshFiltering	LaplacianDeformationQuadEdgeMeshFilterWithHardConstraints	并行			按对应 ITK/DCU 模块入口执行；抽象基类或框架接口按代表性派生类覆盖。	按对应模块测试程序内部确定性生成；必要时使用根目录 data/ 中的同类型数据。	按对应模块默认尺寸和参数；禁止跨函数强行使用同一输入。	完成	未完成	未发现HIP迁移证据
426	Filtering/QuadEdgeMeshFiltering	LaplacianDeformationQuadEdgeMeshFilterWithSoftConstraints	并行			按对应 ITK/DCU 模块入口执行；抽象基类或框架接口按代表性派生类覆盖。	按对应模块测试程序内部确定性生成；必要时使用根目录 data/ 中的同类型数据。	按对应模块默认尺寸和参数；禁止跨函数强行使用同一输入。	完成	未完成	未发现HIP迁移证据
427	Filtering/QuadEdgeMeshFiltering	NormalQuadEdgeMeshFilter	并行	hip_mesh_compatibility_benchmark	有：G-L部分	固定路径、点集、网格或空间对象；比较几何、拓扑和端到端墙钟	程序内部固定生成路径、点集、网格或空间对象；不是官方数据文件	以对应模块程序内置尺寸和参数为准	完成	未完成	未发现HIP迁移证据
428	Filtering/QuadEdgeMeshFiltering	ParameterizationQuadEdgeMeshFilter	并行			按对应 ITK/DCU 模块入口执行；抽象基类或框架接口按代表性派生类覆盖。	按对应模块测试程序内部确定性生成；必要时使用根目录 data/ 中的同类型数据。	按对应模块默认尺寸和参数；禁止跨函数强行使用同一输入。	完成	未完成	未发现HIP迁移证据
429	Filtering/QuadEdgeMeshFiltering	QuadricDecimationQuadEdgeMeshFilter	并行	hip_mesh_compatibility_benchmark	有：G-L部分	固定路径、点集、网格或空间对象；比较几何、拓扑和端到端墙钟	程序内部固定生成路径、点集、网格或空间对象；不是官方数据文件	以对应模块程序内置尺寸和参数为准	完成	未完成	未发现HIP迁移证据
430	Filtering/QuadEdgeMeshFiltering	SmoothingQuadEdgeMeshFilter	并行	hip_mesh_compatibility_benchmark	有：G-L部分	固定路径、点集、网格或空间对象；比较几何、拓扑和端到端墙钟	程序内部固定生成路径、点集、网格或空间对象；不是官方数据文件	以对应模块程序内置尺寸和参数为准	完成	未完成	未发现HIP迁移证据
431	Filtering/QuadEdgeMeshFiltering	SquaredEdgeLengthDecimationQuadEdgeMeshFilter	并行	hip_mesh_compatibility_benchmark	有：G-L部分	固定路径、点集、网格或空间对象；比较几何、拓扑和端到端墙钟	程序内部固定生成路径、点集、网格或空间对象；不是官方数据文件	以对应模块程序内置尺寸和参数为准	完成	未完成	未发现HIP迁移证据
432	Filtering/Smoothing	BinomialBlurImageFilter	并行	hip_smoothing_benchmark / hip_smoothing_extra_benchmark	有：G-L完整	固定2D合成图像；CPU参考与Hip/DCU分别运行，比较误差并记录端到端墙钟	程序内部确定性生成2D标量图像；不是官方ITK图像文件	默认2048x2048；Median通常不超过512x512	完成	未完成验收	仅共享后端/静态计算类型证据，未逐项运行验收
433	Filtering/Smoothing	BoxMeanImageFilter	并行	hip_smoothing_benchmark / hip_smoothing_extra_benchmark	有：G-L完整	固定2D合成图像；CPU参考与Hip/DCU分别运行，比较误差并记录端到端墙钟	程序内部确定性生成2D标量图像；不是官方ITK图像文件	默认2048x2048；Median通常不超过512x512	完成	完成	已完成（既有严格审计目标）
434	Filtering/Smoothing	BoxSigmaImageFilter	并行	hip_smoothing_benchmark / hip_smoothing_extra_benchmark	有：G-L完整	固定2D合成图像；CPU参考与Hip/DCU分别运行，比较误差并记录端到端墙钟	程序内部确定性生成2D标量图像；不是官方ITK图像文件	默认2048x2048；Median通常不超过512x512	完成	完成	已完成（既有严格审计目标）
435	Filtering/Smoothing	DiscreteGaussianImageFilter	并行	hip_smoothing_benchmark / hip_smoothing_extra_benchmark	有：G-L完整	固定2D合成图像；CPU参考与Hip/DCU分别运行，比较误差并记录端到端墙钟	程序内部确定性生成2D标量图像；不是官方ITK图像文件	默认2048x2048；Median通常不超过512x512	完成	完成	已完成（既有严格审计目标）
436	Filtering/Smoothing	FFTDiscreteGaussianImageFilter	并行	hip_smoothing_benchmark / hip_smoothing_extra_benchmark	有：G-L完整	固定2D合成图像；CPU参考与Hip/DCU分别运行，比较误差并记录端到端墙钟	程序内部确定性生成2D标量图像；不是官方ITK图像文件	默认2048x2048；Median通常不超过512x512	完成	完成	已完成（既有严格审计目标）
437	Filtering/Smoothing	MeanImageFilter	并行	hip_smoothing_benchmark / hip_smoothing_extra_benchmark	有：G-L完整	固定2D合成图像；CPU参考与Hip/DCU分别运行，比较误差并记录端到端墙钟	程序内部确定性生成2D标量图像；不是官方ITK图像文件	默认2048x2048；Median通常不超过512x512	完成	完成	已完成（既有严格审计目标）
438	Filtering/Smoothing	MedianImageFilter	并行	hip_smoothing_benchmark / hip_smoothing_extra_benchmark	有：G-L完整	固定2D合成图像；CPU参考与Hip/DCU分别运行，比较误差并记录端到端墙钟	程序内部确定性生成2D标量图像；不是官方ITK图像文件	默认2048x2048；Median通常不超过512x512	完成	完成	已完成（既有严格审计目标）
439	Filtering/Smoothing	RecursiveGaussianImageFilter	并行	hip_smoothing_benchmark / hip_smoothing_extra_benchmark	有：G-L完整	固定2D合成图像；CPU参考与Hip/DCU分别运行，比较误差并记录端到端墙钟	程序内部确定性生成2D标量图像；不是官方ITK图像文件	默认2048x2048；Median通常不超过512x512	完成	完成	已完成（既有严格审计目标）
440	Filtering/Smoothing	SmoothingRecursiveGaussianImageFilter	并行	hip_smoothing_benchmark / hip_smoothing_extra_benchmark	有：G-L完整	固定2D合成图像；CPU参考与Hip/DCU分别运行，比较误差并记录端到端墙钟	程序内部确定性生成2D标量图像；不是官方ITK图像文件	默认2048x2048；Median通常不超过512x512	完成	完成	已完成（既有严格审计目标）
441	Filtering/SpatialFunction	SpatialFunctionImageEvaluatorFilter	并行	hip_misc_benchmark / hip_image_feature_benchmark	有：G-L部分	固定路径、点集、网格或空间对象；比较几何、拓扑和端到端墙钟	程序内部固定生成路径、点集、网格或空间对象；不是官方数据文件	以对应模块程序内置尺寸和参数为准	完成	未完成	未发现HIP迁移证据
442	Filtering/Thresholding	BinaryThresholdImageFilter	并行	hip_thresholding_benchmark / hip_thresholding_test	有：G-L完整	固定标量、二值或标签2D输入；比较一致性、拓扑和端到端墙钟	程序内部确定性生成标量、二值或标签图像；不是官方图像文件	以对应模块程序内置尺寸和参数为准	完成	完成	已完成（既有严格审计目标）
443	Filtering/Thresholding	BinaryThresholdProjectionImageFilter	并行			按对应 ITK/DCU 模块入口执行；抽象基类或框架接口按代表性派生类覆盖。	按对应模块测试程序内部确定性生成；必要时使用根目录 data/ 中的同类型数据。	按对应模块默认尺寸和参数；禁止跨函数强行使用同一输入。	完成	完成	已完成（既有严格审计目标）
444	Filtering/Thresholding	HistogramThresholdImageFilter	并行	hip_thresholding_benchmark / hip_thresholding_test	有：G-L完整	固定标量、二值或标签2D输入；比较一致性、拓扑和端到端墙钟	程序内部确定性生成标量、二值或标签图像；不是官方图像文件	以对应模块程序内置尺寸和参数为准	完成	完成	已完成（既有严格审计目标）
445	Filtering/Thresholding	HuangThresholdImageFilter	并行	hip_thresholding_benchmark / hip_thresholding_test	有：G-L完整	固定标量、二值或标签2D输入；比较一致性、拓扑和端到端墙钟	程序内部确定性生成标量、二值或标签图像；不是官方图像文件	以对应模块程序内置尺寸和参数为准	完成	完成	已完成（既有严格审计目标）
446	Filtering/Thresholding	IntermodesThresholdImageFilter	并行	hip_thresholding_benchmark / hip_thresholding_test	有：G-L完整	固定标量、二值或标签2D输入；比较一致性、拓扑和端到端墙钟	程序内部确定性生成标量、二值或标签图像；不是官方图像文件	以对应模块程序内置尺寸和参数为准	完成	完成	已完成（既有严格审计目标）
447	Filtering/Thresholding	IsoDataThresholdImageFilter	并行	hip_thresholding_benchmark / hip_thresholding_test	有：G-L完整	固定标量、二值或标签2D输入；比较一致性、拓扑和端到端墙钟	程序内部确定性生成标量、二值或标签图像；不是官方图像文件	以对应模块程序内置尺寸和参数为准	完成	完成	已完成（既有严格审计目标）
448	Filtering/Thresholding	KappaSigmaThresholdImageFilter	并行	hip_thresholding_benchmark / hip_thresholding_test	有：G-L完整	固定标量、二值或标签2D输入；比较一致性、拓扑和端到端墙钟	程序内部确定性生成标量、二值或标签图像；不是官方图像文件	以对应模块程序内置尺寸和参数为准	完成	完成	已完成（既有严格审计目标）
449	Filtering/Thresholding	KittlerIllingworthThresholdImageFilter	并行	hip_thresholding_benchmark / hip_thresholding_test	有：G-L完整	固定标量、二值或标签2D输入；比较一致性、拓扑和端到端墙钟	程序内部确定性生成标量、二值或标签图像；不是官方图像文件	以对应模块程序内置尺寸和参数为准	完成	完成	已完成（既有严格审计目标）
450	Filtering/Thresholding	LiThresholdImageFilter	并行	hip_thresholding_benchmark / hip_thresholding_test	有：G-L完整	固定标量、二值或标签2D输入；比较一致性、拓扑和端到端墙钟	程序内部确定性生成标量、二值或标签图像；不是官方图像文件	以对应模块程序内置尺寸和参数为准	完成	完成	已完成（既有严格审计目标）
451	Filtering/Thresholding	MaximumEntropyThresholdImageFilter	并行	hip_thresholding_benchmark / hip_thresholding_test	有：G-L完整	固定标量、二值或标签2D输入；比较一致性、拓扑和端到端墙钟	程序内部确定性生成标量、二值或标签图像；不是官方图像文件	以对应模块程序内置尺寸和参数为准	完成	完成	已完成（既有严格审计目标）
452	Filtering/Thresholding	MomentsThresholdImageFilter	并行	hip_thresholding_benchmark / hip_thresholding_test	有：G-L完整	固定标量、二值或标签2D输入；比较一致性、拓扑和端到端墙钟	程序内部确定性生成标量、二值或标签图像；不是官方图像文件	以对应模块程序内置尺寸和参数为准	完成	完成	已完成（既有严格审计目标）
453	Filtering/Thresholding	OtsuMultipleThresholdsImageFilter	并行	hip_thresholding_benchmark / hip_thresholding_test	有：G-L完整	固定标量、二值或标签2D输入；比较一致性、拓扑和端到端墙钟	程序内部确定性生成标量、二值或标签图像；不是官方图像文件	以对应模块程序内置尺寸和参数为准	完成	完成	已完成（既有严格审计目标）
454	Filtering/Thresholding	OtsuThresholdImageFilter	并行	hip_thresholding_benchmark / hip_thresholding_test	有：G-L完整	固定标量、二值或标签2D输入；比较一致性、拓扑和端到端墙钟	程序内部确定性生成标量、二值或标签图像；不是官方图像文件	以对应模块程序内置尺寸和参数为准	完成	完成	已完成（既有严格审计目标）
455	Filtering/Thresholding	RenyiEntropyThresholdImageFilter	并行	hip_thresholding_benchmark / hip_thresholding_test	有：G-L完整	固定标量、二值或标签2D输入；比较一致性、拓扑和端到端墙钟	程序内部确定性生成标量、二值或标签图像；不是官方图像文件	以对应模块程序内置尺寸和参数为准	完成	完成	已完成（既有严格审计目标）
456	Filtering/Thresholding	ShanbhagThresholdImageFilter	并行	hip_thresholding_benchmark / hip_thresholding_test	有：G-L完整	固定标量、二值或标签2D输入；比较一致性、拓扑和端到端墙钟	程序内部确定性生成标量、二值或标签图像；不是官方图像文件	以对应模块程序内置尺寸和参数为准	完成	完成	已完成（既有严格审计目标）
457	Filtering/Thresholding	ThresholdImageFilter	并行	hip_thresholding_benchmark / hip_thresholding_test	有：G-L完整	固定标量、二值或标签2D输入；比较一致性、拓扑和端到端墙钟	程序内部确定性生成标量、二值或标签图像；不是官方图像文件	以对应模块程序内置尺寸和参数为准	完成	完成	已完成（既有严格审计目标）
458	Filtering/Thresholding	ThresholdLabelerImageFilter	并行			按对应 ITK/DCU 模块入口执行；抽象基类或框架接口按代表性派生类覆盖。	按对应模块测试程序内部确定性生成；必要时使用根目录 data/ 中的同类型数据。	按对应模块默认尺寸和参数；禁止跨函数强行使用同一输入。	完成	完成	已完成（既有严格审计目标）
459	Filtering/Thresholding	TriangleThresholdImageFilter	并行	hip_thresholding_benchmark / hip_thresholding_test	有：G-L完整	固定标量、二值或标签2D输入；比较一致性、拓扑和端到端墙钟	程序内部确定性生成标量、二值或标签图像；不是官方图像文件	以对应模块程序内置尺寸和参数为准	完成	完成	已完成（既有严格审计目标）
460	Filtering/Thresholding	YenThresholdImageFilter	并行	hip_thresholding_benchmark / hip_thresholding_test	有：G-L完整	固定标量、二值或标签2D输入；比较一致性、拓扑和端到端墙钟	程序内部确定性生成标量、二值或标签图像；不是官方图像文件	以对应模块程序内置尺寸和参数为准	完成	完成	已完成（既有严格审计目标）
461	Registration/Common	BlockMatchingImageFilter	并行			按对应 ITK/DCU 模块入口执行；抽象基类或框架接口按代表性派生类覆盖。	按对应模块测试程序内部确定性生成；必要时使用根目录 data/ 中的同类型数据。	按对应模块默认尺寸和参数；禁止跨函数强行使用同一输入。	完成	完成	已完成（既有严格审计目标）
462	Registration/Common	CompareHistogramImageToImageMetric	并行			按对应 ITK/DCU 模块入口执行；抽象基类或框架接口按代表性派生类覆盖。	按对应模块测试程序内部确定性生成；必要时使用根目录 data/ 中的同类型数据。	按对应模块默认尺寸和参数；禁止跨函数强行使用同一输入。	完成	未完成验收	仅共享后端/静态计算类型证据，未逐项运行验收
463	Registration/Common	CorrelationCoefficientHistogramImageToImageMetric	并行	hip_registration_common_benchmark / hip_registration_benchmark	有：G-L部分	固定fixed/moving图像或点集；比较度量值、收敛指标和端到端墙钟	程序内部生成fixed/moving合成图像或点集；不是官方图像文件	以对应模块程序内置尺寸和参数为准	完成	未完成验收	仅共享后端/静态计算类型证据，未逐项运行验收
464	Registration/Common	EuclideanDistancePointMetric	并行	hip_registration_common_benchmark / hip_registration_benchmark	有：G-L部分	固定fixed/moving图像或点集；比较度量值、收敛指标和端到端墙钟	程序内部生成fixed/moving合成图像或点集；不是官方图像文件	以对应模块程序内置尺寸和参数为准	完成	未完成验收	仅共享后端/静态计算类型证据，未逐项运行验收
465	Registration/Common	GradientDifferenceImageToImageMetric	并行	hip_registration_common_benchmark / hip_registration_benchmark	有：G-L部分	固定fixed/moving图像或点集；比较度量值、收敛指标和端到端墙钟	程序内部生成fixed/moving合成图像或点集；不是官方图像文件	以对应模块程序内置尺寸和参数为准	完成	未完成验收	仅共享后端/静态计算类型证据，未逐项运行验收
466	Registration/Common	HistogramImageToImageMetric	并行			按对应 ITK/DCU 模块入口执行；抽象基类或框架接口按代表性派生类覆盖。	按对应模块测试程序内部确定性生成；必要时使用根目录 data/ 中的同类型数据。	按对应模块默认尺寸和参数；禁止跨函数强行使用同一输入。	完成	未完成验收	仅共享后端/静态计算类型证据，未逐项运行验收
467	Registration/Common	ImageRegistrationMethod	并行	需新增专用benchmark	无独立函数级入口	固定fixed/moving图像或点集；比较度量值、收敛指标和端到端墙钟	当前没有独立函数测试数据源	以对应模块程序内置尺寸和参数为准	完成	完成	已完成（既有严格审计目标）
468	Registration/Common	ImageToImageMetric	并行			按对应 ITK/DCU 模块入口执行；抽象基类或框架接口按代表性派生类覆盖。	按对应模块测试程序内部确定性生成；必要时使用根目录 data/ 中的同类型数据。	按对应模块默认尺寸和参数；禁止跨函数强行使用同一输入。	完成	完成	已完成（既有严格审计目标）
469	Registration/Common	ImageToSpatialObjectMetric	并行			按对应 ITK/DCU 模块入口执行；抽象基类或框架接口按代表性派生类覆盖。	按对应模块测试程序内部确定性生成；必要时使用根目录 data/ 中的同类型数据。	按对应模块默认尺寸和参数；禁止跨函数强行使用同一输入。	完成	未完成验收	仅共享后端/静态计算类型证据，未逐项运行验收
470	Registration/Common	ImageToSpatialObjectRegistrationMethod	并行	hip_registration_common_benchmark / hip_registration_benchmark	有：G-L部分	固定fixed/moving图像或点集；比较度量值、收敛指标和端到端墙钟	程序内部生成fixed/moving合成图像或点集；不是官方图像文件	以对应模块程序内置尺寸和参数为准	完成	未完成验收	仅共享后端/静态计算类型证据，未逐项运行验收
471	Registration/Common	KappaStatisticImageToImageMetric	并行	hip_registration_common_benchmark / hip_registration_benchmark	有：G-L部分	固定fixed/moving图像或点集；比较度量值、收敛指标和端到端墙钟	程序内部生成fixed/moving合成图像或点集；不是官方图像文件	以对应模块程序内置尺寸和参数为准	完成	未完成验收	仅共享后端/静态计算类型证据，未逐项运行验收
472	Registration/Common	KullbackLeiblerCompareHistogramImageToImageMetric	并行	hip_registration_common_benchmark / hip_registration_benchmark	有：G-L部分	固定fixed/moving图像或点集；比较度量值、收敛指标和端到端墙钟	程序内部生成fixed/moving合成图像或点集；不是官方图像文件	以对应模块程序内置尺寸和参数为准	完成	未完成验收	仅共享后端/静态计算类型证据，未逐项运行验收
473	Registration/Common	MatchCardinalityImageToImageMetric	并行	hip_registration_common_benchmark / hip_registration_benchmark	有：G-L完整	固定fixed/moving图像或点集；比较度量值、收敛指标和端到端墙钟	程序内部生成fixed/moving合成图像或点集；不是官方图像文件	以对应模块程序内置尺寸和参数为准	完成	完成	已完成（既有严格审计目标）
474	Registration/Common	MattesMutualInformationImageToImageMetric	并行	hip_registration_common_benchmark / hip_registration_benchmark	有：G-L完整	固定fixed/moving图像或点集；比较度量值、收敛指标和端到端墙钟	程序内部生成fixed/moving合成图像或点集；不是官方图像文件	以对应模块程序内置尺寸和参数为准	完成	完成	已完成（既有严格审计目标）
475	Registration/Common	MeanReciprocalSquareDifferenceImageToImageMetric	并行	hip_registration_common_benchmark / hip_registration_benchmark	有：G-L部分	固定fixed/moving图像或点集；比较度量值、收敛指标和端到端墙钟	程序内部生成fixed/moving合成图像或点集；不是官方图像文件	以对应模块程序内置尺寸和参数为准	完成	未完成验收	仅共享后端/静态计算类型证据，未逐项运行验收
476	Registration/Common	MeanReciprocalSquareDifferencePointSetToImageMetric	并行	hip_registration_common_benchmark / hip_registration_benchmark	有：G-L部分	固定fixed/moving图像或点集；比较度量值、收敛指标和端到端墙钟	程序内部生成fixed/moving合成图像或点集；不是官方图像文件	以对应模块程序内置尺寸和参数为准	完成	未完成验收	仅共享后端/静态计算类型证据，未逐项运行验收
477	Registration/Common	MeanSquaresHistogramImageToImageMetric	并行	hip_registration_common_benchmark / hip_registration_benchmark	有：G-L部分	固定fixed/moving图像或点集；比较度量值、收敛指标和端到端墙钟	程序内部生成fixed/moving合成图像或点集；不是官方图像文件	以对应模块程序内置尺寸和参数为准	完成	未完成验收	仅共享后端/静态计算类型证据，未逐项运行验收
478	Registration/Common	MeanSquaresImageToImageMetric	并行	hip_registration_common_benchmark / hip_registration_benchmark	有：G-L完整	固定fixed/moving图像或点集；比较度量值、收敛指标和端到端墙钟	程序内部生成fixed/moving合成图像或点集；不是官方图像文件	以对应模块程序内置尺寸和参数为准	完成	完成	已完成（既有严格审计目标）
479	Registration/Common	MeanSquaresPointSetToImageMetric	并行	hip_registration_common_benchmark / hip_registration_benchmark	有：G-L部分	固定fixed/moving图像或点集；比较度量值、收敛指标和端到端墙钟	程序内部生成fixed/moving合成图像或点集；不是官方图像文件	以对应模块程序内置尺寸和参数为准	完成	未完成验收	仅共享后端/静态计算类型证据，未逐项运行验收
480	Registration/Common	MultiResolutionImageRegistrationMethod	并行			按对应 ITK/DCU 模块入口执行；抽象基类或框架接口按代表性派生类覆盖。	按对应模块测试程序内部确定性生成；必要时使用根目录 data/ 中的同类型数据。	按对应模块默认尺寸和参数；禁止跨函数强行使用同一输入。	完成	完成	已完成（既有严格审计目标）
481	Registration/Common	MultiResolutionPyramidImageFilter	并行	hip_registration_common_benchmark / hip_registration_benchmark	有：G-L完整	固定fixed/moving图像或点集；比较度量值、收敛指标和端到端墙钟	程序内部生成fixed/moving合成图像或点集；不是官方图像文件	以对应模块程序内置尺寸和参数为准	完成	完成	已完成（既有严格审计目标）
482	Registration/Common	MutualInformationHistogramImageToImageMetric	并行	hip_registration_common_benchmark / hip_registration_benchmark	有：G-L部分	固定fixed/moving图像或点集；比较度量值、收敛指标和端到端墙钟	程序内部生成fixed/moving合成图像或点集；不是官方图像文件	以对应模块程序内置尺寸和参数为准	完成	未完成验收	仅共享后端/静态计算类型证据，未逐项运行验收
483	Registration/Common	MutualInformationImageToImageMetric	并行	hip_registration_common_benchmark / hip_registration_benchmark	有：G-L部分	固定fixed/moving图像或点集；比较度量值、收敛指标和端到端墙钟	程序内部生成fixed/moving合成图像或点集；不是官方图像文件	以对应模块程序内置尺寸和参数为准	完成	未完成验收	仅共享后端/静态计算类型证据，未逐项运行验收
484	Registration/Common	NormalizedCorrelationImageToImageMetric	并行	hip_registration_common_benchmark / hip_registration_benchmark	有：G-L部分	固定fixed/moving图像或点集；比较度量值、收敛指标和端到端墙钟	程序内部生成fixed/moving合成图像或点集；不是官方图像文件	以对应模块程序内置尺寸和参数为准	完成	未完成验收	仅共享后端/静态计算类型证据，未逐项运行验收
485	Registration/Common	NormalizedCorrelationPointSetToImageMetric	并行	hip_registration_common_benchmark / hip_registration_benchmark	有：G-L部分	固定fixed/moving图像或点集；比较度量值、收敛指标和端到端墙钟	程序内部生成fixed/moving合成图像或点集；不是官方图像文件	以对应模块程序内置尺寸和参数为准	完成	未完成验收	仅共享后端/静态计算类型证据，未逐项运行验收
486	Registration/Common	NormalizedMutualInformationHistogramImageToImageMetric	并行	hip_registration_common_benchmark / hip_registration_benchmark	有：G-L部分	固定fixed/moving图像或点集；比较度量值、收敛指标和端到端墙钟	程序内部生成fixed/moving合成图像或点集；不是官方图像文件	以对应模块程序内置尺寸和参数为准	完成	未完成验收	仅共享后端/静态计算类型证据，未逐项运行验收
487	Registration/Common	PointSetToImageMetric	并行			按对应 ITK/DCU 模块入口执行；抽象基类或框架接口按代表性派生类覆盖。	按对应模块测试程序内部确定性生成；必要时使用根目录 data/ 中的同类型数据。	按对应模块默认尺寸和参数；禁止跨函数强行使用同一输入。	完成	未完成验收	仅共享后端/静态计算类型证据，未逐项运行验收
488	Registration/Common	PointSetToImageRegistrationMethod	并行	hip_registration_common_benchmark / hip_registration_benchmark	有：G-L部分	固定fixed/moving图像或点集；比较度量值、收敛指标和端到端墙钟	程序内部生成fixed/moving合成图像或点集；不是官方图像文件	以对应模块程序内置尺寸和参数为准	完成	未完成验收	仅共享后端/静态计算类型证据，未逐项运行验收
489	Registration/Common	PointSetToPointSetMetric	并行			按对应 ITK/DCU 模块入口执行；抽象基类或框架接口按代表性派生类覆盖。	按对应模块测试程序内部确定性生成；必要时使用根目录 data/ 中的同类型数据。	按对应模块默认尺寸和参数；禁止跨函数强行使用同一输入。	完成	未完成验收	仅共享后端/静态计算类型证据，未逐项运行验收
490	Registration/Common	PointSetToPointSetRegistrationMethod	并行	hip_registration_common_benchmark / hip_registration_benchmark	有：G-L部分	固定fixed/moving图像或点集；比较度量值、收敛指标和端到端墙钟	程序内部生成fixed/moving合成图像或点集；不是官方图像文件	以对应模块程序内置尺寸和参数为准	完成	未完成验收	仅共享后端/静态计算类型证据，未逐项运行验收
491	Registration/Common	RecursiveMultiResolutionPyramidImageFilter	并行	hip_registration_common_benchmark / hip_registration_benchmark	有：G-L完整	固定fixed/moving图像或点集；比较度量值、收敛指标和端到端墙钟	程序内部生成fixed/moving合成图像或点集；不是官方图像文件	以对应模块程序内置尺寸和参数为准	完成	完成	已完成（既有严格审计目标）
492	Registration/FEM	FEMRegistrationFilter	并行			按对应 ITK/DCU 模块入口执行；抽象基类或框架接口按代表性派生类覆盖。	按对应模块测试程序内部确定性生成；必要时使用根目录 data/ 中的同类型数据。	按对应模块默认尺寸和参数；禁止跨函数强行使用同一输入。	完成	完成	已完成（既有严格审计目标）
493	Registration/FEM	PhysicsBasedNonRigidRegistrationMethod	并行			按对应 ITK/DCU 模块入口执行；抽象基类或框架接口按代表性派生类覆盖。	按对应模块测试程序内部确定性生成；必要时使用根目录 data/ 中的同类型数据。	按对应模块默认尺寸和参数；禁止跨函数强行使用同一输入。	完成	完成	已完成（既有严格审计目标）
494	Registration/GPUPDEDeformable	GPUDemonsRegistrationFilter	并行			按对应 ITK/DCU 模块入口执行；抽象基类或框架接口按代表性派生类覆盖。	按对应模块测试程序内部确定性生成；必要时使用根目录 data/ 中的同类型数据。	按对应模块默认尺寸和参数；禁止跨函数强行使用同一输入。	完成	未完成	未发现HIP迁移证据
495	Registration/GPUPDEDeformable	GPUPDEDeformableRegistrationFilter	并行			按对应 ITK/DCU 模块入口执行；抽象基类或框架接口按代表性派生类覆盖。	按对应模块测试程序内部确定性生成；必要时使用根目录 data/ 中的同类型数据。	按对应模块默认尺寸和参数；禁止跨函数强行使用同一输入。	完成	未完成	未发现HIP迁移证据
496	Registration/Metricsv4	ANTSNeighborhoodCorrelationImageToImageMetricv4	并行	hip_registration_metricv4_benchmark	有：G-L完整	固定fixed/moving图像或点集；比较度量值、收敛指标和端到端墙钟	程序内部生成fixed/moving合成图像或点集；不是官方图像文件	以对应模块程序内置尺寸和参数为准	完成	完成	已完成（既有严格审计目标）
497	Registration/Metricsv4	CorrelationImageToImageMetricv4	并行	hip_registration_metricv4_benchmark	有：G-L完整	固定fixed/moving图像或点集；比较度量值、收敛指标和端到端墙钟	程序内部生成fixed/moving合成图像或点集；不是官方图像文件	以对应模块程序内置尺寸和参数为准	完成	完成	已完成（既有严格审计目标）
498	Registration/Metricsv4	DemonsImageToImageMetricv4	并行	hip_registration_metricv4_benchmark	有：G-L完整	固定fixed/moving图像或点集；比较度量值、收敛指标和端到端墙钟	程序内部生成fixed/moving合成图像或点集；不是官方图像文件	以对应模块程序内置尺寸和参数为准	完成	完成	已完成（既有严格审计目标）
499	Registration/Metricsv4	EuclideanDistancePointSetToPointSetMetricv4	并行	hip_registration_metricv4_benchmark	有：G-L完整	固定fixed/moving图像或点集；比较度量值、收敛指标和端到端墙钟	程序内部生成fixed/moving合成图像或点集；不是官方图像文件	以对应模块程序内置尺寸和参数为准	完成	完成	已完成（既有严格审计目标）
500	Registration/Metricsv4	ExpectationBasedPointSetToPointSetMetricv4	并行	hip_registration_metricv4_benchmark	有：G-L完整	固定fixed/moving图像或点集；比较度量值、收敛指标和端到端墙钟	程序内部生成fixed/moving合成图像或点集；不是官方图像文件	以对应模块程序内置尺寸和参数为准	完成	完成	已完成（既有严格审计目标）
501	Registration/Metricsv4	ImageToImageMetricv4	并行			按对应 ITK/DCU 模块入口执行；抽象基类或框架接口按代表性派生类覆盖。	按对应模块测试程序内部确定性生成；必要时使用根目录 data/ 中的同类型数据。	按对应模块默认尺寸和参数；禁止跨函数强行使用同一输入。	完成	完成	已完成（既有严格审计目标）
502	Registration/Metricsv4	JensenHavrdaCharvatTsallisPointSetToPointSetMetricv4	并行	hip_registration_metricv4_benchmark	有：G-L完整	固定fixed/moving图像或点集；比较度量值、收敛指标和端到端墙钟	程序内部生成fixed/moving合成图像或点集；不是官方图像文件	以对应模块程序内置尺寸和参数为准	完成	完成	已完成（既有严格审计目标）
503	Registration/Metricsv4	JointHistogramMutualInformationImageToImageMetricv4	并行	hip_registration_metricv4_benchmark	有：G-L完整	固定fixed/moving图像或点集；比较度量值、收敛指标和端到端墙钟	程序内部生成fixed/moving合成图像或点集；不是官方图像文件	以对应模块程序内置尺寸和参数为准	完成	完成	已完成（既有严格审计目标）
504	Registration/Metricsv4	LabeledPointSetToPointSetMetricv4	并行			按对应 ITK/DCU 模块入口执行；抽象基类或框架接口按代表性派生类覆盖。	按对应模块测试程序内部确定性生成；必要时使用根目录 data/ 中的同类型数据。	按对应模块默认尺寸和参数；禁止跨函数强行使用同一输入。	完成	完成	已完成（既有严格审计目标）
505	Registration/Metricsv4	MattesMutualInformationImageToImageMetricv4	并行	hip_registration_metricv4_benchmark	有：G-L完整	固定fixed/moving图像或点集；比较度量值、收敛指标和端到端墙钟	程序内部生成fixed/moving合成图像或点集；不是官方图像文件	以对应模块程序内置尺寸和参数为准	完成	完成	已完成（既有严格审计目标）
506	Registration/Metricsv4	MeanSquaresImageToImageMetricv4	并行	hip_registration_metricv4_benchmark	有：G-L完整	固定fixed/moving图像或点集；比较度量值、收敛指标和端到端墙钟	程序内部生成fixed/moving合成图像或点集；不是官方图像文件	以对应模块程序内置尺寸和参数为准	完成	完成	已完成（既有严格审计目标）
507	Registration/Metricsv4	ObjectToObjectMultiMetricv4	并行	hip_registration_metricv4_benchmark	有：G-L完整	固定fixed/moving图像或点集；比较度量值、收敛指标和端到端墙钟	程序内部生成fixed/moving合成图像或点集；不是官方图像文件	以对应模块程序内置尺寸和参数为准	完成	完成	已完成（既有严格审计目标）
508	Registration/Metricsv4	PointSetToPointSetMetricWithIndexv4	并行			按对应 ITK/DCU 模块入口执行；抽象基类或框架接口按代表性派生类覆盖。	按对应模块测试程序内部确定性生成；必要时使用根目录 data/ 中的同类型数据。	按对应模块默认尺寸和参数；禁止跨函数强行使用同一输入。	完成	完成	已完成（既有严格审计目标）
509	Registration/Metricsv4	PointSetToPointSetMetricv4	并行			按对应 ITK/DCU 模块入口执行；抽象基类或框架接口按代表性派生类覆盖。	按对应模块测试程序内部确定性生成；必要时使用根目录 data/ 中的同类型数据。	按对应模块默认尺寸和参数；禁止跨函数强行使用同一输入。	完成	完成	已完成（既有严格审计目标）
510	Registration/PDEDeformable	CurvatureRegistrationFilter	并行			按对应 ITK/DCU 模块入口执行；抽象基类或框架接口按代表性派生类覆盖。	按对应模块测试程序内部确定性生成；必要时使用根目录 data/ 中的同类型数据。	按对应模块默认尺寸和参数；禁止跨函数强行使用同一输入。	完成	完成	已完成（既有严格审计目标）
511	Registration/PDEDeformable	DemonsRegistrationFilter	并行	hip_registration_benchmark / hip_final7_benchmark	有：G-L完整	固定fixed/moving图像或点集；比较度量值、收敛指标和端到端墙钟	程序内部生成fixed/moving合成图像或点集；不是官方图像文件	以对应模块程序内置尺寸和参数为准	完成	完成	已完成（既有严格审计目标）
512	Registration/PDEDeformable	DiffeomorphicDemonsRegistrationFilter	并行	hip_registration_benchmark / hip_final7_benchmark	有：G-L完整	固定fixed/moving图像或点集；比较度量值、收敛指标和端到端墙钟	程序内部生成fixed/moving合成图像或点集；不是官方图像文件	以对应模块程序内置尺寸和参数为准	完成	完成	已完成（既有严格审计目标）
513	Registration/PDEDeformable	FastSymmetricForcesDemonsRegistrationFilter	并行	hip_registration_benchmark / hip_final7_benchmark	有：G-L完整	固定fixed/moving图像或点集；比较度量值、收敛指标和端到端墙钟	程序内部生成fixed/moving合成图像或点集；不是官方图像文件	以对应模块程序内置尺寸和参数为准	完成	完成	已完成（既有严格审计目标）
514	Registration/PDEDeformable	LevelSetMotionRegistrationFilter	并行	hip_registration_benchmark / hip_final7_benchmark	有：G-L完整	固定fixed/moving图像或点集；比较度量值、收敛指标和端到端墙钟	程序内部生成fixed/moving合成图像或点集；不是官方图像文件	以对应模块程序内置尺寸和参数为准	完成	完成	已完成（既有严格审计目标）
515	Registration/PDEDeformable	PDEDeformableRegistrationFilter	并行			按对应 ITK/DCU 模块入口执行；抽象基类或框架接口按代表性派生类覆盖。	按对应模块测试程序内部确定性生成；必要时使用根目录 data/ 中的同类型数据。	按对应模块默认尺寸和参数；禁止跨函数强行使用同一输入。	完成	完成	已完成（既有严格审计目标）
516	Registration/PDEDeformable	SymmetricForcesDemonsRegistrationFilter	并行	hip_registration_benchmark / hip_final7_benchmark	有：G-L完整	固定fixed/moving图像或点集；比较度量值、收敛指标和端到端墙钟	程序内部生成fixed/moving合成图像或点集；不是官方图像文件	以对应模块程序内置尺寸和参数为准	完成	完成	已完成（既有严格审计目标）
517	Registration/RegistrationMethodsv4	BSplineSyNImageRegistrationMethod	并行			按对应 ITK/DCU 模块入口执行；抽象基类或框架接口按代表性派生类覆盖。	按对应模块测试程序内部确定性生成；必要时使用根目录 data/ 中的同类型数据。	按对应模块默认尺寸和参数；禁止跨函数强行使用同一输入。	完成	完成	已完成（既有严格审计目标）
518	Registration/RegistrationMethodsv4	ImageRegistrationMethodv4	并行	hip_registration_method_benchmark	有：G-L完整	固定fixed/moving图像或点集；比较度量值、收敛指标和端到端墙钟	程序内部生成fixed/moving合成图像或点集；不是官方图像文件	以对应模块程序内置尺寸和参数为准	完成	完成	已完成（既有严格审计目标）
519	Registration/RegistrationMethodsv4	SyNImageRegistrationMethod	并行			按对应 ITK/DCU 模块入口执行；抽象基类或框架接口按代表性派生类覆盖。	按对应模块测试程序内部确定性生成；必要时使用根目录 data/ 中的同类型数据。	按对应模块默认尺寸和参数；禁止跨函数强行使用同一输入。	完成	完成	已完成（既有严格审计目标）
520	Registration/RegistrationMethodsv4	TimeVaryingBSplineVelocityFieldImageRegistrationMethod	并行			按对应 ITK/DCU 模块入口执行；抽象基类或框架接口按代表性派生类覆盖。	按对应模块测试程序内部确定性生成；必要时使用根目录 data/ 中的同类型数据。	按对应模块默认尺寸和参数；禁止跨函数强行使用同一输入。	完成	完成	已完成（既有严格审计目标）
521	Registration/RegistrationMethodsv4	TimeVaryingVelocityFieldImageRegistrationMethodv4	并行			按对应 ITK/DCU 模块入口执行；抽象基类或框架接口按代表性派生类覆盖。	按对应模块测试程序内部确定性生成；必要时使用根目录 data/ 中的同类型数据。	按对应模块默认尺寸和参数；禁止跨函数强行使用同一输入。	完成	完成	已完成（既有严格审计目标）
522	Segmentation/Classifiers	BayesianClassifierImageFilter	并行			按对应 ITK/DCU 模块入口执行；抽象基类或框架接口按代表性派生类覆盖。	按对应模块测试程序内部确定性生成；必要时使用根目录 data/ 中的同类型数据。	按对应模块默认尺寸和参数；禁止跨函数强行使用同一输入。	完成	未完成	未发现HIP迁移证据
523	Segmentation/Classifiers	BayesianClassifierInitializationImageFilter	并行			按对应 ITK/DCU 模块入口执行；抽象基类或框架接口按代表性派生类覆盖。	按对应模块测试程序内部确定性生成；必要时使用根目录 data/ 中的同类型数据。	按对应模块默认尺寸和参数；禁止跨函数强行使用同一输入。	完成	未完成	未发现HIP迁移证据
524	Segmentation/Classifiers	ScalarImageKmeansImageFilter	并行			按对应 ITK/DCU 模块入口执行；抽象基类或框架接口按代表性派生类覆盖。	按对应模块测试程序内部确定性生成；必要时使用根目录 data/ 中的同类型数据。	按对应模块默认尺寸和参数；禁止跨函数强行使用同一输入。	完成	未完成	未发现HIP迁移证据
525	Segmentation/ConnectedComponents	ConnectedComponentFunctorImageFilter	并行			按对应 ITK/DCU 模块入口执行；抽象基类或框架接口按代表性派生类覆盖。	按对应模块测试程序内部确定性生成；必要时使用根目录 data/ 中的同类型数据。	按对应模块默认尺寸和参数；禁止跨函数强行使用同一输入。	完成	未完成	未发现HIP迁移证据
526	Segmentation/ConnectedComponents	ConnectedComponentImageFilter	并行			按对应 ITK/DCU 模块入口执行；抽象基类或框架接口按代表性派生类覆盖。	按对应模块测试程序内部确定性生成；必要时使用根目录 data/ 中的同类型数据。	按对应模块默认尺寸和参数；禁止跨函数强行使用同一输入。	完成	完成	已完成（既有严格审计目标）
527	Segmentation/ConnectedComponents	HardConnectedComponentImageFilter	并行			按对应 ITK/DCU 模块入口执行；抽象基类或框架接口按代表性派生类覆盖。	按对应模块测试程序内部确定性生成；必要时使用根目录 data/ 中的同类型数据。	按对应模块默认尺寸和参数；禁止跨函数强行使用同一输入。	完成	未完成	未发现HIP迁移证据
528	Segmentation/ConnectedComponents	RelabelComponentImageFilter	并行			按对应 ITK/DCU 模块入口执行；抽象基类或框架接口按代表性派生类覆盖。	按对应模块测试程序内部确定性生成；必要时使用根目录 data/ 中的同类型数据。	按对应模块默认尺寸和参数；禁止跨函数强行使用同一输入。	完成	完成	已完成（既有严格审计目标）
529	Segmentation/ConnectedComponents	ScalarConnectedComponentImageFilter	并行			按对应 ITK/DCU 模块入口执行；抽象基类或框架接口按代表性派生类覆盖。	按对应模块测试程序内部确定性生成；必要时使用根目录 data/ 中的同类型数据。	按对应模块默认尺寸和参数；禁止跨函数强行使用同一输入。	完成	未完成	未发现HIP迁移证据
530	Segmentation/ConnectedComponents	ThresholdMaximumConnectedComponentsImageFilter	并行			按对应 ITK/DCU 模块入口执行；抽象基类或框架接口按代表性派生类覆盖。	按对应模块测试程序内部确定性生成；必要时使用根目录 data/ 中的同类型数据。	按对应模块默认尺寸和参数；禁止跨函数强行使用同一输入。	完成	完成	已完成（既有严格审计目标）
531	Segmentation/ConnectedComponents	VectorConnectedComponentImageFilter	并行			按对应 ITK/DCU 模块入口执行；抽象基类或框架接口按代表性派生类覆盖。	按对应模块测试程序内部确定性生成；必要时使用根目录 data/ 中的同类型数据。	按对应模块默认尺寸和参数；禁止跨函数强行使用同一输入。	完成	未完成	未发现HIP迁移证据
532	Segmentation/DeformableMesh	DeformableSimplexMesh3DBalloonForceFilter	并行	hip_mesh_compatibility_benchmark	有：G-L部分	固定路径、点集、网格或空间对象；比较几何、拓扑和端到端墙钟	程序内部固定生成路径、点集、网格或空间对象；不是官方数据文件	以对应模块程序内置尺寸和参数为准	完成	未完成	未发现HIP迁移证据
533	Segmentation/DeformableMesh	DeformableSimplexMesh3DFilter	并行	hip_mesh_compatibility_benchmark	有：G-L部分	固定路径、点集、网格或空间对象；比较几何、拓扑和端到端墙钟	程序内部固定生成路径、点集、网格或空间对象；不是官方数据文件	以对应模块程序内置尺寸和参数为准	完成	未完成	未发现HIP迁移证据
534	Segmentation/DeformableMesh	DeformableSimplexMesh3DGradientConstraintForceFilter	并行	hip_mesh_compatibility_benchmark	有：G-L部分	固定路径、点集、网格或空间对象；比较几何、拓扑和端到端墙钟	程序内部固定生成路径、点集、网格或空间对象；不是官方数据文件	以对应模块程序内置尺寸和参数为准	完成	未完成	未发现HIP迁移证据
535	Segmentation/KLMRegionGrowing	KLMRegionGrowImageFilter	并行			按对应 ITK/DCU 模块入口执行；抽象基类或框架接口按代表性派生类覆盖。	按对应模块测试程序内部确定性生成；必要时使用根目录 data/ 中的同类型数据。	按对应模块默认尺寸和参数；禁止跨函数强行使用同一输入。	完成	未完成	未发现HIP迁移证据
536	Segmentation/KLMRegionGrowing	RegionGrowImageFilter	并行			按对应 ITK/DCU 模块入口执行；抽象基类或框架接口按代表性派生类覆盖。	按对应模块测试程序内部确定性生成；必要时使用根目录 data/ 中的同类型数据。	按对应模块默认尺寸和参数；禁止跨函数强行使用同一输入。	完成	未完成	未发现HIP迁移证据
537	Segmentation/LabelVoting	BinaryMedianImageFilter	并行	hip_segmentation_labels_test / hip_segmentation_benchmark	有：G-L完整	固定标量、二值或标签2D输入；比较一致性、拓扑和端到端墙钟	程序内部确定性生成标量、二值或标签图像；不是官方图像文件	以对应模块程序内置尺寸和参数为准	完成	完成	已完成（既有严格审计目标）
538	Segmentation/LabelVoting	LabelVotingImageFilter	并行			按对应 ITK/DCU 模块入口执行；抽象基类或框架接口按代表性派生类覆盖。	按对应模块测试程序内部确定性生成；必要时使用根目录 data/ 中的同类型数据。	按对应模块默认尺寸和参数；禁止跨函数强行使用同一输入。	完成	完成	已完成（既有严格审计目标）
539	Segmentation/LabelVoting	MultiLabelSTAPLEImageFilter	并行			按对应 ITK/DCU 模块入口执行；抽象基类或框架接口按代表性派生类覆盖。	按对应模块测试程序内部确定性生成；必要时使用根目录 data/ 中的同类型数据。	按对应模块默认尺寸和参数；禁止跨函数强行使用同一输入。	完成	未完成	未发现HIP迁移证据
540	Segmentation/LabelVoting	VotingBinaryHoleFillingImageFilter	并行	hip_segmentation_labels_test / hip_segmentation_benchmark	有：G-L完整	固定标量、二值或标签2D输入；比较一致性、拓扑和端到端墙钟	程序内部确定性生成标量、二值或标签图像；不是官方图像文件	以对应模块程序内置尺寸和参数为准	完成	完成	已完成（既有严格审计目标）
541	Segmentation/LabelVoting	VotingBinaryImageFilter	并行	hip_segmentation_labels_test / hip_segmentation_benchmark	有：G-L完整	固定标量、二值或标签2D输入；比较一致性、拓扑和端到端墙钟	程序内部确定性生成标量、二值或标签图像；不是官方图像文件	以对应模块程序内置尺寸和参数为准	完成	完成	已完成（既有严格审计目标）
542	Segmentation/LabelVoting	VotingBinaryIterativeHoleFillingImageFilter	并行	hip_segmentation_labels_test / hip_segmentation_benchmark	有：G-L部分	固定标量、二值或标签2D输入；比较一致性、拓扑和端到端墙钟	程序内部确定性生成标量、二值或标签图像；不是官方图像文件	以对应模块程序内置尺寸和参数为准	完成	完成	已完成（既有严格审计目标）
543	Segmentation/LevelSets	AnisotropicFourthOrderLevelSetImageFilter	并行	hip_segmentation_benchmark / hip_segmentation_evolution_test	有：G-L完整	固定level-set和feature图；比较迭代输出、收敛和拓扑指标	程序内部确定性生成2D标量图像；不是官方ITK图像文件	以对应模块程序内置尺寸和参数为准	完成	完成	已完成（既有严格审计目标）
544	Segmentation/LevelSets	BinaryMaskToNarrowBandPointSetFilter	并行	hip_segmentation_benchmark / hip_segmentation_evolution_test	有：G-L部分	固定level-set和feature图；比较迭代输出、收敛和拓扑指标	程序内部确定性生成2D标量图像；不是官方ITK图像文件	以对应模块程序内置尺寸和参数为准	完成	未完成	未发现HIP迁移证据
545	Segmentation/LevelSets	CannySegmentationLevelSetImageFilter	并行	hip_segmentation_benchmark / hip_segmentation_evolution_test	有：G-L完整	固定level-set和feature图；比较迭代输出、收敛和拓扑指标	程序内部确定性生成2D标量图像；不是官方ITK图像文件	以对应模块程序内置尺寸和参数为准	完成	完成	已完成（既有严格审计目标）
546	Segmentation/LevelSets	CollidingFrontsImageFilter	并行	hip_segmentation_benchmark / hip_segmentation_evolution_test	有：G-L部分	固定level-set和feature图；比较迭代输出、收敛和拓扑指标	程序内部确定性生成2D标量图像；不是官方ITK图像文件	以对应模块程序内置尺寸和参数为准	完成	未完成	未发现HIP迁移证据
547	Segmentation/LevelSets	CurvesLevelSetImageFilter	并行	hip_segmentation_benchmark / hip_segmentation_evolution_test	有：G-L完整	固定level-set和feature图；比较迭代输出、收敛和拓扑指标	程序内部确定性生成2D标量图像；不是官方ITK图像文件	以对应模块程序内置尺寸和参数为准	完成	完成	已完成（既有严格审计目标）
548	Segmentation/LevelSets	ExtensionVelocitiesImageFilter	并行	hip_segmentation_benchmark / hip_segmentation_evolution_test	有：G-L部分	固定level-set和feature图；比较迭代输出、收敛和拓扑指标	程序内部确定性生成2D标量图像；不是官方ITK图像文件	以对应模块程序内置尺寸和参数为准	完成	未完成	未发现HIP迁移证据
549	Segmentation/LevelSets	GeodesicActiveContourLevelSetImageFilter	并行	hip_segmentation_benchmark / hip_segmentation_evolution_test	有：G-L完整	固定level-set和feature图；比较迭代输出、收敛和拓扑指标	程序内部确定性生成2D标量图像；不是官方ITK图像文件	以对应模块程序内置尺寸和参数为准	完成	完成	已完成（既有严格审计目标）
550	Segmentation/LevelSets	GeodesicActiveContourShapePriorLevelSetImageFilter	并行	hip_segmentation_benchmark / hip_segmentation_evolution_test	有：G-L完整	固定level-set和feature图；比较迭代输出、收敛和拓扑指标	程序内部确定性生成2D标量图像；不是官方ITK图像文件	以对应模块程序内置尺寸和参数为准	完成	完成	已完成（既有严格审计目标）
551	Segmentation/LevelSets	ImplicitManifoldNormalVectorFilter	并行			按对应 ITK/DCU 模块入口执行；抽象基类或框架接口按代表性派生类覆盖。	按对应模块测试程序内部确定性生成；必要时使用根目录 data/ 中的同类型数据。	按对应模块默认尺寸和参数；禁止跨函数强行使用同一输入。	完成	完成	已完成（既有严格审计目标）
552	Segmentation/LevelSets	IsotropicFourthOrderLevelSetImageFilter	并行	hip_segmentation_benchmark / hip_segmentation_evolution_test	有：G-L完整	固定level-set和feature图；比较迭代输出、收敛和拓扑指标	程序内部确定性生成2D标量图像；不是官方ITK图像文件	以对应模块程序内置尺寸和参数为准	完成	完成	已完成（既有严格审计目标）
553	Segmentation/LevelSets	LaplacianSegmentationLevelSetImageFilter	并行	hip_segmentation_benchmark / hip_segmentation_evolution_test	有：G-L完整	固定level-set和feature图；比较迭代输出、收敛和拓扑指标	程序内部确定性生成2D标量图像；不是官方ITK图像文件	以对应模块程序内置尺寸和参数为准	完成	完成	已完成（既有严格审计目标）
554	Segmentation/LevelSets	NarrowBandCurvesLevelSetImageFilter	并行	hip_segmentation_benchmark / hip_segmentation_evolution_test	有：G-L完整	固定level-set和feature图；比较迭代输出、收敛和拓扑指标	程序内部确定性生成2D标量图像；不是官方ITK图像文件	以对应模块程序内置尺寸和参数为准	完成	完成	已完成（既有严格审计目标）
555	Segmentation/LevelSets	NarrowBandLevelSetImageFilter	并行			按对应 ITK/DCU 模块入口执行；抽象基类或框架接口按代表性派生类覆盖。	按对应模块测试程序内部确定性生成；必要时使用根目录 data/ 中的同类型数据。	按对应模块默认尺寸和参数；禁止跨函数强行使用同一输入。	完成	完成	已完成（既有严格审计目标）
556	Segmentation/LevelSets	NarrowBandThresholdSegmentationLevelSetImageFilter	并行	hip_segmentation_benchmark / hip_segmentation_evolution_test	有：G-L完整	固定level-set和feature图；比较迭代输出、收敛和拓扑指标	程序内部确定性生成2D标量图像；不是官方ITK图像文件	以对应模块程序内置尺寸和参数为准	完成	完成	已完成（既有严格审计目标）
557	Segmentation/LevelSets	ParallelSparseFieldLevelSetImageFilter	并行			按对应 ITK/DCU 模块入口执行；抽象基类或框架接口按代表性派生类覆盖。	按对应模块测试程序内部确定性生成；必要时使用根目录 data/ 中的同类型数据。	按对应模块默认尺寸和参数；禁止跨函数强行使用同一输入。	完成	完成	已完成（既有严格审计目标）
558	Segmentation/LevelSets	ReinitializeLevelSetImageFilter	并行	hip_segmentation_benchmark / hip_segmentation_evolution_test	有：G-L完整	固定level-set和feature图；比较迭代输出、收敛和拓扑指标	程序内部确定性生成2D标量图像；不是官方ITK图像文件	以对应模块程序内置尺寸和参数为准	完成	未完成	未发现HIP迁移证据
559	Segmentation/LevelSets	SegmentationLevelSetImageFilter	并行			按对应 ITK/DCU 模块入口执行；抽象基类或框架接口按代表性派生类覆盖。	按对应模块测试程序内部确定性生成；必要时使用根目录 data/ 中的同类型数据。	按对应模块默认尺寸和参数；禁止跨函数强行使用同一输入。	完成	完成	已完成（既有严格审计目标）
560	Segmentation/LevelSets	ShapeDetectionLevelSetImageFilter	并行	hip_segmentation_benchmark / hip_segmentation_evolution_test	有：G-L完整	固定level-set和feature图；比较迭代输出、收敛和拓扑指标	程序内部确定性生成2D标量图像；不是官方ITK图像文件	以对应模块程序内置尺寸和参数为准	完成	完成	已完成（既有严格审计目标）
561	Segmentation/LevelSets	ShapePriorSegmentationLevelSetImageFilter	并行			按对应 ITK/DCU 模块入口执行；抽象基类或框架接口按代表性派生类覆盖。	按对应模块测试程序内部确定性生成；必要时使用根目录 data/ 中的同类型数据。	按对应模块默认尺寸和参数；禁止跨函数强行使用同一输入。	完成	完成	已完成（既有严格审计目标）
562	Segmentation/LevelSets	SparseFieldFourthOrderLevelSetImageFilter	并行			按对应 ITK/DCU 模块入口执行；抽象基类或框架接口按代表性派生类覆盖。	按对应模块测试程序内部确定性生成；必要时使用根目录 data/ 中的同类型数据。	按对应模块默认尺寸和参数；禁止跨函数强行使用同一输入。	完成	完成	已完成（既有严格审计目标）
563	Segmentation/LevelSets	SparseFieldLevelSetImageFilter	并行			按对应 ITK/DCU 模块入口执行；抽象基类或框架接口按代表性派生类覆盖。	按对应模块测试程序内部确定性生成；必要时使用根目录 data/ 中的同类型数据。	按对应模块默认尺寸和参数；禁止跨函数强行使用同一输入。	完成	完成	已完成（既有严格审计目标）
564	Segmentation/LevelSets	ThresholdSegmentationLevelSetImageFilter	并行	hip_segmentation_benchmark / hip_segmentation_evolution_test	有：G-L完整	固定level-set和feature图；比较迭代输出、收敛和拓扑指标	程序内部确定性生成2D标量图像；不是官方ITK图像文件	以对应模块程序内置尺寸和参数为准	完成	完成	已完成（既有严格审计目标）
565	Segmentation/LevelSets	UnsharpMaskLevelSetImageFilter	并行	hip_segmentation_benchmark / hip_segmentation_evolution_test	有：G-L完整	固定level-set和feature图；比较迭代输出、收敛和拓扑指标	程序内部确定性生成2D标量图像；不是官方ITK图像文件	以对应模块程序内置尺寸和参数为准	完成	完成	已完成（既有严格审计目标）
566	Segmentation/LevelSets	VectorThresholdSegmentationLevelSetImageFilter	并行	hip_segmentation_benchmark / hip_segmentation_evolution_test	有：G-L完整	固定level-set和feature图；比较迭代输出、收敛和拓扑指标	程序内部确定性生成2D标量图像；不是官方ITK图像文件	以对应模块程序内置尺寸和参数为准	完成	完成	已完成（既有严格审计目标）
567	Segmentation/LevelSetsv4	LevelSetDomainMapImageFilter	并行			按对应 ITK/DCU 模块入口执行；抽象基类或框架接口按代表性派生类覆盖。	按对应模块测试程序内部确定性生成；必要时使用根目录 data/ 中的同类型数据。	按对应模块默认尺寸和参数；禁止跨函数强行使用同一输入。	完成	未完成	未发现HIP迁移证据
568	Segmentation/MarkovRandomFieldsClassifiers	MRFImageFilter	并行			按对应 ITK/DCU 模块入口执行；抽象基类或框架接口按代表性派生类覆盖。	按对应模块测试程序内部确定性生成；必要时使用根目录 data/ 中的同类型数据。	按对应模块默认尺寸和参数；禁止跨函数强行使用同一输入。	完成	未完成	未发现HIP迁移证据
569	Segmentation/MarkovRandomFieldsClassifiers	RGBGibbsPriorFilter	并行			按对应 ITK/DCU 模块入口执行；抽象基类或框架接口按代表性派生类覆盖。	按对应模块测试程序内部确定性生成；必要时使用根目录 data/ 中的同类型数据。	按对应模块默认尺寸和参数；禁止跨函数强行使用同一输入。	完成	未完成	未发现HIP迁移证据
570	Segmentation/RegionGrowing	ConfidenceConnectedImageFilter	串行			按对应 ITK/DCU 模块入口执行；抽象基类或框架接口按代表性派生类覆盖。	按对应模块测试程序内部确定性生成；必要时使用根目录 data/ 中的同类型数据。	按对应模块默认尺寸和参数；禁止跨函数强行使用同一输入。	完成	未完成	未发现HIP迁移证据
571	Segmentation/RegionGrowing	ConnectedThresholdImageFilter	串行			按对应 ITK/DCU 模块入口执行；抽象基类或框架接口按代表性派生类覆盖。	按对应模块测试程序内部确定性生成；必要时使用根目录 data/ 中的同类型数据。	按对应模块默认尺寸和参数；禁止跨函数强行使用同一输入。	完成	未完成	未发现HIP迁移证据
572	Segmentation/RegionGrowing	IsolatedConnectedImageFilter	串行			按对应 ITK/DCU 模块入口执行；抽象基类或框架接口按代表性派生类覆盖。	按对应模块测试程序内部确定性生成；必要时使用根目录 data/ 中的同类型数据。	按对应模块默认尺寸和参数；禁止跨函数强行使用同一输入。	完成	未完成	未发现HIP迁移证据
573	Segmentation/RegionGrowing	NeighborhoodConnectedImageFilter	串行			按对应 ITK/DCU 模块入口执行；抽象基类或框架接口按代表性派生类覆盖。	按对应模块测试程序内部确定性生成；必要时使用根目录 data/ 中的同类型数据。	按对应模块默认尺寸和参数；禁止跨函数强行使用同一输入。	完成	未完成	未发现HIP迁移证据
574	Segmentation/RegionGrowing	VectorConfidenceConnectedImageFilter	串行			按对应 ITK/DCU 模块入口执行；抽象基类或框架接口按代表性派生类覆盖。	按对应模块测试程序内部确定性生成；必要时使用根目录 data/ 中的同类型数据。	按对应模块默认尺寸和参数；禁止跨函数强行使用同一输入。	完成	未完成	未发现HIP迁移证据
575	Segmentation/SuperPixel	SLICImageFilter	并行			按对应 ITK/DCU 模块入口执行；抽象基类或框架接口按代表性派生类覆盖。	按对应模块测试程序内部确定性生成；必要时使用根目录 data/ 中的同类型数据。	按对应模块默认尺寸和参数；禁止跨函数强行使用同一输入。	完成	完成	已完成（既有严格审计目标）
576	Segmentation/Voronoi	VoronoiPartitioningImageFilter	并行			按对应 ITK/DCU 模块入口执行；抽象基类或框架接口按代表性派生类覆盖。	按对应模块测试程序内部确定性生成；必要时使用根目录 data/ 中的同类型数据。	按对应模块默认尺寸和参数；禁止跨函数强行使用同一输入。	完成	未完成	未发现HIP迁移证据
577	Segmentation/Voronoi	VoronoiSegmentationImageFilter	并行			按对应 ITK/DCU 模块入口执行；抽象基类或框架接口按代表性派生类覆盖。	按对应模块测试程序内部确定性生成；必要时使用根目录 data/ 中的同类型数据。	按对应模块默认尺寸和参数；禁止跨函数强行使用同一输入。	完成	未完成	未发现HIP迁移证据
578	Segmentation/Voronoi	VoronoiSegmentationImageFilterBase	并行			按对应 ITK/DCU 模块入口执行；抽象基类或框架接口按代表性派生类覆盖。	按对应模块测试程序内部确定性生成；必要时使用根目录 data/ 中的同类型数据。	按对应模块默认尺寸和参数；禁止跨函数强行使用同一输入。	完成	未完成	未发现HIP迁移证据
579	Segmentation/Voronoi	VoronoiSegmentationRGBImageFilter	并行			按对应 ITK/DCU 模块入口执行；抽象基类或框架接口按代表性派生类覆盖。	按对应模块测试程序内部确定性生成；必要时使用根目录 data/ 中的同类型数据。	按对应模块默认尺寸和参数；禁止跨函数强行使用同一输入。	完成	未完成	未发现HIP迁移证据
580	Segmentation/Watersheds	IsolatedWatershedImageFilter	并行			按对应 ITK/DCU 模块入口执行；抽象基类或框架接口按代表性派生类覆盖。	按对应模块测试程序内部确定性生成；必要时使用根目录 data/ 中的同类型数据。	按对应模块默认尺寸和参数；禁止跨函数强行使用同一输入。	完成	未完成	未发现HIP迁移证据
581	Segmentation/Watersheds	MorphologicalWatershedFromMarkersImageFilter	并行			按对应 ITK/DCU 模块入口执行；抽象基类或框架接口按代表性派生类覆盖。	按对应模块测试程序内部确定性生成；必要时使用根目录 data/ 中的同类型数据。	按对应模块默认尺寸和参数；禁止跨函数强行使用同一输入。	完成	未完成	未发现HIP迁移证据
582	Segmentation/Watersheds	MorphologicalWatershedImageFilter	并行			按对应 ITK/DCU 模块入口执行；抽象基类或框架接口按代表性派生类覆盖。	按对应模块测试程序内部确定性生成；必要时使用根目录 data/ 中的同类型数据。	按对应模块默认尺寸和参数；禁止跨函数强行使用同一输入。	完成	未完成	未发现HIP迁移证据
583	Segmentation/Watersheds	TobogganImageFilter	并行			按对应 ITK/DCU 模块入口执行；抽象基类或框架接口按代表性派生类覆盖。	按对应模块测试程序内部确定性生成；必要时使用根目录 data/ 中的同类型数据。	按对应模块默认尺寸和参数；禁止跨函数强行使用同一输入。	完成	未完成	未发现HIP迁移证据
584	Segmentation/Watersheds	WatershedImageFilter	并行			按对应 ITK/DCU 模块入口执行；抽象基类或框架接口按代表性派生类覆盖。	按对应模块测试程序内部确定性生成；必要时使用根目录 data/ 中的同类型数据。	按对应模块默认尺寸和参数；禁止跨函数强行使用同一输入。	完成	未完成	未发现HIP迁移证据
