id,x,y,value
0,456.0,256.0,0.5
1,455.9997646903404,256.2300970279427,0.500244140625
2,455.99905876191525,256.4601935144449,0.50048828125
3,455.9978822163857,256.69028891806727,0.500732421875
4,455.9962350565202,256.92038269737316,0.5009765625
5,455.99411728619486,257.15047431092967,0.501220703125
6,455.9915289103928,257.380563217309,0.50146484375
7,455.98846993520476,257.6106488750897,0.501708984375
8,455.9849403678289,257.840730742858,0.501953125
9,455.9809402165706,258.0708082792091,0.502197265625
10,455.97646949084253,258.3008809427482,0.50244140625
11,455.9715282011648,258.53094819209224,0.502685546875
12,455.9661163591647,258.7610094858707,0.5029296875
13,455.9602339775769,258.99106428272717,0.503173828125
14,455.953881070243,259.22111204132045,0.50341796875
15,455.94705765211233,259.4511522203259,0.503662109375
16,455.93976373924085,259.68118427843683,0.50390625
17,455.9319993487918,259.9112076743656,0.504150390625
18,455.92376449903577,260.1412218668449,0.50439453125
19,455.9150592093498,260.37122631462904,0.504638671875
20,455.90588350021864,260.6012204764955,0.5048828125
21,455.8962373932334,260.8312038112457,0.505126953125
22,455.88612091109235,261.06117577770664,0.50537109375
23,455.8755340776006,261.2911358347321,0.505615234375
24,455.8644769176699,261.5210834412038,0.505859375
25,455.8529494573189,261.7510180560329,0.506103515625
26,455.8409517236728,261.980939138161,0.50634765625
27,455.82848374496336,262.2108461465615,0.506591796875
28,455.81554555052907,262.4407385402411,0.5068359375
29,455.8021371708147,262.6706157782408,0.507080078125
30,455.78825863737137,262.9004773196372,0.50732421875
31,455.7739099828567,263.1303226235439,0.507568359375
32,455.75909124103447,263.3601511491127,0.5078125
33,455.74380244677457,263.5899623555349,0.508056640625
34,455.72804363605303,263.81975570204247,0.50830078125
35,455.71181484595184,264.0495306479096,0.508544921875
36,455.69511611465896,264.2792866524535,0.5087890625
37,455.67794748146804,264.5090231750362,0.509033203125
38,455.66030898677855,264.73873967506535,0.50927734375
39,455.64220067209567,264.968435611996,0.509521484375
40,455.62362258002986,265.1981104453313,0.509765625
41,455.60457475429723,265.4277636346242,0.510009765625
42,455.58505723971916,265.65739463947864,0.51025390625
43,455.5650700822223,265.8870029195506,0.510498046875
44,455.5446133288383,266.1165879345496,0.5107421875
45,455.5236870277039,266.34614914424003,0.510986328125
46,455.5022912280607,266.57568600844206,0.51123046875
47,455.48042598025506,266.8051979870334,0.511474609375
48,455.458091335738,267.0346845399501,0.51171875
49,455.43528734706524,267.2641451271882,0.511962890625
50,455.4120140678966,267.4935792088047,0.51220703125
51,455.38827155299646,267.7229862449191,0.512451171875
52,455.36405985823313,267.95236569571455,0.5126953125
53,455.3393790405792,268.1817170214389,0.512939453125
54,455.31422915811095,268.41103968240634,0.51318359375
55,455.2886102700085,268.6403331389986,0.513427734375
56,455.2625224365556,268.86959685166596,0.513671875
57,455.23596571913936,269.09883028092884,0.513916015625
58,455.20894018025035,269.3280328873787,0.51416015625
59,455.18144588348235,269.5572041316797,0.514404296875
60,455.153482893532,269.7863434745699,0.5146484375
61,455.12505127619886,270.0154503768622,0.514892578125
62,455.09615109838535,270.24452429944586,0.51513671875
63,455.0667824280964,270.4735647032879,0.515380859375
64,455.0369453344394,270.7025710494341,0.515625
65,455.0066398876237,270.9315427990104,0.515869140625
66,454.97586615896114,271.16047941322415,0.51611328125
67,454.94462422086514,271.3893803533654,0.516357421875
68,454.9129141468511,271.6182450808082,0.5166015625
69,454.8807360115358,271.8470730570116,0.516845703125
70,454.84808989063754,272.0758637435213,0.51708984375
71,454.8149758609759,272.3046166019708,0.517333984375
72,454.7813940004712,272.5333310940825,0.517578125
73,454.74734438814494,272.762006681669,0.517822265625
74,454.71282710411907,272.99064282663466,0.51806640625
75,454.6778422296161,273.2192389909765,0.518310546875
76,454.6423898469589,273.4477946367857,0.5185546875
77,454.60647003957024,273.67630922624875,0.518798828125
78,454.570082891973,273.9047822216487,0.51904296875
79,454.5332284897896,274.13321308536655,0.519287109375
80,454.49590691974197,274.36160127988245,0.51953125
81,454.45811826965144,274.58994626777684,0.519775390625
82,454.41986262843835,274.81824751173195,0.52001953125
83,454.38114008612183,275.04650447453287,0.520263671875
84,454.3419507338199,275.27471661906895,0.5205078125
85,454.30229466374874,275.502883408335,0.520751953125
86,454.2621719692231,275.73100430543246,0.52099609375
87,454.2215827446554,275.95907877357087,0.521240234375
88,454.18052708555604,276.1871062760689,0.521484375
89,454.13900508853294,276.4150862763559,0.521728515625
90,454.0970168512914,276.6430182379729,0.52197265625
91,454.05456247263385,276.87090162457395,0.522216796875
92,454.0116420524594,277.09873589992736,0.5224609375
93,453.9682556917641,277.3265205279172,0.522705078125
94,453.9244034926402,277.5542549725442,0.52294921875
95,453.88008555827605,277.7819386979271,0.523193359375
96,453.8353019929562,278.00957116830426,0.5234375
97,453.7900529020606,278.2371518480344,0.523681640625
98,453.7443383920647,278.46468020159824,0.52392578125
99,453.6981585705393,278.69215569359955,0.524169921875
100,453.6515135461499,278.9195777887665,0.5244140625
101,453.6044034286567,279.146945951953,0.524658203125
102,453.55682832891443,279.3742596481398,0.52490234375
103,453.5087883588718,279.6015183424357,0.525146484375
104,453.46028363157166,279.8287215000792,0.525390625
105,453.4113142611502,280.05586858643926,0.525634765625
106,453.3618803628371,280.28295906701675,0.52587890625
107,453.31198205295505,280.50999240744596,0.526123046875
108,453.26161944891976,280.73696807349546,0.5263671875
109,453.2107926692391,280.9638855310696,0.526611328125
110,453.1595018335135,281.19074424620965,0.52685546875
111,453.10774706243524,281.4175436850952,0.527099609375
112,453.05552847778824,281.6442833140452,0.52734375
113,453.0028462024479,281.8709625995194,0.527587890625
114,452.9497003603808,282.09758100811956,0.52783203125
115,452.8960910766442,282.3241380065907,0.528076171875
116,452.8420184773858,282.55063306182234,0.5283203125
117,452.7874826898438,282.7770656408496,0.528564453125
118,452.732483842346,283.00343521085495,0.52880859375
119,452.6770220643102,283.22974123916873,0.529052734375
120,452.62109748624323,283.45598319327115,0.529296875
121,452.5647102397411,283.68216054079295,0.529541015625
122,452.5078604574883,283.908272749517,0.52978515625
123,452.4505482732579,284.1343192873794,0.530029296875
124,452.3927738219111,284.3602996224709,0.5302734375
125,452.3345372393966,284.58621322303793,0.530517578125
126,452.2758386627509,284.81205955748385,0.53076171875
127,452.21667823009733,285.03783809437056,0.531005859375
128,452.1570560806461,285.2635483024192,0.53125
129,452.0969723546939,285.48918965051206,0.531494140625
130,452.03642719362347,285.71476160769305,0.53173828125
131,451.97542073990354,285.94026364316966,0.531982421875
132,451.91395313708813,286.1656952263138,0.5322265625
133,451.8520245298164,286.39105582666315,0.532470703125
134,451.7896350638124,286.61634491392255,0.53271484375
135,451.7267848858846,286.84156195796487,0.532958984375
136,451.66347414392555,287.0667064288328,0.533203125
137,451.59970298691144,287.29177779673955,0.533447265625
138,451.53547156490197,287.5167755320704,0.53369140625
139,451.47078002904,287.74169910538416,0.533935546875
140,451.40562853155086,287.9665479874137,0.5341796875
141,451.3400172257424,288.191321649068,0.534423828125
142,451.27394626600426,288.4160195614329,0.53466796875
143,451.2074158078078,288.64064119577256,0.534912109375
144,451.14042600770574,288.86518602353044,0.53515625
145,451.0729770233314,289.08965351633105,0.535400390625
146,451.00506901339884,289.3140431459805,0.53564453125
147,450.9367021377021,289.5383543844685,0.535888671875
148,450.8678765571152,289.7625867039689,0.5361328125
149,450.7985924335911,289.9867395768415,0.536376953125
150,450.72884993016237,290.21081247563285,0.53662109375
151,450.65864921093964,290.43480487307784,0.536865234375
152,450.587990441112,290.6587162421007,0.537109375
153,450.51687378694646,290.8825460558163,0.537353515625
154,450.44529941578725,291.1062937875315,0.53759765625
155,450.37326749605586,291.3299589107463,0.537841796875
156,450.30077819725034,291.5535408991551,0.5380859375
157,450.227831689945,291.7770392266478,0.538330078125
158,450.15442814579006,292.00045336731125,0.53857421875
159,450.0805677375111,292.2237827954304,0.538818359375
160,450.0062506389088,292.4470269854896,0.5390625
161,449.9314770248585,292.6701854121736,0.539306640625
162,449.85624707130967,292.8932575503692,0.53955078125
163,449.78056095528575,293.116242875166,0.539794921875
164,449.70441885488344,293.339140861858,0.5400390625
165,449.6278209492725,293.5619509859448,0.540283203125
166,449.5507674186951,293.78467272313253,0.54052734375
167,449.4732584444657,294.0073055493355,0.540771484375
168,449.3952942089704,294.2298489406772,0.541015625
169,449.3168748956666,294.4523023734914,0.541259765625
170,449.23800068908247,294.6746653243238,0.54150390625
171,449.15867177481675,294.89693726993295,0.541748046875
172,449.0788883395379,295.11911768729135,0.5419921875
173,448.99865057098407,295.34120605358703,0.542236328125
174,448.9179586579626,295.56320184622473,0.54248046875
175,448.8368127903492,295.7851045428268,0.542724609375
176,448.75521315908793,296.00691362123473,0.54296875
177,448.67315995619083,296.22862855951047,0.543212890625
178,448.5906533747368,296.45024883593726,0.54345703125
179,448.5076936088718,296.6717739290212,0.543701171875
180,448.42428085380834,296.89320331749235,0.5439453125
181,448.34041530582454,297.11453648030596,0.544189453125
182,448.25609716226415,297.33577289664373,0.54443359375
183,448.17132662153597,297.556912045915,0.544677734375
184,448.0861038831132,297.77795340775793,0.544921875
185,448.00042914753317,297.998896462041,0.545166015625
186,447.91430261639687,298.2197406888637,0.54541015625
187,447.82772449236836,298.4404855685583,0.545654296875
188,447.74069497917435,298.66113058169077,0.5458984375
189,447.65321428160354,298.8816752090621,0.546142578125
190,447.5652826055066,299.1021189317094,0.54638671875
191,447.47690015779517,299.32246123090744,0.546630859375
192,447.38806714644176,299.54270158816934,0.546875
193,447.298783780479,299.7628394852484,0.547119140625
194,447.2090502699993,299.9828744041388,0.54736328125
195,447.1188668261542,300.20280582707716,0.547607421875
196,447.02823366115416,300.42263323654356,0.5478515625
197,446.93715098826766,300.64235611526294,0.548095703125
198,446.8456190218211,300.8619739462061,0.54833984375
199,446.7536379771981,301.081486212591,0.548583984375
200,446.66120807083877,301.30089239788424,0.548828125
201,446.56832952023973,301.5201919858017,0.549072265625
202,446.47500254395317,301.73938446031036,0.54931640625
203,446.38122736158647,301.95846930562914,0.549560546875
204,446.28700419380164,302.17744600623024,0.5498046875
205,446.192333262315,302.3963140468403,0.550048828125
206,446.0972147898963,302.61507291244175,0.55029296875
207,446.0016490003686,302.8337220882737,0.550537109375
208,445.90563611860733,303.0522610598337,0.55078125
209,445.8091763705401,303.27068931287835,0.551025390625
210,445.71226998314603,303.48900633342487,0.55126953125
211,445.61491718445524,303.70721160775224,0.551513671875
212,445.5171182035482,303.92530462240234,0.5517578125
213,445.4188732705554,304.1432848641813,0.552001953125
214,445.32018261665667,304.3611518201605,0.55224609375
215,445.2210464740807,304.57890497767795,0.552490234375
216,445.12146507610424,304.79654382433944,0.552734375
217,445.02143865705216,305.01406784801975,0.552978515625
218,444.92096745229605,305.23147653686385,0.55322265625
219,444.82005169825453,305.44876937928814,0.553466796875
220,444.71869163239205,305.66594586398145,0.5537109375
221,444.6168874932187,305.8830054799066,0.553955078125
222,444.5146395202894,306.0999477163014,0.55419921875
223,444.41194795420347,306.3167720626797,0.554443359375
224,444.3088130366042,306.533478008833,0.5546875
225,444.20523501017783,306.75006504483116,0.554931640625
226,444.1012141186537,306.966532661024,0.55517578125
227,443.99675060680283,307.1828803480424,0.555419921875
228,443.891844720438,307.3991075967991,0.5556640625
229,443.7864967064129,307.6152138984908,0.555908203125
230,443.6807068126216,307.8311987445984,0.55615234375
231,443.574475287998,308.04706162688854,0.556396484375
232,443.467802382515,308.2628020374152,0.556640625
233,443.36068834718435,308.47841946852026,0.556884765625
234,443.25313343405566,308.69391341283506,0.55712890625
235,443.14513789621606,308.9092833632816,0.557373046875
236,443.0367019877895,309.12452881307354,0.5576171875
237,442.92782596393613,309.3396492557176,0.557861328125
238,442.81851008085175,309.55464418501447,0.55810546875
239,442.70875459576723,309.76951309506046,0.558349609375
240,442.5985597669478,309.98425548024824,0.55859375
241,442.48792585369245,310.19887083526817,0.558837890625
242,442.3768531163336,310.41335865510956,0.55908203125
243,442.26534181623606,310.627718435062,0.559326171875
244,442.15339221579677,310.8419496707161,0.5595703125
245,442.0410045784438,311.0560518579651,0.559814453125
246,441.92817916863623,311.27002449300585,0.56005859375
247,441.81491625186317,311.4838670723401,0.560302734375
248,441.7012160946431,311.69757909277564,0.560546875
249,441.5870789645236,311.9111600514274,0.560791015625
250,441.4725051300802,312.1246094457187,0.56103515625
251,441.35749486091635,312.3379267733826,0.561279296875
252,441.24204842766227,312.55111153246276,0.5615234375
253,441.12616610197455,312.76416322131485,0.561767578125
254,441.00984815653555,312.97708133860766,0.56201171875
255,440.8930948650525,313.18986538332433,0.562255859375
256,440.7759065022574,313.40251485476347,0.5625
257,440.6582833439055,313.61502925254024,0.562744140625
258,440.5402256667757,313.82740807658786,0.56298828125
259,440.421733748669,314.0396508271583,0.563232421875
260,440.3028078684084,314.25175700482396,0.5634765625
261,440.1834483058379,314.46372611047843,0.563720703125
262,440.06365534182214,314.6755576453381,0.56396484375
263,439.9434292582455,314.8872511109427,0.564208984375
264,439.82277033801154,315.0988060091572,0.564453125
265,439.7016788650425,315.31022184217244,0.564697265625
266,439.5801551242781,315.52149811250655,0.56494140625
267,439.4581994016756,315.73263432300604,0.565185546875
268,439.33581198420853,315.94362997684703,0.5654296875
269,439.21299315986636,316.1544845775363,0.565673828125
270,439.08974321765356,316.36519762891277,0.56591796875
271,438.96606244758925,316.5757686351481,0.566162109375
272,438.8419511407061,316.7861971007485,0.56640625
273,438.71740958905013,316.99648253055534,0.566650390625
274,438.59243808567965,317.2066244297468,0.56689453125
275,438.4670369246645,317.4166223038386,0.567138671875
276,438.34120640108597,317.6264756586856,0.5673828125
277,438.21494681103525,317.83618400048243,0.567626953125
278,438.08825845161346,318.04574683576516,0.56787109375
279,437.96114162093045,318.2551636714122,0.568115234375
280,437.8335966181045,318.4644340146456,0.568359375
281,437.7056237432612,318.6735573730318,0.568603515625
282,437.57722329753324,318.8825332544836,0.56884765625
283,437.44839558305915,319.0913611672604,0.569091796875
284,437.31914090298307,319.30004061996993,0.5693359375
285,437.1894595614537,319.5085711215694,0.569580078125
286,437.05935186362376,319.7169521813663,0.56982421875
287,436.9288181156493,319.9251833090199,0.570068359375
288,436.7978586246887,320.1332640145423,0.5703125
289,436.66647369890234,320.3411938082994,0.570556640625
290,436.5346636474518,320.54897220101236,0.57080078125
291,436.40242878049867,320.7565987037586,0.571044921875
292,436.2697694092044,320.9640728279728,0.5712890625
293,436.1366858457294,321.17139408544836,0.571533203125
294,436.003178403232,321.37856198833833,0.57177734375
295,435.86924739586834,321.5855760491566,0.572021484375
296,435.73489313879077,321.79243578077916,0.572265625
297,435.60011594814796,321.999140696445,0.572509765625
298,435.4649161410837,322.20569030975753,0.57275390625
299,435.32929403573604,322.41208413468553,0.572998046875
300,435.193249951237,322.6183216855644,0.5732421875
301,435.05678420771153,322.82440247709724,0.573486328125
302,434.9198971262765,323.0303260243561,0.57373046875
303,434.78258902904065,323.23609184278297,0.573974609375
304,434.6448602391031,323.441699448191,0.57421875
305,434.5067110805529,323.64714835676557,0.574462890625
306,434.3681418784686,323.8524380850656,0.57470703125
307,434.22915295891664,324.05756815002457,0.574951171875
308,434.0897446489516,324.2625380689516,0.5751953125
309,433.94991727661454,324.4673473595326,0.575439453125
310,433.8096711709329,324.6719955398316,0.57568359375
311,433.6690066619193,324.8764821282916,0.575927734375
312,433.52792408057076,325.08080664373597,0.576171875
313,433.38642375886843,325.2849686053694,0.576416015625
314,433.2445060297761,325.48896753277904,0.57666015625
315,433.10217122724,325.6928029459357,0.576904296875
316,432.9594196861875,325.89647436519493,0.5771484375
317,432.816251742527,326.0999813112983,0.577392578125
318,432.67266773314634,326.3033233053742,0.57763671875
319,432.52866799591254,326.50649986893933,0.577880859375
320,432.384252869671,326.70951052389967,0.578125
321,432.2394226942444,326.9123547925514,0.578369140625
322,432.09417781043214,327.1150321975825,0.57861328125
323,431.94851856000946,327.3175422620734,0.578857421875
324,431.8024452857267,327.5198845094983,0.5791015625
325,431.6559583313083,327.72205846372646,0.579345703125
326,431.50905804145225,327.92406364902297,0.57958984375
327,431.36174476182913,328.1258995900501,0.579833984375
328,431.2140188390813,328.3275658118684,0.580078125
329,431.0658806208222,328.5290618399378,0.580322265625
330,430.91733045563524,328.7303872001187,0.58056640625
331,430.7683686930734,328.93154141867296,0.580810546875
332,430.618995683658,329.1325240222654,0.5810546875
333,430.4692117788783,329.33333453796445,0.581298828125
334,430.3190173311902,329.5339724932437,0.58154296875
335,430.1684126940158,329.7344374159825,0.581787109375
336,430.01739822174227,329.9347288344676,0.58203125
337,429.8659742697214,330.13484627739393,0.582275390625
338,429.71414119426817,330.3347892738659,0.58251953125
339,429.5618993526607,330.53455735339816,0.582763671875
340,429.40924910313856,330.73415004591726,0.5830078125
341,429.2561908049026,330.93356688176226,0.583251953125
342,429.1027248181138,331.13280739168613,0.58349609375
343,428.94885150389246,331.3318711068566,0.583740234375
344,428.79457122431734,331.53075755885766,0.583984375
345,428.6398843424248,331.72946627969014,0.584228515625
346,428.48479122220806,331.9279968017733,0.58447265625
347,428.3292922286163,332.12634865794564,0.584716796875
348,428.17338772755346,332.32452138146607,0.5849609375
349,428.01707808587804,332.522514506015,0.585205078125
350,427.86036367140173,332.7203275656955,0.58544921875
351,427.7032448528886,332.91796009503446,0.585693359375
352,427.5457220000544,333.1154116289832,0.5859375
353,427.38779548356575,333.31268170291946,0.586181640625
354,427.2294656750389,333.5097698526475,0.58642578125
355,427.07073294703923,333.7066756143999,0.586669921875
356,426.9115976730801,333.90339852483845,0.5869140625
357,426.7520602276223,334.09993812105506,0.587158203125
358,426.5921209860727,334.29629394057315,0.58740234375
359,426.431780324784,334.49246552134844,0.587646484375
360,426.27103862105304,334.68845240177035,0.587890625
361,426.1098962531207,334.8842541206627,0.588134765625
362,425.94835360017055,335.0798702172852,0.58837890625
363,425.7864110423279,335.27530023133426,0.588623046875
364,425.62406896065943,335.47054370294416,0.5888671875
365,425.4613277371717,335.66560017268824,0.589111328125
366,425.29818775481044,335.8604691815797,0.58935546875
367,425.13464939745984,336.05515027107293,0.589599609375
368,424.9707130499414,336.2496429830646,0.58984375
369,424.8063790980133,336.4439468598945,0.590087890625
370,424.6416479283691,336.6380614443468,0.59033203125
371,424.4765199286372,336.83198627965123,0.590576171875
372,424.3109954873797,337.02572090948394,0.5908203125
373,424.1450749940916,337.2192648779685,0.591064453125
374,423.97875883919994,337.4126177296774,0.59130859375
375,423.8120474140626,337.60577900963256,0.591552734375
376,423.6449411109676,337.79874826330695,0.591796875
377,423.4774403231324,337.99152503662526,0.592041015625
378,423.3095454447024,338.184108875965,0.59228515625
379,423.1412568707505,338.37649932815793,0.592529296875
380,422.972574997276,338.5686959404907,0.5927734375
381,422.80350022120365,338.76069826070614,0.593017578125
382,422.63403294038267,338.95250583700414,0.59326171875
383,422.46417355358597,339.144118218043,0.593505859375
384,422.29392246050907,339.3355349529403,0.59375
385,422.12328006176926,339.526755591274,0.593994140625
386,421.9522467589046,339.71777968308345,0.59423828125
387,421.780822954373,339.9086067788704,0.594482421875
388,421.6090090515512,340.0992364296004,0.5947265625
389,421.4368054547338,340.2896681867034,0.594970703125
390,421.2642125691327,340.47990160207513,0.59521484375
391,421.0912308008755,340.6699362280779,0.595458984375
392,420.91786055700504,340.859771617542,0.595703125
393,420.7441022454783,341.04940732376633,0.595947265625
394,420.5699562751653,341.2388429005197,0.59619140625
395,420.3954230558483,341.4280779020421,0.596435546875
396,420.2205029982209,341.6171118830451,0.5966796875
397,420.04519651388694,341.80594439871356,0.596923828125
398,419.86950401535944,341.99457500470635,0.59716796875
399,419.6934259160597,342.18300325715734,0.597412109375
400,419.51696263031675,342.3712287126768,0.59765625
401,419.34011457336555,342.5592509283519,0.597900390625
402,419.1628821613467,342.7470694617483,0.59814453125
403,418.98526581130534,342.9346838709108,0.598388671875
404,418.8072659411897,343.12209371436467,0.5986328125
405,418.6288829698507,343.3092985511163,0.598876953125
406,418.4501173170408,343.49629794065476,0.59912109375
407,418.2709694034128,343.68309144295233,0.599365234375
408,418.09143965051896,343.86967861846585,0.599609375
409,417.91152848081026,344.0560590281377,0.599853515625
410,417.73123631763497,344.24223223339675,0.60009765625
411,417.5505635852381,344.42819779615957,0.600341796875
412,417.3695107087599,344.6139552788311,0.6005859375
413,417.1880781142353,344.79950424430615,0.600830078125
414,417.0062662285927,344.98484425596996,0.60107421875
415,416.8240754796532,345.16997487769964,0.601318359375
416,416.641506296129,345.35489567386503,0.6015625
417,416.45855910762316,345.53960620932946,0.601806640625
418,416.2752343446281,345.7241060494514,0.60205078125
419,416.09153243852455,345.90839476008466,0.602294921875
420,415.90745382158104,346.0924719075804,0.6025390625
421,415.7229989269522,346.276337058787,0.602783203125
422,415.53816818867824,346.45998978105223,0.60302734375
423,415.3529620416838,346.6434296422234,0.603271484375
424,415.1673809217767,346.8266562106488,0.603515625
425,414.98142526564743,347.0096690551787,0.603759765625
426,414.79509551086744,347.192467745166,0.60400390625
427,414.6083920958887,347.37505185046797,0.604248046875
428,414.4213154600425,347.5574209414464,0.6044921875
429,414.233866043538,347.7395745889693,0.604736328125
430,414.046044287462,347.92151236441146,0.60498046875
431,413.85785063377716,348.1032338396558,0.605224609375
432,413.66928552532124,348.284738587094,0.60546875
433,413.4803494058063,348.46602617962805,0.605712890625
434,413.29104271981714,348.6470961906706,0.60595703125
435,413.1013659128108,348.8279481941464,0.606201171875
436,412.9113194311151,349.0085817644934,0.6064453125
437,412.72090372192764,349.18899647666314,0.606689453125
438,412.53011923331513,349.3691919061225,0.60693359375
439,412.3389664142119,349.5491676288542,0.607177734375
440,412.1474457144189,349.72892322135795,0.607421875
441,411.9555575846029,349.9084582606515,0.607666015625
442,411.76330247629517,350.0877723242716,0.60791015625
443,411.57068084189063,350.26686499027494,0.608154296875
444,411.3776931346465,350.44573583723906,0.6083984375
445,411.18433980868156,350.6243844442637,0.608642578125
446,410.9906213189748,350.80281039097133,0.60888671875
447,410.7965381213646,350.9810132575086,0.609130859375
448,410.60209067254743,351.15899262454684,0.609375
449,410.40727943007687,351.3367480732834,0.609619140625
450,410.21210485236276,351.51427918544266,0.60986328125
451,410.01656739866957,351.6915855432766,0.610107421875
452,409.82066752911595,351.86866672956637,0.6103515625
453,409.6244057046731,352.04552232762273,0.610595703125
454,409.4277823871641,352.2221519212875,0.61083984375
455,409.2307980392626,352.398555094934,0.611083984375
456,409.03345312449176,352.57473143346874,0.611328125
457,408.83574810722337,352.7506805223316,0.611572265625
458,408.63768345267624,352.9264019474974,0.61181640625
459,408.4392596269158,353.1018952954768,0.612060546875
460,408.2404770968524,353.27716015331686,0.6123046875
461,408.0413363302405,353.4521961086025,0.612548828125
462,407.84183779567763,353.6270027494571,0.61279296875
463,407.64198196260304,353.8015796645439,0.613037109375
464,407.4417693012969,353.9759264430665,0.61328125
465,407.24120028287894,354.1500426747701,0.613525390625
466,407.04027537930733,354.3239279499423,0.61376953125
467,406.83899506337787,354.49758185941437,0.614013671875
468,406.6373598087225,354.67100399456183,0.6142578125
469,406.43537008980854,354.8441939473056,0.614501953125
470,406.2330263819373,355.0171513101131,0.61474609375
471,406.030329161243,355.18987567599885,0.614990234375
472,405.82727890469187,355.36236663852577,0.615234375
473,405.6238760900807,355.534623791806,0.615478515625
474,405.420121196036,355.7066467305017,0.61572265625
475,405.2160147020128,355.87843504982646,0.615966796875
476,405.0115570882932,356.0499883455456,0.6162109375
477,404.8067488359859,356.22130621397775,0.616455078125
478,404.60159042702435,356.3923882519954,0.61669921875
479,404.3960823441662,356.56323405702597,0.616943359375
480,404.19022507099186,356.7338432270527,0.6171875
481,403.98401909190324,356.9042153606159,0.617431640625
482,403.777464892123,357.0743500568134,0.61767578125
483,403.5705629576932,357.2442469153018,0.617919921875
484,403.36331377547396,357.4139055362974,0.6181640625
485,403.1557178331427,357.58332552057703,0.618408203125
486,402.9477756191927,357.7525064694792,0.61865234375
487,402.7394876229321,357.9214479849047,0.618896484375
488,402.53085433448257,358.09014966931795,0.619140625
489,402.32187624477854,358.25861112574745,0.619384765625
490,402.1125538455655,358.4268319577872,0.61962890625
491,401.9028876293994,358.5948117695973,0.619873046875
492,401.69287808964503,358.76255016590505,0.6201171875
493,401.48252572047517,358.9300467520058,0.620361328125
494,401.2718310168692,359.09730113376384,0.62060546875
495,401.0607944746122,359.26431291761355,0.620849609375
496,400.8494165902934,359.43108171056,0.62109375
497,400.63769786130547,359.5976071201802,0.621337890625
498,400.42563878584303,359.7638887546237,0.62158203125
499,400.2132398629016,359.9299262226137,0.621826171875
500,400.00050159227635,360.0957191334481,0.6220703125
501,399.7874244745609,360.26126709700014,0.622314453125
502,399.57400901114636,360.42656972371947,0.62255859375
503,399.36025570421987,360.59162662463297,0.622802734375
504,399.1461650567637,360.7564374113459,0.623046875
505,398.93173757255386,360.9210016960426,0.623291015625
506,398.7169737561587,361.08531909148724,0.62353515625
507,398.5018741129385,361.2493892110253,0.623779296875
508,398.2864391490433,361.4132116685838,0.6240234375
509,398.07066937141246,361.57678607867274,0.624267578125
510,397.85456528777314,361.7401120563857,0.62451171875
511,397.6381274066391,361.90318921740095,0.624755859375
512,397.4213562373095,362.06601717798213,0.625
513,397.20425228986795,362.2285955549793,0.625244140625
514,396.98681607518097,362.39092396582987,0.62548828125
515,396.769048104897,362.5530020285594,0.625732421875
516,396.55094889144505,362.71482936178245,0.6259765625
517,396.3325189480337,362.87640558470383,0.626220703125
518,396.11375878864965,363.03773031711904,0.62646484375
519,395.8946689280567,363.19880317941534,0.626708984375
520,395.67524988179457,363.3596237925728,0.626953125
521,395.4555021661773,363.52019177816493,0.627197265625
522,395.2354262982926,363.68050675835974,0.62744140625
523,395.01502279600015,363.84056835592065,0.627685546875
524,394.7942921779308,364.00037619420726,0.6279296875
525,394.57323496348494,364.1599298971762,0.628173828125
526,394.3518516728316,364.3192290893823,0.62841796875
527,394.13014282690693,364.4782733959791,0.628662109375
528,393.9081089474134,364.63706244272004,0.62890625
529,393.6857505568181,364.7955958559591,0.629150390625
530,393.4630681783518,364.9538732626519,0.62939453125
531,393.2400623360077,365.11189429035636,0.629638671875
532,393.0167335545401,365.26965856723376,0.6298828125
533,392.79308235946314,365.42716572204955,0.630126953125
534,392.5691092770496,365.5844153841741,0.63037109375
535,392.34481483432995,365.7414071835839,0.630615234375
536,392.12019955909057,365.8981407508619,0.630859375
537,391.895263979873,366.05461571719906,0.631103515625
538,391.6700086259723,366.21083171439454,0.63134765625
539,391.4444340274361,366.36678837485704,0.631591796875
540,391.2185407150632,366.5224853316055,0.6318359375
541,390.99232922040244,366.6779222182699,0.632080078125
542,390.76580007575126,366.83309866909224,0.63232421875
543,390.5389538141546,366.9880143189274,0.632568359375
544,390.31179096940366,367.14266880324385,0.6328125
545,390.0843120760346,367.29706175812464,0.633056640625
546,389.8565176693272,367.45119282026826,0.63330078125
547,389.62840828530375,367.60506162698937,0.633544921875
548,389.3999844607275,367.7586678162199,0.6337890625
549,389.17124673310195,367.91201102650956,0.634033203125
550,388.94219564066896,368.065090897027,0.63427734375
551,388.71283172240794,368.21790706756053,0.634521484375
552,388.4831555180343,368.3704591785189,0.634765625
553,388.25316756799845,368.5227468709322,0.635009765625
554,388.0228684134841,368.67476978645294,0.63525390625
555,387.79225859640746,368.8265275673564,0.635498046875
556,387.56133865941575,368.9780198565419,0.6357421875
557,387.3301091458858,369.12924629753337,0.635986328125
558,387.09857059992305,369.2802065344805,0.63623046875
559,386.8667235663601,369.43090021215914,0.636474609375
560,386.6345685907554,369.5813269759727,0.63671875
561,386.4021062193919,369.7314864719523,0.636962890625
562,386.1693369992762,369.8813783467582,0.63720703125
563,385.93626147813666,370.03100224768036,0.637451171875
564,385.7028802044225,370.1803578226393,0.6376953125
565,385.4691937273024,370.3294447201868,0.637939453125
566,385.23520259666327,370.4782625895072,0.63818359375
567,385.0009073631088,370.6268110804175,0.638427734375
568,384.7663085779583,370.77508984336885,0.638671875
569,384.53140679324537,370.9230985294469,0.638916015625
570,384.29620256171665,371.07083679037305,0.63916015625
571,384.0606964368303,371.2183042785048,0.639404296875
572,383.82488897275516,371.36550064683695,0.6396484375
573,383.5887807243688,371.51242554900216,0.639892578125
574,383.3523722472568,371.6590786392721,0.64013671875
575,383.11566409771126,371.80545957255765,0.640380859375
576,382.8786568327291,371.95156800441055,0.640625
577,382.6413510100114,372.0974035910234,0.640869140625
578,382.4037471879618,372.24296598923104,0.64111328125
579,382.16584592568495,372.38825485651114,0.641357421875
580,381.92764778298545,372.5332698509849,0.6416015625
581,381.68915332036653,372.678010631418,0.641845703125
582,381.45036309902883,372.8224768572214,0.64208984375
583,381.2112776808687,372.96666818845216,0.642333984375
584,380.9718976284773,373.1105842858142,0.642578125
585,380.7322235051389,373.2542248106589,0.642822265625
586,380.49225587483,373.39758942498634,0.64306640625
587,380.25199530221755,373.5406777914457,0.643310546875
588,380.0114423526578,373.68348957333626,0.6435546875
589,379.77059759219526,373.8260244346081,0.643798828125
590,379.52946158756083,373.96828203986286,0.64404296875
591,379.28803490617076,374.1102620543547,0.644287109375
592,379.04631811612535,374.2519641439909,0.64453125
593,378.8043117862077,374.39338797533287,0.644775390625
594,378.56201648588194,374.5345332155965,0.64501953125
595,378.3194327852924,374.6753995326535,0.645263671875
596,378.0765612552619,374.81598659503186,0.6455078125
597,377.8334024672906,374.95629407191655,0.645751953125
598,377.5899569935548,375.0963216331506,0.64599609375
599,377.34622540690486,375.2360689492356,0.646240234375
600,377.1022082808651,375.3755356913325,0.646484375
601,376.8579061896312,375.5147215312628,0.646728515625
602,376.61331970806964,375.65362614150865,0.64697265625
603,376.368449411716,375.79224919521414,0.647216796875
604,376.1232958767738,375.93059036618575,0.6474609375
605,375.8778596801129,376.0686493288934,0.647705078125
606,375.63214139926845,376.206425758471,0.64794921875
607,375.3861416124393,376.34391933071737,0.648193359375
608,375.1398608984867,376.48112972209674,0.6484375
609,374.8932998369329,376.6180566097398,0.648681640625
610,374.64645900795995,376.75469967144454,0.64892578125
611,374.3993389924082,376.89105858567643,0.649169921875
612,374.15194037177486,377.02713303156986,0.6494140625
613,373.90426372821275,377.1629226889285,0.649658203125
614,373.6563096445291,377.2984272382263,0.64990234375
615,373.4080787041836,377.43364636060767,0.650146484375
616,373.1595714912878,377.5685797378892,0.650390625
617,372.91078859060303,377.70322705255955,0.650634765625
618,372.66173058753964,377.8375879877806,0.65087890625
619,372.4123980681551,377.97166222738804,0.651123046875
620,372.1627916191529,378.10544945589226,0.6513671875
621,371.91291182788115,378.238949358479,0.651611328125
622,371.66275928233114,378.37216162101004,0.65185546875
623,371.41233457113594,378.50508593002417,0.652099609375
624,371.16163828356906,378.63772197273755,0.65234375
625,370.91067100954314,378.7700694370448,0.652587890625
626,370.6594333396085,378.90212801151955,0.65283203125
627,370.4079258649514,379.03389738541523,0.653076171875
628,370.15614917739344,379.16537724866566,0.6533203125
629,369.9041038693895,379.2965672918862,0.653564453125
630,369.6517905340263,379.42746720637393,0.65380859375
631,369.39920976502174,379.5580766841087,0.654052734375
632,369.14636215672266,379.6883954177538,0.654296875
633,368.8932483041039,379.8184231006566,0.654541015625
634,368.63986880276684,379.94815942684954,0.65478515625
635,368.3862242489379,380.0776040910504,0.655029296875
636,368.1323152394672,380.20675678866337,0.6552734375
637,367.8781423718272,380.33561721577973,0.655517578125
638,367.6237062441112,380.4641850691785,0.65576171875
639,367.36900745503203,380.59246004632695,0.656005859375
640,367.11404660392043,380.7204418453818,0.65625
641,366.858824290724,380.84813016518945,0.656494140625
642,366.6033411160055,380.97552470528694,0.65673828125
643,366.3475976809415,381.10262516590274,0.656982421875
644,366.09159458732097,381.229431247957,0.6572265625
645,365.83533243754397,381.3559426530629,0.657470703125
646,365.57881183462007,381.48215908352677,0.65771484375
647,365.322033382167,381.6080802423493,0.657958984375
648,365.06499768440926,381.7337058332257,0.658203125
649,364.8077053461768,381.8590355605469,0.658447265625
650,364.5501569729032,381.9840691293999,0.65869140625
651,364.2923531706247,382.1088062455687,0.658935546875
652,364.0342945459786,382.23324661553477,0.6591796875
653,363.7759817062017,382.3573899464779,0.659423828125
654,363.5174152591291,382.4812359462768,0.65966796875
655,363.25859581319264,382.60478432351,0.659912109375
656,362.99952397741947,382.72803478745607,0.66015625
657,362.7402003614306,382.85098704809485,0.660400390625
658,362.4806255754396,382.97364081610783,0.66064453125
659,362.22080023025103,383.09599580287875,0.660888671875
660,361.960724937259,383.2180517204946,0.6611328125
661,361.7004003084457,383.33980828174595,0.661376953125
662,361.4398269563803,383.46126520012785,0.66162109375
663,361.17900549421694,383.5824221898405,0.661865234375
664,360.9179365356938,383.70327896578976,0.662109375
665,360.65662069513127,383.82383524358795,0.662353515625
666,360.39505858743087,383.94409073955455,0.66259765625
667,360.13325082807347,384.06404517071667,0.662841796875
668,359.87119803311793,384.1836982548101,0.6630859375
669,359.6089008191999,384.3030497102794,0.663330078125
670,359.34635980353,384.4220992562792,0.66357421875
671,359.08357560389265,384.5408466126743,0.663818359375
672,358.8205488386443,384.6592915000408,0.6640625
673,358.5572801267126,384.7774336396664,0.664306640625
674,358.2937700875941,384.89527275355124,0.66455078125
675,358.03001934135335,385.01280856440854,0.664794921875
676,357.7660285086214,385.1300407956651,0.6650390625
677,357.5017982105942,385.2469691714622,0.665283203125
678,357.23732906903103,385.36359341665604,0.66552734375
679,356.9726217062535,385.47991325681863,0.665771484375
680,356.70767674514354,385.59592841823803,0.666015625
681,356.4424948091422,385.71163862791934,0.666259765625
682,356.17707652224817,385.8270436135854,0.66650390625
683,355.91142250901635,385.9421431036769,0.666748046875
684,355.64553339455637,386.05693682735387,0.6669921875
685,355.37940980453095,386.17142451449547,0.667236328125
686,355.1130523651545,386.2856058957011,0.66748046875
687,354.84646170319195,386.39948070229104,0.667724609375
688,354.5796384459568,386.5130486663067,0.66796875
689,354.31258322131,386.6263095205118,0.668212890625
690,354.04529665765824,386.73926299839263,0.66845703125
691,353.77777938395263,386.85190883415873,0.668701171875
692,353.5100320296872,386.9642467627435,0.6689453125
693,353.2420552248973,387.076276519805,0.669189453125
694,352.97384960015825,387.1879978417264,0.66943359375
695,352.7054157865837,387.29941046561663,0.669677734375
696,352.43675441582457,387.41051412931097,0.669921875
697,352.1678661200668,387.52130857137183,0.670166015625
698,351.8987515320306,387.6317935310892,0.67041015625
699,351.6294112849686,387.7419687484812,0.670654296875
700,351.35984601266443,387.851833964295,0.6708984375
701,351.09005634943117,387.96138892000715,0.671142578125
702,350.82004293011,388.07063335782414,0.67138671875
703,350.54980639006857,388.1795670206833,0.671630859375
704,350.27934736519956,388.2881896522532,0.671875
705,350.00866649191914,388.3965009969344,0.672119140625
706,349.73776440716557,388.5045007998597,0.67236328125
707,349.4666417483977,388.61218880689523,0.672607421875
708,349.1952991535932,388.71956476464067,0.6728515625
709,348.92373726124754,388.82662842043,0.673095703125
710,348.651956710372,388.9333795223321,0.67333984375
711,348.3799581404926,389.0398178191513,0.673583984375
712,348.107742191648,389.14594306042807,0.673828125
713,347.8353095043888,389.25175499643944,0.674072265625
714,347.56266071977547,389.3572533781997,0.67431640625
715,347.2897964793768,389.4624379574609,0.674560546875
716,347.0167174252688,389.56730848671367,0.6748046875
717,346.7434242000328,389.6718647191875,0.675048828125
718,346.4699174467542,389.77610640885143,0.67529296875
719,346.19619780902076,389.8800333104147,0.675537109375
720,345.9222659309213,389.9836451793273,0.67578125
721,345.648122457044,390.0869417717805,0.676025390625
722,345.37376803247486,390.1899228447074,0.67626953125
723,345.09920330279635,390.2925881557836,0.676513671875
724,344.82442891408584,390.39493746342777,0.6767578125
725,344.549445512914,390.496970526802,0.677001953125
726,344.27425374634333,390.59868710581276,0.67724609375
727,343.9988542619267,390.70008696111097,0.677490234375
728,343.7232477077055,390.8011698540931,0.677734375
729,343.4474347322088,390.9019355469012,0.677978515625
730,343.1714159844511,391.00238380242405,0.67822265625
731,342.89519211393116,391.102514384297,0.678466796875
732,342.6187637706304,391.2023270569033,0.6787109375
733,342.34213160501145,391.301821585374,0.678955078125
734,342.06529626801654,391.4009977355888,0.67919921875
735,341.7882584110659,391.49985527417675,0.679443359375
736,341.51101868605645,391.59839396851646,0.6796875
737,341.2335777453599,391.69661358673693,0.679931640625
738,340.95593624182175,391.7945138977178,0.68017578125
739,340.6780948287592,391.89209467109026,0.680419921875
740,340.40005415995995,391.9893556772373,0.6806640625
741,340.12181488968054,392.0862966872944,0.680908203125
742,339.8433776726448,392.1829174731499,0.68115234375
743,339.5647431640425,392.2792178074459,0.681396484375
744,339.2859120195275,392.37519746357833,0.681640625
745,339.00688489521633,392.47085621569784,0.681884765625
746,338.7276624476869,392.5661938387101,0.68212890625
747,338.4482453339766,392.66121010827646,0.682373046875
748,338.16863421158075,392.7559048008145,0.6826171875
749,337.88882973845153,392.8502776934984,0.682861328125
750,337.60883257299577,392.9443285642597,0.68310546875
751,337.32864337407386,393.03805719178763,0.683349609375
752,337.048262800998,393.1314633555296,0.68359375
753,336.76769151353085,393.2245468356919,0.683837890625
754,336.4869301718837,393.3173074132402,0.68408203125
755,336.20597943671515,393.4097448698998,0.684326171875
756,335.9248399691294,393.5018589881564,0.6845703125
757,335.6435124306747,393.5936495512567,0.684814453125
758,335.36199748334207,393.68511634320856,0.68505859375
759,335.08029578956325,393.77625914878183,0.685302734375
760,334.7984080122096,393.8670777535086,0.685546875
761,334.5163348145903,393.9575719436841,0.685791015625
762,334.2340768604508,394.0477415063666,0.68603515625
763,333.9516348139713,394.13758622937837,0.686279296875
764,333.66900933976524,394.2271059013063,0.6865234375
765,333.38620110287775,394.3163003115018,0.686767578125
766,333.1032107687838,394.40516925008177,0.68701171875
767,332.820039003387,394.4937125079291,0.687255859375
768,332.536686473018,394.58192987669304,0.6875
769,332.2531538444325,394.6698211487894,0.687744140625
770,331.9694417848102,394.75738611740167,0.68798828125
771,331.6855509617531,394.8446245764809,0.688232421875
772,331.40148204328364,394.93153632074666,0.6884765625
773,331.11723569784346,395.01812114568725,0.688720703125
774,330.83281259429157,395.10437884756016,0.68896484375
775,330.5482134019032,395.19030922339266,0.689208984375
776,330.2634387903675,395.2759120709824,0.689453125
777,329.97848942978686,395.36118718889736,0.689697265625
778,329.69336599067447,395.4461343764772,0.68994140625
779,329.4080691439534,395.53075343383284,0.690185546875
780,329.12259956095477,395.61504416184755,0.6904296875
781,328.836957913416,395.6990063621771,0.690673828125
782,328.5511448734794,395.78263983725026,0.69091796875
783,328.26516111369085,395.86594439026936,0.691162109375
784,327.9790073069977,395.94891982521085,0.69140625
785,327.6926841267473,396.0315659468254,0.691650390625
786,327.40619224668603,396.11388256063884,0.69189453125
787,327.11953234095677,396.19586947295215,0.692138671875
788,326.8327050840981,396.2775264908421,0.6923828125
789,326.54571115104216,396.35885342216204,0.692626953125
790,326.25855121711345,396.4398500755417,0.69287109375
791,325.971225958027,396.52051626038826,0.693115234375
792,325.6837360498869,396.6008517868862,0.693359375
793,325.39608216918475,396.6808564659985,0.693603515625
794,325.10826499279784,396.76053010946623,0.69384765625
795,324.8202851979878,396.83987252980967,0.694091796875
796,324.5321434623989,396.91888354032847,0.6943359375
797,324.24384046405646,396.9975629551021,0.694580078125
798,323.9553768813654,397.07591058899027,0.69482421875
799,323.66675339310825,397.15392625763343,0.695068359375
800,323.377970678444,397.2316097774531,0.6953125
801,323.0890294169063,397.3089609656526,0.695556640625
802,322.7999302884019,397.385979640217,0.69580078125
803,322.51067397320884,397.462665619914,0.696044921875
804,322.2212611519753,397.53901872429407,0.6962890625
805,321.9316925057175,397.6150387736909,0.696533203125
806,321.6419687158185,397.69072558922204,0.69677734375
807,321.35209046402633,397.76607899278906,0.697021484375
808,321.0620584324526,397.8410988070782,0.697265625
809,320.7718733035706,397.9157848555605,0.697509765625
810,320.481535760214,397.99013696249256,0.69775390625
811,320.19104648557504,398.0641549529166,0.697998046875
812,319.9004061632032,398.1378386526612,0.6982421875
813,319.609615477003,398.21118788834144,0.698486328125
814,319.3186751112332,398.28420248735955,0.69873046875
815,319.0275857505045,398.3568822779051,0.698974609375
816,318.73634807977834,398.4292270889555,0.69921875
817,318.44496278436503,398.50123675027646,0.699462890625
818,318.1534305499223,398.57291109242226,0.69970703125
819,317.8617520624538,398.6442499467363,0.699951171875
820,317.569928008307,398.71525314535126,0.7001953125
821,317.2779590741722,398.78592052118984,0.700439453125
822,316.98584594708046,398.85625190796486,0.70068359375
823,316.6935893144023,398.92624714017984,0.700927734375
824,316.4011898638456,398.99590605312903,0.701171875
825,316.10864828345467,399.06522848289853,0.701416015625
826,315.8159652616081,399.13421426636586,0.70166015625
827,315.52314148701726,399.20286324120076,0.701904296875
828,315.2301776487248,399.2711752458656,0.7021484375
829,314.9370744361029,399.3391501196156,0.702392578125
830,314.6438325388517,399.40678770249946,0.70263671875
831,314.3504526469979,399.4740878353592,0.702880859375
832,314.05693545089247,399.54105035983133,0.703125
833,313.7632816412099,399.6076751183464,0.703369140625
834,313.4694919089459,399.67396195412994,0.70361328125
835,313.17556694541616,399.73991071120264,0.703857421875
836,312.88150744225436,399.80552123438076,0.7041015625
837,312.5873140914111,399.87079336927627,0.704345703125
838,312.2929875851516,399.9357269622977,0.70458984375
839,311.99852861605467,400.0003218606499,0.704833984375
840,311.7039378770106,400.06457791233487,0.705078125
841,311.40921606122,400.12849496615195,0.705322265625
842,311.1143638621917,400.1920728716981,0.70556640625
843,310.81938197374126,400.2553114793684,0.705810546875
844,310.5242710899898,400.31821064035626,0.7060546875
845,310.22903190536164,400.3807702066539,0.706298828125
846,309.93366511458305,400.44299003105255,0.70654296875
847,309.63817141268066,400.5048699671431,0.706787109375
848,309.3425514949797,400.566409869316,0.70703125
849,309.0468060571024,400.62760959276187,0.707275390625
850,308.7509357949663,400.68846899347193,0.70751953125
851,308.45494140478274,400.7489879282381,0.707763671875
852,308.1588235830551,400.8091662546534,0.7080078125
853,307.8625830265773,400.86900383111254,0.708251953125
854,307.5662204324318,400.9285005168119,0.70849609375
855,307.26973649798856,400.98765617174996,0.708740234375
856,306.9731319209029,401.0464706567278,0.708984375
857,306.67640739911405,401.10494383334924,0.709228515625
858,306.3795636308434,401.1630755640213,0.70947265625
859,306.08260131459303,401.2208657119544,0.709716796875
860,305.7855211491441,401.2783141411626,0.7099609375
861,305.48832383355466,401.33542071646434,0.710205078125
862,305.1910100671589,401.3921853034823,0.71044921875
863,304.89358054956483,401.44860776864385,0.710693359375
864,304.5960359806528,401.5046879791816,0.7109375
865,304.29837706057384,401.5604258031333,0.711181640625
866,304.0006044897483,401.61582110934256,0.71142578125
867,303.7027189688637,401.6708737674588,0.711669921875
868,303.40472119887346,401.72558364793775,0.7119140625
869,303.1066118809951,401.77995062204195,0.712158203125
870,302.8083917167087,401.8339745618405,0.71240234375
871,302.5100614077551,401.8876553402098,0.712646484375
872,302.21162165613424,401.94099283083403,0.712890625
873,301.91307316410376,401.99398690820476,0.713134765625
874,301.61441663417713,402.0466374476218,0.71337890625
875,301.31565276912204,402.0989443251934,0.713623046875
876,301.01678227195856,402.1509074178364,0.7138671875
877,300.717805845958,402.2025266032766,0.714111328125
878,300.41872419464073,402.2538017600491,0.71435546875
879,300.1195380217747,402.30473276749854,0.714599609375
880,299.820248031374,402.3553195057793,0.71484375
881,299.52085492769675,402.40556185585586,0.715087890625
882,299.2213594152439,402.4554596995032,0.71533203125
883,298.9217621987574,402.50501291930675,0.715576171875
884,298.62206398321825,402.5542213986631,0.7158203125
885,298.3222654738455,402.60308502178,0.716064453125
886,298.02236737609394,402.6516036736765,0.71630859375
887,297.72237039565266,402.6997772401836,0.716552734375
888,297.4222752384437,402.74760560794414,0.716796875
889,297.1220826106199,402.79508866441347,0.717041015625
890,296.8217932185634,402.8422262978593,0.71728515625
891,296.5214077688842,402.8890183973623,0.717529296875
892,296.2209269684184,402.93546485281604,0.7177734375
893,295.9203515242262,402.98156555492767,0.718017578125
894,295.61968214359075,403.0273203952176,0.71826171875
895,295.31891953401606,403.0727292660204,0.718505859375
896,295.01806440322565,403.1177920604846,0.71875
897,294.71711745916076,403.162508672573,0.718994140625
898,294.41607940997847,403.2068789970632,0.71923828125
899,294.11495096405054,403.25090292954746,0.719482421875
900,293.8137328299613,403.29458036643325,0.7197265625
901,293.51242571650596,403.3379112049434,0.719970703125
902,293.21103033268935,403.3808953431162,0.72021484375
903,292.90954738772393,403.4235326798058,0.720458984375
904,292.6079775910282,403.46582311468245,0.720703125
905,292.30632165222505,403.50776654823267,0.720947265625
906,292.0045802811399,403.5493628817595,0.72119140625
907,291.70275418779954,403.59061201738285,0.721435546875
908,291.4008440824298,403.63151385803934,0.7216796875
909,291.0988506754543,403.67206830748313,0.721923828125
910,290.79677467749275,403.71227527028566,0.72216796875
911,290.4946167993592,403.75213465183595,0.722412109375
912,290.1923777520603,403.79164635834115,0.72265625
913,289.8900582467936,403.83081029682637,0.722900390625
914,289.58765899494625,403.8696263751351,0.72314453125
915,289.28518070809287,403.9080945019293,0.723388671875
916,288.982624097994,403.9462145866898,0.7236328125
917,288.6799898765946,403.9839865397163,0.723876953125
918,288.3772787560224,404.0214102721278,0.72412109375
919,288.07449144858566,404.05848569586266,0.724365234375
920,287.7716286667723,404.09521272367874,0.724609375
921,287.46869112324765,404.1315912691539,0.724853515625
922,287.1656795308531,404.1676212466858,0.72509765625
923,286.8625946026041,404.20330257149254,0.725341796875
924,286.5594370516887,404.2386351596124,0.7255859375
925,286.256207591466,404.2736189279045,0.725830078125
926,285.95290693546434,404.3082537940486,0.72607421875
927,285.64953579737926,404.34253967654547,0.726318359375
928,285.34609489107237,404.37647649471717,0.7265625
929,285.0425849305695,404.4100641687071,0.726806640625
930,284.7390066300589,404.4433026194801,0.72705078125
931,284.4353607038896,404.47619176882307,0.727294921875
932,284.13164786656984,404.5087315393446,0.7275390625
933,283.82786883276526,404.54092185447536,0.727783203125
934,283.52402431729723,404.5727626384686,0.72802734375
935,283.22011503514125,404.6042538163997,0.728271484375
936,282.91614170142526,404.635395314167,0.728515625
937,282.61210503142786,404.6661870584915,0.728759765625
938,282.3080057405767,404.6966289769173,0.72900390625
939,282.0038445444467,404.7267209978116,0.729248046875
940,281.69962215875864,404.7564630503649,0.7294921875
941,281.3953392993772,404.7858550645914,0.729736328125
942,281.09099668230925,404.8148969713288,0.72998046875
943,280.78659502370243,404.8435887022386,0.730224609375
944,280.48213503984323,404.8719301898065,0.73046875
945,280.17761744715546,404.89992136734224,0.730712890625
946,279.87304296219827,404.92756216897976,0.73095703125
947,279.568412301665,404.95485252967774,0.731201171875
948,279.263726182381,404.98179238521914,0.7314453125
949,278.95898532130207,405.00838167221207,0.731689453125
950,278.6541904355129,405.0346203280893,0.73193359375
951,278.3493422422253,405.0605082911087,0.732177734375
952,278.04444145877665,405.0860455003534,0.732421875
953,277.73948880262776,405.1112318957319,0.732666015625
954,277.4344849913618,405.1360674179782,0.73291015625
955,277.12943074268213,405.16055200865185,0.733154296875
956,276.82432677441096,405.18468561013833,0.7333984375
957,276.51917380448725,405.20846816564887,0.733642578125
958,276.2139725509656,405.2318996192208,0.73388671875
959,275.90872373201387,405.2549799157178,0.734130859375
960,275.60342806591217,405.27770900082953,0.734375
961,275.2980862710505,405.30008682107234,0.734619140625
962,274.9926990659278,405.32211332378904,0.73486328125
963,274.6872671691496,405.3437884571491,0.735107421875
964,274.38179129942654,405.36511217014896,0.7353515625
965,274.076272175573,405.38608441261175,0.735595703125
966,273.77071051650495,405.4067051351878,0.73583984375
967,273.46510704123847,405.4269742893545,0.736083984375
968,273.15946246888797,405.4468918274167,0.736328125
969,272.8537775186648,405.46645770250643,0.736572265625
970,272.54805290987514,405.48567186858327,0.73681640625
971,272.2422893619185,405.5045342804344,0.737060546875
972,271.936487594286,405.52304489367486,0.7373046875
973,271.63064832655886,405.5412036647473,0.737548828125
974,271.32477227840633,405.55901055092244,0.73779296875
975,271.0188601695843,405.57646551029893,0.738037109375
976,270.7129127199335,405.59356850180353,0.73828125
977,270.4069306493779,405.6103194851913,0.738525390625
978,270.1009146779228,405.62671842104555,0.73876953125
979,269.79486552565334,405.64276527077794,0.739013671875
980,269.4887839127328,405.6584599966287,0.7392578125
981,269.1826705594008,405.6738025616668,0.739501953125
982,268.8765261859715,405.68879292978943,0.73974609375
983,268.5703515128323,405.70343106572295,0.739990234375
984,268.26414726044175,405.7177169350224,0.740234375
985,267.957914149328,405.7316505040717,0.740478515625
986,267.65165290008713,405.7452317400839,0.74072265625
987,267.34536423338153,405.758460611101,0.740966796875
988,267.03904886993803,405.7713370859942,0.7412109375
989,266.7327075305461,405.7838611344639,0.741455078125
990,266.42634093605665,405.7960327270398,0.74169921875
991,266.11994980737984,405.80785183508095,0.741943359375
992,265.81353486548363,405.81931843077587,0.7421875
993,265.50709683139183,405.8304324871425,0.742431640625
994,265.20063642618294,405.8411939780285,0.74267578125
995,264.89415437098774,405.851602878111,0.742919921875
996,264.58765138698817,405.8616591628968,0.7431640625
997,264.28112819541536,405.87136280872255,0.743408203125
998,263.97458551754795,405.8807137927546,0.74365234375
999,263.66802407471056,405.88971209298916,0.743896484375
1000,263.3614445882718,405.8983576882524,0.744140625
1001,263.0548477796428,405.90665055820045,0.744384765625
1002,262.74823437027555,405.91459068331926,0.74462890625
1003,262.44160508166095,405.92217804492503,0.744873046875
1004,262.13496063532733,405.929412625164,0.7451171875
1005,261.82830175283874,405.9362944070124,0.745361328125
1006,261.52162915579316,405.9428233742768,0.74560546875
1007,261.2149435658208,405.9489995115939,0.745849609375
1008,260.90824570458244,405.95482280443065,0.74609375
1009,260.6015362937679,405.96029323908425,0.746337890625
1010,260.2948160550939,405.9654108026823,0.74658203125
1011,259.9880857103029,405.97017548318263,0.746826171875
1012,259.681345981161,405.9745872693735,0.7470703125
1013,259.37459758945636,405.9786461508736,0.747314453125
1014,259.06784125699767,405.98235211813187,0.74755859375
1015,258.7610777056121,405.98570516242796,0.747802734375
1016,258.454307657144,405.98870527587167,0.748046875
1017,258.1475318334529,405.9913524514036,0.748291015625
1018,257.84075095641197,405.9936466827946,0.74853515625
1019,257.5339657479062,405.9955879646461,0.748779296875
1020,257.2271769298309,405.9971762923902,0.7490234375
1021,256.9203852240897,405.9984116622893,0.749267578125
1022,256.61359135259323,405.99929407143645,0.74951171875
1023,256.30679603725696,405.9998235177553,0.749755859375
1024,256.0,406.0,0.75
1025,255.69320396274307,405.9998235177553,0.750244140625
1026,255.3864086474068,405.99929407143645,0.75048828125
1027,255.0796147759103,405.9984116622893,0.750732421875
1028,254.77282307016912,405.9971762923902,0.7509765625
1029,254.4660342520938,405.9955879646461,0.751220703125
1030,254.15924904358803,405.9936466827946,0.75146484375
1031,253.8524681665471,405.9913524514036,0.751708984375
1032,253.54569234285603,405.98870527587167,0.751953125
1033,253.23892229438795,405.98570516242796,0.752197265625
1034,252.9321587430024,405.98235211813187,0.75244140625
1035,252.62540241054367,405.9786461508736,0.752685546875
1036,252.31865401883906,405.9745872693735,0.7529296875
1037,252.0119142896971,405.97017548318263,0.753173828125
1038,251.7051839449061,405.9654108026823,0.75341796875
1039,251.39846370623215,405.96029323908425,0.753662109375
1040,251.09175429541756,405.95482280443065,0.75390625
1041,250.7850564341792,405.9489995115939,0.754150390625
1042,250.47837084420686,405.9428233742768,0.75439453125
1043,250.1716982471613,405.9362944070124,0.754638671875
1044,249.8650393646727,405.929412625164,0.7548828125
1045,249.55839491833908,405.92217804492503,0.755126953125
1046,249.2517656297245,405.91459068331926,0.75537109375
1047,248.94515222035724,405.90665055820045,0.755615234375
1048,248.63855541172822,405.8983576882524,0.755859375
1049,248.33197592528947,405.88971209298916,0.756103515625
1050,248.02541448245205,405.8807137927546,0.75634765625
1051,247.7188718045847,405.87136280872255,0.756591796875
1052,247.41234861301183,405.8616591628968,0.7568359375
1053,247.10584562901226,405.851602878111,0.757080078125
1054,246.7993635738171,405.8411939780285,0.75732421875
1055,246.49290316860817,405.8304324871425,0.757568359375
1056,246.1864651345164,405.81931843077587,0.7578125
1057,245.88005019262016,405.80785183508095,0.758056640625
1058,245.57365906394335,405.7960327270398,0.75830078125
1059,245.26729246945388,405.7838611344639,0.758544921875
1060,244.96095113006203,405.7713370859942,0.7587890625
1061,244.65463576661847,405.758460611101,0.759033203125
1062,244.34834709991287,405.7452317400839,0.75927734375
1063,244.04208585067204,405.7316505040717,0.759521484375
1064,243.73585273955828,405.7177169350224,0.759765625
1065,243.42964848716773,405.70343106572295,0.760009765625
1066,243.12347381402856,405.68879292978943,0.76025390625
1067,242.81732944059925,405.6738025616668,0.760498046875
1068,242.5112160872672,405.6584599966287,0.7607421875
1069,242.20513447434666,405.64276527077794,0.760986328125
1070,241.8990853220772,405.62671842104555,0.76123046875
1071,241.59306935062213,405.6103194851913,0.761474609375
1072,241.28708728006654,405.59356850180353,0.76171875
1073,240.98113983041577,405.57646551029893,0.761962890625
1074,240.6752277215937,405.55901055092244,0.76220703125
1075,240.36935167344117,405.5412036647473,0.762451171875
1076,240.063512405714,405.52304489367486,0.7626953125
1077,239.75771063808156,405.5045342804344,0.762939453125
1078,239.45194709012486,405.48567186858327,0.76318359375
1079,239.1462224813352,405.46645770250643,0.763427734375
1080,238.84053753111203,405.4468918274167,0.763671875
1081,238.5348929587616,405.4269742893545,0.763916015625
1082,238.22928948349508,405.4067051351878,0.76416015625
1083,237.92372782442703,405.38608441261175,0.764404296875
1084,237.6182087005735,405.36511217014896,0.7646484375
1085,237.31273283085045,405.3437884571491,0.764892578125
1086,237.00730093407222,405.32211332378904,0.76513671875
1087,236.7019137289495,405.30008682107234,0.765380859375
1088,236.39657193408786,405.27770900082953,0.765625
1089,236.09127626798613,405.2549799157178,0.765869140625
1090,235.78602744903446,405.2318996192208,0.76611328125
1091,235.48082619551278,405.20846816564887,0.766357421875
1092,235.1756732255891,405.18468561013833,0.7666015625
1093,234.8705692573179,405.16055200865185,0.766845703125
1094,234.56551500863824,405.1360674179782,0.76708984375
1095,234.2605111973723,405.1112318957319,0.767333984375
1096,233.95555854122338,405.0860455003534,0.767578125
1097,233.6506577577747,405.0605082911087,0.767822265625
1098,233.34580956448715,405.0346203280893,0.76806640625
1099,233.041014678698,405.00838167221207,0.768310546875
1100,232.73627381761906,404.98179238521914,0.7685546875
1101,232.43158769833502,404.95485252967774,0.768798828125
1102,232.12695703780176,404.92756216897976,0.76904296875
1103,231.82238255284457,404.89992136734224,0.769287109375
1104,231.51786496015677,404.8719301898065,0.76953125
1105,231.2134049762976,404.8435887022386,0.769775390625
1106,230.90900331769078,404.8148969713288,0.77001953125
1107,230.60466070062282,404.7858550645914,0.770263671875
1108,230.30037784124139,404.7564630503649,0.7705078125
1109,229.99615545555335,404.72672099781164,0.770751953125
1110,229.69199425942338,404.6966289769173,0.77099609375
1111,229.3878949685722,404.6661870584916,0.771240234375
1112,229.08385829857477,404.635395314167,0.771484375
1113,228.77988496485878,404.6042538163997,0.771728515625
1114,228.4759756827028,404.5727626384686,0.77197265625
1115,228.17213116723477,404.54092185447536,0.772216796875
1116,227.86835213343016,404.5087315393446,0.7724609375
1117,227.5646392961104,404.47619176882307,0.772705078125
1118,227.2609933699411,404.44330261948016,0.77294921875
1119,226.9574150694305,404.4100641687071,0.773193359375
1120,226.6539051089277,404.37647649471717,0.7734375
1121,226.35046420262077,404.34253967654547,0.773681640625
1122,226.0470930645357,404.3082537940486,0.77392578125
1123,225.74379240853398,404.2736189279045,0.774169921875
1124,225.44056294831134,404.2386351596124,0.7744140625
1125,225.13740539739598,404.20330257149254,0.774658203125
1126,224.83432046914697,404.1676212466858,0.77490234375
1127,224.53130887675238,404.1315912691539,0.775146484375
1128,224.22837133322776,404.09521272367874,0.775390625
1129,223.92550855141434,404.05848569586266,0.775634765625
1130,223.62272124397765,404.0214102721278,0.77587890625
1131,223.32001012340538,403.98398653971634,0.776123046875
1132,223.017375902006,403.9462145866898,0.7763671875
1133,222.7148192919072,403.9080945019293,0.776611328125
1134,222.41234100505378,403.8696263751351,0.77685546875
1135,222.10994175320644,403.83081029682637,0.777099609375
1136,221.80762224793975,403.79164635834115,0.77734375
1137,221.5053832006408,403.75213465183595,0.777587890625
1138,221.20322532250725,403.71227527028566,0.77783203125
1139,220.90114932454574,403.67206830748313,0.778076171875
1140,220.59915591757024,403.63151385803934,0.7783203125
1141,220.29724581220052,403.59061201738285,0.778564453125
1142,219.99541971886012,403.5493628817595,0.77880859375
1143,219.693678347775,403.50776654823267,0.779052734375
1144,219.3920224089718,403.46582311468245,0.779296875
1145,219.0904526122761,403.4235326798058,0.779541015625
1146,218.7889696673107,403.3808953431162,0.77978515625
1147,218.48757428349407,403.3379112049434,0.780029296875
1148,218.18626717003878,403.29458036643325,0.7802734375
1149,217.88504903594946,403.25090292954746,0.780517578125
1150,217.58392059002153,403.2068789970632,0.78076171875
1151,217.2828825408393,403.16250867257304,0.781005859375
1152,216.98193559677435,403.1177920604846,0.78125
1153,216.68108046598397,403.0727292660204,0.781494140625
1154,216.38031785640928,403.0273203952176,0.78173828125
1155,216.0796484757738,402.98156555492767,0.781982421875
1156,215.77907303158165,402.93546485281604,0.7822265625
1157,215.4785922311158,402.8890183973623,0.782470703125
1158,215.17820678143661,402.8422262978593,0.78271484375
1159,214.87791738938017,402.79508866441347,0.782958984375
1160,214.5777247615563,402.74760560794414,0.783203125
1161,214.27762960434734,402.6997772401836,0.783447265625
1162,213.97763262390606,402.6516036736765,0.78369140625
1163,213.6777345261545,402.60308502178,0.783935546875
1164,213.37793601678175,402.5542213986631,0.7841796875
1165,213.07823780124264,402.50501291930675,0.784423828125
1166,212.7786405847561,402.4554596995032,0.78466796875
1167,212.47914507230328,402.40556185585586,0.784912109375
1168,212.17975196862608,402.3553195057793,0.78515625
1169,211.8804619782253,402.30473276749854,0.785400390625
1170,211.5812758053593,402.2538017600491,0.78564453125
1171,211.28219415404203,402.2025266032766,0.785888671875
1172,210.98321772804147,402.1509074178364,0.7861328125
1173,210.68434723087802,402.0989443251934,0.786376953125
1174,210.38558336582287,402.04663744762183,0.78662109375
1175,210.08692683589624,401.99398690820476,0.786865234375
1176,209.78837834386576,401.94099283083403,0.787109375
1177,209.48993859224495,401.8876553402098,0.787353515625
1178,209.19160828329134,401.8339745618405,0.78759765625
1179,208.89338811900492,401.77995062204195,0.787841796875
1180,208.59527880112654,401.72558364793775,0.7880859375
1181,208.29728103113632,401.6708737674588,0.788330078125
1182,207.99939551025173,401.61582110934256,0.78857421875
1183,207.70162293942616,401.5604258031333,0.788818359375
1184,207.40396401934723,401.5046879791816,0.7890625
1185,207.10641945043517,401.44860776864385,0.789306640625
1186,206.8089899328411,401.3921853034823,0.78955078125
1187,206.51167616644534,401.33542071646434,0.789794921875
1188,206.21447885085598,401.2783141411626,0.7900390625
1189,205.91739868540697,401.2208657119544,0.790283203125
1190,205.62043636915664,401.1630755640213,0.79052734375
1191,205.32359260088597,401.10494383334924,0.790771484375
1192,205.02686807909708,401.0464706567278,0.791015625
1193,204.73026350201144,400.98765617174996,0.791259765625
1194,204.43377956756825,400.9285005168119,0.79150390625
1195,204.13741697342275,400.86900383111254,0.791748046875
1196,203.8411764169449,400.8091662546534,0.7919921875
1197,203.5450585952173,400.7489879282381,0.792236328125
1198,203.24906420503373,400.68846899347193,0.79248046875
1199,202.95319394289766,400.62760959276187,0.792724609375
1200,202.65744850502034,400.566409869316,0.79296875
1201,202.3618285873194,400.5048699671431,0.793212890625
1202,202.06633488541698,400.44299003105255,0.79345703125
1203,201.77096809463842,400.3807702066539,0.793701171875
1204,201.47572891001022,400.31821064035626,0.7939453125
1205,201.18061802625874,400.2553114793684,0.794189453125
1206,200.88563613780838,400.1920728716981,0.79443359375
1207,200.59078393878002,400.12849496615195,0.794677734375
1208,200.2960621229894,400.0645779123349,0.794921875
1209,200.00147138394533,400.0003218606499,0.795166015625
1210,199.7070124148484,399.9357269622977,0.79541015625
1211,199.41268590858894,399.87079336927627,0.795654296875
1212,199.11849255774567,399.80552123438076,0.7958984375
1213,198.8244330545839,399.73991071120264,0.796142578125
1214,198.53050809105412,399.67396195412994,0.79638671875
1215,198.23671835879014,399.6076751183464,0.796630859375
1216,197.94306454910756,399.54105035983133,0.796875
1217,197.64954735300216,399.4740878353592,0.797119140625
1218,197.3561674611483,399.4067877024995,0.79736328125
1219,197.06292556389715,399.3391501196156,0.797607421875
1220,196.76982235127522,399.2711752458656,0.7978515625
1221,196.47685851298274,399.20286324120076,0.798095703125
1222,196.18403473839192,399.13421426636586,0.79833984375
1223,195.89135171654533,399.06522848289853,0.798583984375
1224,195.59881013615438,398.9959060531291,0.798828125
1225,195.30641068559774,398.92624714017984,0.799072265625
1226,195.01415405291954,398.85625190796486,0.79931640625
1227,194.7220409258278,398.78592052118984,0.799560546875
1228,194.430071991693,398.71525314535126,0.7998046875
1229,194.13824793754628,398.6442499467363,0.800048828125
1230,193.84656945007774,398.57291109242226,0.80029296875
1231,193.55503721563502,398.50123675027646,0.800537109375
1232,193.26365192022172,398.4292270889555,0.80078125
1233,192.97241424949553,398.3568822779051,0.801025390625
1234,192.68132488876685,398.28420248735955,0.80126953125
1235,192.390384522997,398.21118788834144,0.801513671875
1236,192.09959383679688,398.1378386526612,0.8017578125
1237,191.80895351442499,398.0641549529166,0.802001953125
1238,191.51846423978603,397.99013696249256,0.80224609375
1239,191.22812669642943,397.91578485556056,0.802490234375
1240,190.93794156754743,397.8410988070782,0.802734375
1241,190.64790953597367,397.76607899278906,0.802978515625
1242,190.3580312841815,397.69072558922204,0.80322265625
1243,190.06830749428252,397.6150387736909,0.803466796875
1244,189.77873884802472,397.53901872429407,0.8037109375
1245,189.4893260267912,397.462665619914,0.803955078125
1246,189.20006971159813,397.385979640217,0.80419921875
1247,188.91097058309367,397.3089609656526,0.804443359375
1248,188.622029321556,397.2316097774531,0.8046875
1249,188.33324660689175,397.15392625763343,0.804931640625
1250,188.04462311863463,397.07591058899027,0.80517578125
1251,187.75615953594354,396.9975629551021,0.805419921875
1252,187.46785653760116,396.91888354032847,0.8056640625
1253,187.17971480201223,396.83987252980967,0.805908203125
1254,186.8917350072022,396.76053010946623,0.80615234375
1255,186.6039178308153,396.6808564659985,0.806396484375
1256,186.31626395011313,396.6008517868862,0.806640625
1257,186.028774041973,396.52051626038826,0.806884765625
1258,185.7414487828866,396.4398500755417,0.80712890625
1259,185.45428884895787,396.35885342216204,0.807373046875
1260,185.16729491590192,396.27752649084215,0.8076171875
1261,184.88046765904323,396.19586947295215,0.807861328125
1262,184.59380775331402,396.11388256063884,0.80810546875
1263,184.30731587325272,396.0315659468255,0.808349609375
1264,184.02099269300237,395.94891982521085,0.80859375
1265,183.73483888630915,395.86594439026936,0.808837890625
1266,183.44885512652058,395.78263983725026,0.80908203125
1267,183.16304208658406,395.6990063621771,0.809326171875
1268,182.87740043904523,395.61504416184755,0.8095703125
1269,182.5919308560466,395.53075343383284,0.809814453125
1270,182.30663400932556,395.4461343764772,0.81005859375
1271,182.02151057021317,395.36118718889736,0.810302734375
1272,181.7365612096325,395.2759120709824,0.810546875
1273,181.45178659809687,395.19030922339266,0.810791015625
1274,181.16718740570843,395.10437884756016,0.81103515625
1275,180.88276430215654,395.01812114568725,0.811279296875
1276,180.59851795671636,394.9315363207467,0.8115234375
1277,180.3144490382469,394.8446245764809,0.811767578125
1278,180.03055821518979,394.75738611740167,0.81201171875
1279,179.74684615556754,394.6698211487894,0.812255859375
1280,179.46331352698206,394.58192987669304,0.8125
1281,179.17996099661303,394.49371250792916,0.812744140625
1282,178.89678923121622,394.40516925008177,0.81298828125
1283,178.61379889712228,394.3163003115018,0.813232421875
1284,178.33099066023476,394.2271059013063,0.8134765625
1285,178.04836518602875,394.1375862293784,0.813720703125
1286,177.76592313954922,394.0477415063666,0.81396484375
1287,177.48366518540973,393.9575719436841,0.814208984375
1288,177.2015919877904,393.8670777535086,0.814453125
1289,176.91970421043675,393.77625914878183,0.814697265625
1290,176.63800251665793,393.68511634320856,0.81494140625
1291,176.35648756932528,393.5936495512567,0.815185546875
1292,176.07516003087068,393.5018589881564,0.8154296875
1293,175.79402056328485,393.4097448698998,0.815673828125
1294,175.51306982811633,393.3173074132402,0.81591796875
1295,175.2323084864692,393.22454683569197,0.816162109375
1296,174.95173719900205,393.1314633555296,0.81640625
1297,174.6713566259262,393.03805719178763,0.816650390625
1298,174.3911674270043,392.94432856425976,0.81689453125
1299,174.1111702615485,392.85027769349847,0.817138671875
1300,173.83136578841925,392.7559048008145,0.8173828125
1301,173.55175466602344,392.66121010827646,0.817626953125
1302,173.2723375523131,392.5661938387101,0.81787109375
1303,172.9931151047837,392.47085621569784,0.818115234375
1304,172.71408798047258,392.3751974635784,0.818359375
1305,172.43525683595755,392.2792178074459,0.818603515625
1306,172.1566223273552,392.1829174731499,0.81884765625
1307,171.87818511031952,392.0862966872944,0.819091796875
1308,171.59994584004005,391.9893556772373,0.8193359375
1309,171.32190517124084,391.89209467109026,0.819580078125
1310,171.04406375817825,391.7945138977178,0.81982421875
1311,170.76642225464008,391.69661358673693,0.820068359375
1312,170.4889813139436,391.5983939685165,0.8203125
1313,170.2117415889341,391.49985527417675,0.820556640625
1314,169.93470373198346,391.4009977355888,0.82080078125
1315,169.65786839498858,391.301821585374,0.821044921875
1316,169.38123622936962,391.2023270569033,0.8212890625
1317,169.10480788606884,391.102514384297,0.821533203125
1318,168.82858401554893,391.00238380242405,0.82177734375
1319,168.55256526779118,390.9019355469012,0.822021484375
1320,168.27675229229453,390.8011698540931,0.822265625
1321,168.00114573807338,390.70008696111097,0.822509765625
1322,167.72574625365667,390.59868710581276,0.82275390625
1323,167.45055448708604,390.49697052680204,0.822998046875
1324,167.17557108591416,390.3949374634278,0.8232421875
1325,166.90079669720365,390.2925881557836,0.823486328125
1326,166.6262319675252,390.18992284470744,0.82373046875
1327,166.351877542956,390.0869417717805,0.823974609375
1328,166.07773406907864,389.98364517932725,0.82421875
1329,165.80380219097924,389.8800333104147,0.824462890625
1330,165.53008255324582,389.77610640885143,0.82470703125
1331,165.25657579996727,389.6718647191875,0.824951171875
1332,164.98328257473125,389.5673084867137,0.8251953125
1333,164.71020352062322,389.4624379574609,0.825439453125
1334,164.4373392802246,389.35725337819974,0.82568359375
1335,164.16469049561118,389.25175499643944,0.825927734375
1336,163.89225780835199,389.14594306042807,0.826171875
1337,163.62004185950747,389.0398178191514,0.826416015625
1338,163.34804328962798,388.9333795223321,0.82666015625
1339,163.0762627387524,388.82662842043,0.826904296875
1340,162.8047008464068,388.7195647646407,0.8271484375
1341,162.53335825160232,388.61218880689523,0.827392578125
1342,162.26223559283446,388.5045007998598,0.82763671875
1343,161.9913335080809,388.3965009969344,0.827880859375
1344,161.72065263480044,388.28818965225327,0.828125
1345,161.4501936099315,388.1795670206833,0.828369140625
1346,161.17995706989,388.07063335782414,0.82861328125
1347,160.90994365056883,387.96138892000715,0.828857421875
1348,160.64015398733562,387.851833964295,0.8291015625
1349,160.3705887150314,387.7419687484812,0.829345703125
1350,160.10124846796936,387.6317935310892,0.82958984375
1351,159.83213387993322,387.52130857137183,0.829833984375
1352,159.56324558417546,387.41051412931097,0.830078125
1353,159.2945842134163,387.2994104656167,0.830322265625
1354,159.0261503998418,387.1879978417264,0.83056640625
1355,158.75794477510271,387.076276519805,0.830810546875
1356,158.48996797031288,386.9642467627435,0.8310546875
1357,158.22222061604737,386.85190883415873,0.831298828125
1358,157.95470334234176,386.73926299839263,0.83154296875
1359,157.68741677869005,386.6263095205119,0.831787109375
1360,157.4203615540432,386.51304866630676,0.83203125
1361,157.15353829680805,386.39948070229104,0.832275390625
1362,156.8869476348455,386.2856058957011,0.83251953125
1363,156.6205901954691,386.17142451449547,0.832763671875
1364,156.3544666054437,386.0569368273539,0.8330078125
1365,156.08857749098365,385.9421431036769,0.833251953125
1366,155.82292347775183,385.8270436135854,0.83349609375
1367,155.55750519085788,385.71163862791934,0.833740234375
1368,155.2923232548565,385.59592841823803,0.833984375
1369,155.0273782937465,385.47991325681863,0.834228515625
1370,154.76267093096897,385.3635934166561,0.83447265625
1371,154.49820178940587,385.2469691714622,0.834716796875
1372,154.23397149137858,385.1300407956651,0.8349609375
1373,153.96998065864668,385.01280856440854,0.835205078125
1374,153.70622991240592,384.89527275355124,0.83544921875
1375,153.44271987328744,384.77743363966647,0.835693359375
1376,153.1794511613557,384.6592915000408,0.8359375
1377,152.9164243961074,384.5408466126743,0.836181640625
1378,152.65364019647006,384.4220992562792,0.83642578125
1379,152.39109918080015,384.3030497102794,0.836669921875
1380,152.12880196688207,384.1836982548101,0.8369140625
1381,151.8667491719266,384.0640451707167,0.837158203125
1382,151.60494141256913,383.94409073955455,0.83740234375
1383,151.34337930486868,383.82383524358795,0.837646484375
1384,151.08206346430626,383.70327896578976,0.837890625
1385,150.82099450578306,383.58242218984054,0.838134765625
1386,150.56017304361978,383.4612652001279,0.83837890625
1387,150.2995996915543,383.33980828174595,0.838623046875
1388,150.03927506274107,383.2180517204946,0.8388671875
1389,149.77919976974903,383.09599580287875,0.839111328125
1390,149.51937442456043,382.97364081610783,0.83935546875
1391,149.2597996385694,382.85098704809485,0.839599609375
1392,149.00047602258059,382.72803478745607,0.83984375
1393,148.7414041868074,382.60478432351,0.840087890625
1394,148.4825847408709,382.4812359462768,0.84033203125
1395,148.22401829379834,382.3573899464779,0.840576171875
1396,147.96570545402142,382.23324661553477,0.8408203125
1397,147.70764682937534,382.10880624556876,0.841064453125
1398,147.44984302709685,381.9840691293999,0.84130859375
1399,147.1922946538232,381.8590355605469,0.841552734375
1400,146.93500231559074,381.7337058332257,0.841796875
1401,146.67796661783305,381.6080802423493,0.842041015625
1402,146.42118816537996,381.48215908352677,0.84228515625
1403,146.1646675624561,381.3559426530629,0.842529296875
1404,145.90840541267906,381.229431247957,0.8427734375
1405,145.65240231905852,381.10262516590274,0.843017578125
1406,145.39665888399452,380.975524705287,0.84326171875
1407,145.14117570927598,380.84813016518945,0.843505859375
1408,144.88595339607963,380.7204418453818,0.84375
1409,144.630992544968,380.59246004632695,0.843994140625
1410,144.37629375588878,380.4641850691785,0.84423828125
1411,144.12185762817285,380.33561721577973,0.844482421875
1412,143.86768476053282,380.20675678866337,0.8447265625
1413,143.61377575106212,380.0776040910504,0.844970703125
1414,143.36013119723322,379.94815942684954,0.84521484375
1415,143.10675169589612,379.8184231006566,0.845458984375
1416,142.85363784327734,379.6883954177538,0.845703125
1417,142.60079023497832,379.55807668410876,0.845947265625
1418,142.3482094659737,379.42746720637393,0.84619140625
1419,142.09589613061056,379.2965672918862,0.846435546875
1420,141.84385082260656,379.1653772486657,0.8466796875
1421,141.5920741350486,379.03389738541523,0.846923828125
1422,141.3405666603916,378.90212801151955,0.84716796875
1423,141.08932899045686,378.7700694370448,0.847412109375
1424,140.83836171643094,378.63772197273755,0.84765625
1425,140.5876654288641,378.50508593002417,0.847900390625
1426,140.33724071766892,378.37216162101004,0.84814453125
1427,140.08708817211883,378.238949358479,0.848388671875
1428,139.83720838084713,378.1054494558923,0.8486328125
1429,139.5876019318449,377.97166222738804,0.848876953125
1430,139.3382694124603,377.8375879877806,0.84912109375
1431,139.08921140939697,377.70322705255955,0.849365234375
1432,138.84042850871222,377.5685797378892,0.849609375
1433,138.59192129581646,377.4336463606077,0.849853515625
1434,138.34369035547095,377.2984272382263,0.85009765625
1435,138.09573627178722,377.1629226889286,0.850341796875
1436,137.8480596282252,377.0271330315699,0.8505859375
1437,137.60066100759184,376.89105858567643,0.850830078125
1438,137.35354099204002,376.75469967144454,0.85107421875
1439,137.10670016306713,376.6180566097399,0.851318359375
1440,136.8601391015133,376.48112972209674,0.8515625
1441,136.6138583875607,376.3439193307173,0.851806640625
1442,136.36785860073155,376.206425758471,0.85205078125
1443,136.12214031988708,376.06864932889346,0.852294921875
1444,135.87670412322626,375.9305903661858,0.8525390625
1445,135.631550588284,375.79224919521414,0.852783203125
1446,135.38668029193036,375.65362614150865,0.85302734375
1447,135.14209381036883,375.5147215312628,0.853271484375
1448,134.89779171913491,375.3755356913325,0.853515625
1449,134.65377459309508,375.2360689492355,0.853759765625
1450,134.41004300644528,375.0963216331506,0.85400390625
1451,134.16659753270937,374.95629407191655,0.854248046875
1452,133.92343874473806,374.81598659503186,0.8544921875
1453,133.68056721470765,374.67539953265356,0.854736328125
1454,133.43798351411806,374.5345332155965,0.85498046875
1455,133.19568821379238,374.39338797533287,0.855224609375
1456,132.95368188387465,374.25196414399096,0.85546875
1457,132.71196509382926,374.1102620543547,0.855712890625
1458,132.47053841243925,373.96828203986286,0.85595703125
1459,132.22940240780474,373.8260244346081,0.856201171875
1460,131.98855764734216,373.68348957333626,0.8564453125
1461,131.7480046977825,373.5406777914458,0.856689453125
1462,131.50774412517,373.39758942498634,0.85693359375
1463,131.26777649486107,373.2542248106589,0.857177734375
1464,131.02810237152275,373.1105842858142,0.857421875
1465,130.7887223191313,372.96666818845216,0.857666015625
1466,130.54963690097122,372.82247685722143,0.85791015625
1467,130.31084667963347,372.678010631418,0.858154296875
1468,130.07235221701458,372.5332698509849,0.8583984375
1469,129.8341540743151,372.38825485651114,0.858642578125
1470,129.59625281203822,372.2429659892311,0.85888671875
1471,129.35864898998852,372.0974035910234,0.859130859375
1472,129.12134316727094,371.95156800441055,0.859375
1473,128.8843359022888,371.80545957255765,0.859619140625
1474,128.64762775274312,371.659078639272,0.85986328125
1475,128.4112192756312,371.5124255490022,0.860107421875
1476,128.17511102724484,371.36550064683695,0.8603515625
1477,127.93930356316972,371.21830427850483,0.860595703125
1478,127.7037974382834,371.07083679037305,0.86083984375
1479,127.46859320675463,370.9230985294469,0.861083984375
1480,127.23369142204174,370.77508984336885,0.861328125
1481,126.99909263689122,370.6268110804175,0.861572265625
1482,126.76479740333673,370.47826258950715,0.86181640625
1483,126.53080627269762,370.32944472018687,0.862060546875
1484,126.29711979557752,370.1803578226393,0.8623046875
1485,126.06373852186334,370.03100224768036,0.862548828125
1486,125.83066300072386,369.8813783467582,0.86279296875
1487,125.5978937806081,369.7314864719523,0.863037109375
1488,125.3654314092447,369.58132697597273,0.86328125
1489,125.1332764336399,369.43090021215914,0.863525390625
1490,124.90142940007692,369.2802065344805,0.86376953125
1491,124.66989085411424,369.1292462975334,0.864013671875
1492,124.4386613405843,368.9780198565419,0.8642578125
1493,124.20774140359251,368.8265275673564,0.864501953125
1494,123.97713158651592,368.674769786453,0.86474609375
1495,123.74683243200158,368.5227468709323,0.864990234375
1496,123.51684448196562,368.3704591785189,0.865234375
1497,123.28716827759206,368.21790706756053,0.865478515625
1498,123.05780435933102,368.065090897027,0.86572265625
1499,122.8287532668981,367.9120110265096,0.865966796875
1500,122.60001553927253,367.75866781621994,0.8662109375
1501,122.37159171469628,367.60506162698937,0.866455078125
1502,122.14348233067281,367.45119282026826,0.86669921875
1503,121.91568792396538,367.29706175812464,0.866943359375
1504,121.68820903059631,367.14266880324385,0.8671875
1505,121.46104618584545,366.9880143189274,0.867431640625
1506,121.2341999242488,366.8330986690923,0.86767578125
1507,121.00767077959759,366.6779222182699,0.867919921875
1508,120.78145928493683,366.5224853316055,0.8681640625
1509,120.5555659725639,366.36678837485704,0.868408203125
1510,120.32999137402774,366.21083171439454,0.86865234375
1511,120.104736020127,366.05461571719906,0.868896484375
1512,119.8798004409094,365.8981407508619,0.869140625
1513,119.65518516567008,365.74140718358393,0.869384765625
1514,119.43089072295041,365.5844153841741,0.86962890625
1515,119.20691764053689,365.42716572204955,0.869873046875
1516,118.98326644545995,365.2696585672338,0.8701171875
1517,118.75993766399228,365.11189429035636,0.870361328125
1518,118.53693182164818,364.9538732626519,0.87060546875
1519,118.31424944318192,364.79559585595916,0.870849609375
1520,118.09189105258662,364.63706244272004,0.87109375
1521,117.86985717309312,364.47827339597916,0.871337890625
1522,117.64814832716849,364.3192290893823,0.87158203125
1523,117.42676503651506,364.1599298971762,0.871826171875
1524,117.20570782206926,364.00037619420726,0.8720703125
1525,116.98497720399985,363.8405683559207,0.872314453125
1526,116.7645737017074,363.68050675835974,0.87255859375
1527,116.54449783382273,363.52019177816493,0.872802734375
1528,116.32475011820543,363.3596237925728,0.873046875
1529,116.10533107194323,363.19880317941534,0.873291015625
1530,115.88624121135035,363.03773031711904,0.87353515625
1531,115.66748105196632,362.87640558470383,0.873779296875
1532,115.44905110855498,362.7148293617825,0.8740234375
1533,115.23095189510303,362.5530020285594,0.874267578125
1534,115.01318392481903,362.39092396582987,0.87451171875
1535,114.79574771013208,362.22859555497934,0.874755859375
1536,114.57864376269052,362.06601717798213,0.875
1537,114.36187259336091,361.90318921740095,0.875244140625
1538,114.14543471222692,361.7401120563858,0.87548828125
1539,113.92933062858754,361.57678607867274,0.875732421875
1540,113.7135608509567,361.4132116685838,0.8759765625
1541,113.49812588706155,361.2493892110253,0.876220703125
1542,113.2830262438413,361.08531909148724,0.87646484375
1543,113.06826242744623,360.9210016960426,0.876708984375
1544,112.85383494323628,360.7564374113459,0.876953125
1545,112.6397442957801,360.59162662463297,0.877197265625
1546,112.42599098885367,360.42656972371947,0.87744140625
1547,112.21257552543912,360.26126709700014,0.877685546875
1548,111.99949840772368,360.0957191334481,0.8779296875
1549,111.78676013709841,359.92992622261374,0.878173828125
1550,111.57436121415697,359.7638887546237,0.87841796875
1551,111.3623021386945,359.5976071201802,0.878662109375
1552,111.15058340970666,359.4310817105601,0.87890625
1553,110.93920552538785,359.26431291761355,0.879150390625
1554,110.72816898313084,359.0973011337639,0.87939453125
1555,110.51747427952486,358.9300467520058,0.879638671875
1556,110.30712191035497,358.76255016590505,0.8798828125
1557,110.09711237060066,358.59481176959736,0.880126953125
1558,109.88744615443451,358.4268319577872,0.88037109375
1559,109.67812375522146,358.25861112574745,0.880615234375
1560,109.46914566551746,358.09014966931795,0.880859375
1561,109.26051237706795,357.9214479849048,0.881103515625
1562,109.0522243808073,357.7525064694792,0.88134765625
1563,108.84428216685734,357.5833255205771,0.881591796875
1564,108.63668622452604,357.4139055362974,0.8818359375
1565,108.42943704230686,357.24424691530186,0.882080078125
1566,108.22253510787698,357.0743500568134,0.88232421875
1567,108.01598090809676,356.9042153606159,0.882568359375
1568,107.80977492900823,356.7338432270528,0.8828125
1569,107.60391765583381,356.56323405702597,0.883056640625
1570,107.39840957297565,356.3923882519954,0.88330078125
1571,107.19325116401419,356.2213062139778,0.883544921875
1572,106.98844291170681,356.04998834554567,0.8837890625
1573,106.78398529798724,355.8784350498264,0.884033203125
1574,106.579878803964,355.70664673050175,0.88427734375
1575,106.37612390991927,355.534623791806,0.884521484375
1576,106.17272109530816,355.3623666385258,0.884765625
1577,105.969670838757,355.18987567599885,0.885009765625
1578,105.76697361806274,355.0171513101131,0.88525390625
1579,105.56462991019151,354.8441939473056,0.885498046875
1580,105.3626401912775,354.67100399456183,0.8857421875
1581,105.16100493662216,354.49758185941437,0.885986328125
1582,104.95972462069273,354.32392794994234,0.88623046875
1583,104.7587997171211,354.1500426747701,0.886474609375
1584,104.55823069870306,353.9759264430665,0.88671875
1585,104.35801803739696,353.80157966454397,0.886962890625
1586,104.1581622043224,353.6270027494571,0.88720703125
1587,103.95866366975957,353.4521961086025,0.887451171875
1588,103.75952290314765,353.2771601533169,0.8876953125
1589,103.56074037308423,353.1018952954768,0.887939453125
1590,103.36231654732376,352.9264019474975,0.88818359375
1591,103.16425189277666,352.7506805223316,0.888427734375
1592,102.96654687550821,352.57473143346874,0.888671875
1593,102.76920196073743,352.39855509493407,0.888916015625
1594,102.57221761283591,352.2221519212875,0.88916015625
1595,102.37559429532692,352.04552232762273,0.889404296875
1596,102.1793324708841,351.86866672956637,0.8896484375
1597,101.98343260133043,351.6915855432766,0.889892578125
1598,101.78789514763727,351.51427918544266,0.89013671875
1599,101.59272056992313,351.33674807328345,0.890380859375
1600,101.3979093274526,351.15899262454684,0.890625
1601,101.20346187863547,350.9810132575086,0.890869140625
1602,101.00937868102523,350.80281039097133,0.89111328125
1603,100.81566019131847,350.6243844442637,0.891357421875
1604,100.62230686535352,350.4457358372391,0.8916015625
1605,100.4293191581094,350.26686499027494,0.891845703125
1606,100.2366975237048,350.0877723242716,0.89208984375
1607,100.04444241539713,349.9084582606515,0.892333984375
1608,99.8525542855811,349.72892322135795,0.892578125
1609,99.66103358578815,349.5491676288542,0.892822265625
1610,99.46988076668487,349.3691919061225,0.89306640625
1611,99.27909627807236,349.18899647666314,0.893310546875
1612,99.088680568885,349.00858176449344,0.8935546875
1613,98.89863408718921,348.8279481941465,0.893798828125
1614,98.70895728018286,348.6470961906706,0.89404296875
1615,98.51965059419376,348.46602617962805,0.894287109375
1616,98.33071447467876,348.284738587094,0.89453125
1617,98.14214936622284,348.1032338396558,0.894775390625
1618,97.953955712538,347.92151236441146,0.89501953125
1619,97.76613395646197,347.7395745889693,0.895263671875
1620,97.57868453995758,347.5574209414465,0.8955078125
1621,97.39160790411128,347.375051850468,0.895751953125
1622,97.20490448913256,347.192467745166,0.89599609375
1623,97.01857473435265,347.00966905517873,0.896240234375
1624,96.8326190782233,346.8266562106488,0.896484375
1625,96.64703795831625,346.6434296422234,0.896728515625
1626,96.46183181132182,346.4599897810523,0.89697265625
1627,96.27700107304784,346.276337058787,0.897216796875
1628,96.09254617841898,346.0924719075803,0.8974609375
1629,95.90846756147548,345.9083947600847,0.897705078125
1630,95.72476565537195,345.7241060494514,0.89794921875
1631,95.5414408923769,345.5396062093295,0.898193359375
1632,95.35849370387103,345.35489567386503,0.8984375
1633,95.17592452034685,345.16997487769964,0.898681640625
1634,94.9937337714073,344.98484425597,0.89892578125
1635,94.81192188576475,344.79950424430615,0.899169921875
1636,94.63048929124014,344.6139552788311,0.8994140625
1637,94.44943641476195,344.4281977961596,0.899658203125
1638,94.268763682365,344.2422322333968,0.89990234375
1639,94.08847151918974,344.05605902813767,0.900146484375
1640,93.90856034948106,343.86967861846585,0.900390625
1641,93.72903059658725,343.68309144295233,0.900634765625
1642,93.54988268295924,343.49629794065476,0.90087890625
1643,93.37111703014929,343.30929855111634,0.901123046875
1644,93.19273405881032,343.12209371436467,0.9013671875
1645,93.01473418869472,342.9346838709109,0.901611328125
1646,92.83711783865326,342.74706946174837,0.90185546875
1647,92.65988542663442,342.5592509283519,0.902099609375
1648,92.48303736968327,342.37122871267684,0.90234375
1649,92.30657408394026,342.1830032571574,0.902587890625
1650,92.13049598464059,341.99457500470635,0.90283203125
1651,91.9548034861131,341.80594439871356,0.903076171875
1652,91.77949700177908,341.6171118830451,0.9033203125
1653,91.60457694415175,341.4280779020421,0.903564453125
1654,91.43004372483475,341.2388429005198,0.90380859375
1655,91.25589775452173,341.04940732376633,0.904052734375
1656,91.08213944299499,340.85977161754204,0.904296875
1657,90.90876919912452,340.6699362280779,0.904541015625
1658,90.7357874308673,340.47990160207513,0.90478515625
1659,90.56319454526619,340.28966818670347,0.905029296875
1660,90.39099094844886,340.0992364296004,0.9052734375
1661,90.21917704562699,339.9086067788704,0.905517578125
1662,90.04775324109542,339.71777968308345,0.90576171875
1663,89.87671993823076,339.526755591274,0.906005859375
1664,89.70607753949093,339.3355349529403,0.90625
1665,89.53582644641409,339.14411821804305,0.906494140625
1666,89.36596705961736,338.95250583700414,0.90673828125
1667,89.19649977879641,338.76069826070614,0.906982421875
1668,89.02742500272399,338.5686959404907,0.9072265625
1669,88.85874312924949,338.37649932815793,0.907470703125
1670,88.69045455529763,338.1841088759651,0.90771484375
1671,88.52255967686764,337.99152503662526,0.907958984375
1672,88.35505888903239,337.79874826330695,0.908203125
1673,88.18795258593747,337.6057790096326,0.908447265625
1674,88.02124116080009,337.4126177296774,0.90869140625
1675,87.8549250059084,337.2192648779685,0.908935546875
1676,87.68900451262033,337.02572090948394,0.9091796875
1677,87.52348007136283,336.83198627965123,0.909423828125
1678,87.35835207163095,336.6380614443469,0.90966796875
1679,87.19362090198672,336.4439468598945,0.909912109375
1680,87.02928695005858,336.2496429830646,0.91015625
1681,86.86535060254022,336.055150271073,0.910400390625
1682,86.70181224518959,335.8604691815797,0.91064453125
1683,86.53867226282833,335.66560017268824,0.910888671875
1684,86.37593103934057,335.4705437029442,0.9111328125
1685,86.21358895767207,335.27530023133426,0.911376953125
1686,86.05164639982948,335.0798702172852,0.91162109375
1687,85.89010374687933,334.8842541206627,0.911865234375
1688,85.72896137894696,334.68845240177035,0.912109375
1689,85.56821967521608,334.4924655213485,0.912353515625
1690,85.40787901392727,334.29629394057315,0.91259765625
1691,85.24793977237772,334.09993812105506,0.912841796875
1692,85.08840232691992,333.90339852483845,0.9130859375
1693,84.92926705296082,333.7066756143999,0.913330078125
1694,84.77053432496112,333.5097698526475,0.91357421875
1695,84.61220451643428,333.31268170291946,0.913818359375
1696,84.45427799994559,333.1154116289833,0.9140625
1697,84.29675514711144,332.91796009503446,0.914306640625
1698,84.13963632859833,332.7203275656956,0.91455078125
1699,83.98292191412196,332.522514506015,0.914794921875
1700,83.82661227244657,332.32452138146607,0.9150390625
1701,83.67070777138375,332.12634865794564,0.915283203125
1702,83.51520877779191,331.9279968017733,0.91552734375
1703,83.3601156575752,331.72946627969014,0.915771484375
1704,83.20542877568266,331.53075755885766,0.916015625
1705,83.05114849610752,331.3318711068566,0.916259765625
1706,82.89727518188622,331.13280739168613,0.91650390625
1707,82.74380919509741,330.9335668817623,0.916748046875
1708,82.59075089686146,330.73415004591726,0.9169921875
1709,82.43810064733935,330.5345573533982,0.917236328125
1710,82.28585880573183,330.3347892738659,0.91748046875
1711,82.13402573027867,330.134846277394,0.917724609375
1712,81.98260177825773,329.9347288344676,0.91796875
1713,81.83158730598421,329.7344374159825,0.918212890625
1714,81.68098266880983,329.5339724932437,0.91845703125
1715,81.53078822112172,329.3333345379645,0.918701171875
1716,81.38100431634197,329.1325240222654,0.9189453125
1717,81.23163130692666,328.93154141867296,0.919189453125
1718,81.08266954436479,328.7303872001187,0.91943359375
1719,80.93411937917782,328.5290618399378,0.919677734375
1720,80.78598116091871,328.32756581186845,0.919921875
1721,80.63825523817087,328.1258995900501,0.920166015625
1722,80.49094195854778,327.92406364902297,0.92041015625
1723,80.34404166869172,327.72205846372646,0.920654296875
1724,80.19755471427328,327.5198845094983,0.9208984375
1725,80.05148143999054,327.3175422620734,0.921142578125
1726,79.90582218956786,327.11503219758254,0.92138671875
1727,79.76057730575559,326.9123547925514,0.921630859375
1728,79.615747130329,326.70951052389967,0.921875
1729,79.47133200408743,326.5064998689394,0.922119140625
1730,79.32733226685366,326.3033233053742,0.92236328125
1731,79.18374825747301,326.0999813112983,0.922607421875
1732,79.04058031381246,325.89647436519493,0.9228515625
1733,78.89782877276002,325.6928029459357,0.923095703125
1734,78.75549397022388,325.48896753277904,0.92333984375
1735,78.61357624113157,325.2849686053694,0.923583984375
1736,78.47207591942924,325.080806643736,0.923828125
1737,78.33099333808076,324.8764821282916,0.924072265625
1738,78.19032882906708,324.6719955398316,0.92431640625
1739,78.05008272338546,324.4673473595326,0.924560546875
1740,77.91025535104842,324.2625380689516,0.9248046875
1741,77.77084704108333,324.05756815002457,0.925048828125
1742,77.63185812153148,323.85243808506567,0.92529296875
1743,77.49328891944708,323.64714835676557,0.925537109375
1744,77.35513976089695,323.441699448191,0.92578125
1745,77.21741097095938,323.236091842783,0.926025390625
1746,77.08010287372346,323.0303260243561,0.92626953125
1747,76.94321579228853,322.8244024770973,0.926513671875
1748,76.80675004876298,322.6183216855644,0.9267578125
1749,76.67070596426396,322.41208413468553,0.927001953125
1750,76.53508385891635,322.20569030975753,0.92724609375
1751,76.39988405185204,321.999140696445,0.927490234375
1752,76.2651068612092,321.7924357807791,0.927734375
1753,76.13075260413171,321.58557604915666,0.927978515625
1754,75.99682159676797,321.37856198833833,0.92822265625
1755,75.86331415427065,321.1713940854484,0.928466796875
1756,75.73023059079563,320.9640728279728,0.9287109375
1757,75.59757121950136,320.7565987037586,0.928955078125
1758,75.46533635254826,320.5489722010124,0.92919921875
1759,75.33352630109763,320.3411938082994,0.929443359375
1760,75.20214137531133,320.1332640145423,0.9296875
1761,75.07118188435078,319.92518330902,0.929931640625
1762,74.94064813637627,319.7169521813663,0.93017578125
1763,74.8105404385463,319.5085711215694,0.930419921875
1764,74.68085909701693,319.30004061997,0.9306640625
1765,74.55160441694085,319.0913611672604,0.930908203125
1766,74.42277670246679,318.88253325448363,0.93115234375
1767,74.29437625673879,318.6735573730319,0.931396484375
1768,74.16640338189552,318.4644340146456,0.931640625
1769,74.03885837906958,318.2551636714123,0.931884765625
1770,73.91174154838657,318.0457468357652,0.93212890625
1771,73.78505318896472,317.83618400048243,0.932373046875
1772,73.65879359891406,317.62647565868565,0.9326171875
1773,73.53296307533546,317.41662230383866,0.932861328125
1774,73.40756191432035,317.2066244297468,0.93310546875
1775,73.28259041094987,316.9964825305554,0.933349609375
1776,73.15804885929387,316.7861971007485,0.93359375
1777,73.0339375524108,316.57576863514817,0.933837890625
1778,72.91025678234647,316.36519762891277,0.93408203125
1779,72.78700684013364,316.1544845775363,0.934326171875
1780,72.66418801579147,315.9436299768471,0.9345703125
1781,72.54180059832441,315.73263432300604,0.934814453125
1782,72.4198448757219,315.52149811250655,0.93505859375
1783,72.29832113495758,315.3102218421725,0.935302734375
1784,72.17722966198843,315.0988060091572,0.935546875
1785,72.05657074175454,314.8872511109427,0.935791015625
1786,71.93634465817792,314.67555764533813,0.93603515625
1787,71.81655169416211,314.4637261104785,0.936279296875
1788,71.69719213159163,314.25175700482396,0.9365234375
1789,71.57826625133097,314.0396508271583,0.936767578125
1790,71.45977433322429,313.82740807658786,0.93701171875
1791,71.34171665609449,313.6150292525403,0.937255859375
1792,71.22409349774264,313.40251485476347,0.9375
1793,71.10690513494748,313.18986538332433,0.937744140625
1794,70.9901518434645,312.9770813386077,0.93798828125
1795,70.87383389802545,312.76416322131485,0.938232421875
1796,70.75795157233773,312.5511115324627,0.9384765625
1797,70.64250513908365,312.3379267733826,0.938720703125
1798,70.52749486991976,312.1246094457187,0.93896484375
1799,70.41292103547644,311.91116005142743,0.939208984375
1800,70.29878390535691,311.69757909277564,0.939453125
1801,70.18508374813683,311.4838670723401,0.939697265625
1802,70.07182083136377,311.2700244930059,0.93994140625
1803,69.95899542155618,311.0560518579651,0.940185546875
1804,69.84660778420326,310.8419496707161,0.9404296875
1805,69.73465818376394,310.62771843506204,0.940673828125
1806,69.62314688366638,310.4133586551096,0.94091796875
1807,69.5120741463075,310.1988708352681,0.941162109375
1808,69.40144023305223,309.98425548024824,0.94140625
1809,69.29124540423277,309.76951309506046,0.941650390625
1810,69.18148991914825,309.5546441850145,0.94189453125
1811,69.07217403606387,309.33964925571763,0.942138671875
1812,68.96329801221049,309.12452881307354,0.9423828125
1813,68.85486210378394,308.90928336328165,0.942626953125
1814,68.74686656594434,308.69391341283506,0.94287109375
1815,68.63931165281568,308.4784194685202,0.943115234375
1816,68.53219761748502,308.2628020374152,0.943359375
1817,68.42552471200204,308.04706162688854,0.943603515625
1818,68.31929318737838,307.83119874459834,0.94384765625
1819,68.21350329358711,307.6152138984909,0.944091796875
1820,68.10815527956203,307.3991075967992,0.9443359375
1821,68.00324939319722,307.18288034804243,0.944580078125
1822,67.89878588134633,306.9665326610241,0.94482421875
1823,67.79476498982214,306.75006504483116,0.945068359375
1824,67.69118696339586,306.5334780088331,0.9453125
1825,67.58805204579653,306.3167720626798,0.945556640625
1826,67.48536047971064,306.0999477163014,0.94580078125
1827,67.38311250678132,305.88300547990667,0.946044921875
1828,67.28130836760792,305.66594586398145,0.9462890625
1829,67.17994830174547,305.44876937928814,0.946533203125
1830,67.07903254770397,305.2314765368639,0.94677734375
1831,66.97856134294787,305.01406784801975,0.947021484375
1832,66.87853492389576,304.7965438243395,0.947265625
1833,66.77895352591932,304.57890497767795,0.947509765625
1834,66.6798173833433,304.3611518201605,0.94775390625
1835,66.58112672944458,304.14328486418134,0.947998046875
1836,66.48288179645178,303.9253046224024,0.9482421875
1837,66.38508281554476,303.70721160775224,0.948486328125
1838,66.28773001685394,303.4890063334249,0.94873046875
1839,66.19082362945989,303.2706893128784,0.948974609375
1840,66.09436388139267,303.0522610598337,0.94921875
1841,65.99835099963141,302.83372208827376,0.949462890625
1842,65.90278521010367,302.61507291244175,0.94970703125
1843,65.807666737685,302.39631404684036,0.949951171875
1844,65.71299580619834,302.17744600623024,0.9501953125
1845,65.61877263841353,301.95846930562914,0.950439453125
1846,65.52499745604683,301.7393844603104,0.95068359375
1847,65.43167047976027,301.5201919858017,0.950927734375
1848,65.33879192916123,301.3008923978842,0.951171875
1849,65.24636202280195,301.0814862125911,0.951416015625
1850,65.15438097817889,300.8619739462061,0.95166015625
1851,65.06284901173234,300.64235611526294,0.951904296875
1852,64.97176633884587,300.4226332365436,0.9521484375
1853,64.88113317384577,300.20280582707716,0.952392578125
1854,64.79094973000073,299.98287440413884,0.95263671875
1855,64.701216219521,299.76283948524843,0.952880859375
1856,64.61193285355824,299.54270158816934,0.953125
1857,64.52309984220483,299.3224612309075,0.953369140625
1858,64.43471739449342,299.10211893170947,0.95361328125
1859,64.34678571839646,298.8816752090621,0.953857421875
1860,64.2593050208257,298.6611305816908,0.9541015625
1861,64.17227550763161,298.4404855685583,0.954345703125
1862,64.0856973836031,298.2197406888637,0.95458984375
1863,63.99957085246683,297.998896462041,0.954833984375
1864,63.91389611688683,297.777953407758,0.955078125
1865,63.82867337846409,297.55691204591506,0.955322265625
1866,63.743902837735874,297.33577289664373,0.95556640625
1867,63.65958469417549,297.11453648030596,0.955810546875
1868,63.575719146191716,296.8932033174924,0.9560546875
1869,63.49230639112818,296.67177392902124,0.956298828125
1870,63.409346625263225,296.45024883593726,0.95654296875
1871,63.32684004380923,296.2286285595105,0.956787109375
1872,63.24478684091204,296.0069136212348,0.95703125
1873,63.16318720965083,295.78510454282673,0.957275390625
1874,63.082041342037485,295.56320184622473,0.95751953125
1875,63.00134942901593,295.34120605358703,0.957763671875
1876,62.921111660462145,295.11911768729135,0.9580078125
1877,62.841328225183275,294.89693726993295,0.958251953125
1878,62.7619993109175,294.6746653243238,0.95849609375
1879,62.683125104333385,294.4523023734915,0.958740234375
1880,62.60470579102957,294.2298489406772,0.958984375
1881,62.5267415555343,294.0073055493355,0.959228515625
1882,62.449232581304926,293.7846727231326,0.95947265625
1883,62.37217905072754,293.5619509859448,0.959716796875
1884,62.29558114511653,293.339140861858,0.9599609375
1885,62.21943904471422,293.116242875166,0.960205078125
1886,62.143752928690304,292.8932575503692,0.96044921875
1887,62.06852297514152,292.6701854121737,0.960693359375
1888,61.993749361091204,292.44702698548963,0.9609375
1889,61.9194322624889,292.2237827954304,0.961181640625
1890,61.845571854209965,292.00045336731125,0.96142578125
1891,61.77216831005498,291.7770392266478,0.961669921875
1892,61.69922180274963,291.55354089915505,0.9619140625
1893,61.62673250394414,291.32995891074637,0.962158203125
1894,61.55470058421275,291.1062937875315,0.96240234375
1895,61.483126213053566,290.8825460558163,0.962646484375
1896,61.41200955888797,290.6587162421007,0.962890625
1897,61.34135078906036,290.43480487307784,0.963134765625
1898,61.27115006983763,290.2108124756329,0.96337890625
1899,61.20140756640885,289.9867395768415,0.963623046875
1900,61.13212344288482,289.7625867039689,0.9638671875
1901,61.06329786229787,289.53835438446856,0.964111328125
1902,60.99493098660116,289.3140431459806,0.96435546875
1903,60.92702297666861,289.08965351633105,0.964599609375
1904,60.859573992294315,288.8651860235305,0.96484375
1905,60.79258419219221,288.64064119577256,0.965087890625
1906,60.72605373399577,288.4160195614329,0.96533203125
1907,60.65998277425766,288.1913216490681,0.965576171875
1908,60.59437146844911,287.9665479874137,0.9658203125
1909,60.529219970960014,287.74169910538416,0.966064453125
1910,60.464528435098,287.5167755320705,0.96630859375
1911,60.40029701308856,287.29177779673955,0.966552734375
1912,60.3365258560745,287.06670642883284,0.966796875
1913,60.273215114115374,286.8415619579649,0.967041015625
1914,60.210364936187574,286.61634491392255,0.96728515625
1915,60.14797547018361,286.3910558266632,0.967529296875
1916,60.0860468629119,286.1656952263138,0.9677734375
1917,60.02457926009646,285.94026364316966,0.968017578125
1918,59.96357280637653,285.71476160769305,0.96826171875
1919,59.90302764530611,285.48918965051206,0.968505859375
1920,59.8429439193539,285.2635483024193,0.96875
1921,59.78332176990267,285.03783809437056,0.968994140625
1922,59.724161337249086,284.81205955748385,0.96923828125
1923,59.66546276060339,284.586213223038,0.969482421875
1924,59.60722617808895,284.36029962247096,0.9697265625
1925,59.54945172674212,284.1343192873794,0.969970703125
1926,59.49213954251175,283.90827274951704,0.97021484375
1927,59.43528976025894,283.68216054079295,0.970458984375
1928,59.37890251375674,283.45598319327115,0.970703125
1929,59.32297793568978,283.2297412391688,0.970947265625
1930,59.267516157653944,283.00343521085495,0.97119140625
1931,59.212517310156215,282.7770656408496,0.971435546875
1932,59.15798152261419,282.55063306182234,0.9716796875
1933,59.10390892335582,282.3241380065907,0.971923828125
1934,59.05029963961917,282.0975810081196,0.97216796875
1935,58.997153797552045,281.87096259951943,0.972412109375
1936,58.94447152221176,281.6442833140452,0.97265625
1937,58.89225293756479,281.4175436850952,0.972900390625
1938,58.840498166486526,281.1907442462097,0.97314453125
1939,58.78920733076092,280.9638855310696,0.973388671875
1940,58.7383805510803,280.7369680734955,0.9736328125
1941,58.688017947044926,280.509992407446,0.973876953125
1942,58.6381196371629,280.28295906701675,0.97412109375
1943,58.58868573884982,280.05586858643926,0.974365234375
1944,58.539716368428316,279.8287215000792,0.974609375
1945,58.49121164112816,279.6015183424358,0.974853515625
1946,58.443171671085565,279.3742596481398,0.97509765625
1947,58.395596571343305,279.146945951953,0.975341796875
1948,58.348486453850114,278.91957778876656,0.9755859375
1949,58.301841429460694,278.69215569359955,0.975830078125
1950,58.25566160793525,278.46468020159824,0.97607421875
1951,58.20994709793939,278.23715184803444,0.976318359375
1952,58.164698007043796,278.00957116830426,0.9765625
1953,58.11991444172392,277.7819386979271,0.976806640625
1954,58.07559650735985,277.5542549725442,0.97705078125
1955,58.031744308235886,277.32652052791724,0.977294921875
1956,57.98835794754061,277.0987358999274,0.9775390625
1957,57.94543752736618,276.87090162457395,0.977783203125
1958,57.902983148708586,276.6430182379729,0.97802734375
1959,57.86099491146706,276.41508627635596,0.978271484375
1960,57.81947291444399,276.18710627606896,0.978515625
1961,57.778417255344635,275.95907877357087,0.978759765625
1962,57.73782803077691,275.7310043054325,0.97900390625
1963,57.69770533625123,275.50288340833504,0.979248046875
1964,57.658049266180086,275.27471661906895,0.9794921875
1965,57.61885991387814,275.0465044745329,0.979736328125
1966,57.58013737156165,274.81824751173195,0.97998046875
1967,57.541881730348535,274.5899462677769,0.980224609375
1968,57.504093080258,274.36160127988245,0.98046875
1969,57.46677151021041,274.13321308536655,0.980712890625
1970,57.429917108026984,273.90478222164876,0.98095703125
1971,57.39352996042973,273.67630922624875,0.981201171875
1972,57.357610153041094,273.4477946367857,0.9814453125
1973,57.32215777038388,273.2192389909765,0.981689453125
1974,57.28717289588093,272.99064282663466,0.98193359375
1975,57.25265561185509,272.762006681669,0.982177734375
1976,57.21860599952879,272.5333310940825,0.982421875
1977,57.18502413902414,272.3046166019708,0.982666015625
1978,57.15191010936243,272.0758637435214,0.98291015625
1979,57.11926398846418,271.8470730570116,0.983154296875
1980,57.08708585314892,271.6182450808082,0.9833984375
1981,57.05537577913486,271.3893803533655,0.983642578125
1982,57.02413384103889,271.1604794132242,0.98388671875
1983,56.99336011237628,270.9315427990104,0.984130859375
1984,56.963054665560634,270.70257104943414,0.984375
1985,56.933217571903555,270.4735647032879,0.984619140625
1986,56.90384890161462,270.24452429944586,0.98486328125
1987,56.87494872380114,270.0154503768622,0.985107421875
1988,56.84651710646804,269.7863434745699,0.9853515625
1989,56.818554116517646,269.5572041316798,0.985595703125
1990,56.79105981974962,269.3280328873787,0.98583984375
1991,56.76403428086061,269.09883028092884,0.986083984375
1992,56.7374775634444,268.869596851666,0.986328125
1993,56.71138972999148,268.64033313899864,0.986572265625
1994,56.685770841889024,268.41103968240634,0.98681640625
1995,56.66062095942078,268.1817170214389,0.987060546875
1996,56.635940141766866,267.95236569571455,0.9873046875
1997,56.61172844700357,267.7229862449191,0.987548828125
1998,56.58798593210341,267.49357920880476,0.98779296875
1999,56.56471265293479,267.2641451271882,0.988037109375
2000,56.54190866426197,267.03468453995015,0.98828125
2001,56.51957401974494,266.8051979870334,0.988525390625
2002,56.4977087719393,266.57568600844206,0.98876953125
2003,56.476312972296085,266.34614914424003,0.989013671875
2004,56.455386671161676,266.1165879345496,0.9892578125
2005,56.43492991777768,265.8870029195506,0.989501953125
2006,56.41494276028081,265.65739463947864,0.98974609375
2007,56.39542524570274,265.4277636346242,0.989990234375
2008,56.37637741997017,265.1981104453313,0.990234375
2009,56.35779932790436,264.96843561199603,0.990478515625
2010,56.339691013221426,264.73873967506535,0.99072265625
2011,56.32205251853196,264.5090231750362,0.990966796875
2012,56.30488388534104,264.2792866524535,0.9912109375
2013,56.288185154048136,264.0495306479096,0.991455078125
2014,56.27195636394697,263.8197557020425,0.99169921875
2015,56.256197553225405,263.5899623555349,0.991943359375
2016,56.24090875896553,263.3601511491127,0.9921875
2017,56.22609001714329,263.1303226235439,0.992431640625
2018,56.21174136262863,262.9004773196372,0.99267578125
2019,56.19786282918531,262.6706157782408,0.992919921875
2020,56.184454449470934,262.44073854024117,0.9931640625
2021,56.17151625503661,262.2108461465615,0.993408203125
2022,56.15904827632721,261.98093913816103,0.99365234375
2023,56.147050542681114,261.75101805603293,0.993896484375
2024,56.13552308233008,261.5210834412038,0.994140625
2025,56.12446592239942,261.29113583473213,0.994384765625
2026,56.11387908890765,261.06117577770664,0.99462890625
2027,56.10376260676662,260.8312038112457,0.994873046875
2028,56.094116499781364,260.60122047649554,0.9951171875
2029,56.084940790650165,260.3712263146291,0.995361328125
2030,56.07623550096426,260.14122186684483,0.99560546875
2031,56.068000651208166,259.91120767436564,0.995849609375
2032,56.060236260759154,259.68118427843683,0.99609375
2033,56.052942347887665,259.451152220326,0.996337890625
2034,56.04611892975694,259.22111204132045,0.99658203125
2035,56.03976602242315,258.99106428272717,0.996826171875
2036,56.03388364083531,258.7610094858708,0.9970703125
2037,56.02847179883523,258.5309481920923,0.997314453125
2038,56.023530509157496,258.3008809427482,0.99755859375
2039,56.01905978342944,258.0708082792091,0.997802734375
2040,56.0150596321711,257.840730742858,0.998046875
2041,56.01153006479521,257.6106488750897,0.998291015625
2042,56.00847108960721,257.380563217309,0.99853515625
2043,56.005882713805164,257.15047431092967,0.998779296875
2044,56.00376494347978,256.9203826973732,0.9990234375
2045,56.002117783614324,256.6902889180673,0.999267578125
2046,56.00094123808475,256.4601935144449,0.99951171875
2047,56.000235309659615,256.23009702794275,0.999755859375
2048,56.0,256.0,1.0
2049,56.000235309659615,255.76990297205728,1.000244140625
2050,56.00094123808475,255.53980648555515,1.00048828125
2051,56.002117783614324,255.30971108193273,1.000732421875
2052,56.00376494347978,255.07961730262681,1.0009765625
2053,56.005882713805164,254.84952568907036,1.001220703125
2054,56.00847108960721,254.61943678269103,1.00146484375
2055,56.01153006479521,254.38935112491038,1.001708984375
2056,56.0150596321711,254.15926925714203,1.001953125
2057,56.01905978342941,253.92919172079095,1.002197265625
2058,56.023530509157496,253.69911905725183,1.00244140625
2059,56.02847179883523,253.46905180790776,1.002685546875
2060,56.03388364083531,253.23899051412928,1.0029296875
2061,56.03976602242315,253.00893571727286,1.003173828125
2062,56.04611892975694,252.77888795867958,1.00341796875
2063,56.052942347887665,252.54884777967408,1.003662109375
2064,56.060236260759154,252.3188157215632,1.00390625
2065,56.068000651208166,252.08879232563442,1.004150390625
2066,56.07623550096426,251.8587781331552,1.00439453125
2067,56.084940790650165,251.62877368537096,1.004638671875
2068,56.094116499781364,251.39877952350452,1.0048828125
2069,56.10376260676662,251.16879618875436,1.005126953125
2070,56.11387908890765,250.9388242222934,1.00537109375
2071,56.12446592239942,250.7088641652679,1.005615234375
2072,56.13552308233008,250.47891655879621,1.005859375
2073,56.147050542681114,250.2489819439671,1.006103515625
2074,56.15904827632721,250.01906086183902,1.00634765625
2075,56.17151625503661,249.7891538534385,1.006591796875
2076,56.184454449470934,249.5592614597589,1.0068359375
2077,56.19786282918531,249.32938422175926,1.007080078125
2078,56.21174136262863,249.09952268036284,1.00732421875
2079,56.22609001714329,248.8696773764561,1.007568359375
2080,56.24090875896553,248.63984885088735,1.0078125
2081,56.256197553225405,248.41003764446512,1.008056640625
2082,56.27195636394694,248.1802442979575,1.00830078125
2083,56.288185154048136,247.95046935209047,1.008544921875
2084,56.30488388534104,247.72071334754654,1.0087890625
2085,56.32205251853196,247.49097682496384,1.009033203125
2086,56.339691013221426,247.26126032493465,1.00927734375
2087,56.35779932790436,247.03156438800403,1.009521484375
2088,56.37637741997017,246.80188955466878,1.009765625
2089,56.39542524570274,246.5722363653758,1.010009765625
2090,56.41494276028081,246.3426053605214,1.01025390625
2091,56.43492991777768,246.11299708044947,1.010498046875
2092,56.455386671161676,245.88341206545041,1.0107421875
2093,56.476312972296085,245.65385085575997,1.010986328125
2094,56.4977087719393,245.42431399155797,1.01123046875
2095,56.51957401974494,245.19480201296662,1.011474609375
2096,56.54190866426197,244.96531546004988,1.01171875
2097,56.56471265293476,244.73585487281184,1.011962890625
2098,56.58798593210341,244.5064207911953,1.01220703125
2099,56.61172844700357,244.27701375508093,1.012451171875
2100,56.63594014176684,244.0476343042855,1.0126953125
2101,56.66062095942078,243.81828297856114,1.012939453125
2102,56.685770841889024,243.5889603175937,1.01318359375
2103,56.71138972999148,243.35966686100141,1.013427734375
2104,56.7374775634444,243.130403148334,1.013671875
2105,56.76403428086061,242.90116971907122,1.013916015625
2106,56.79105981974962,242.67196711262133,1.01416015625
2107,56.818554116517646,242.44279586832025,1.014404296875
2108,56.84651710646804,242.2136565254301,1.0146484375
2109,56.87494872380114,241.98454962313784,1.014892578125
2110,56.90384890161462,241.7554757005542,1.01513671875
2111,56.933217571903555,241.52643529671215,1.015380859375
2112,56.963054665560605,241.29742895056592,1.015625
2113,56.99336011237628,241.06845720098966,1.015869140625
2114,57.02413384103889,240.83952058677585,1.01611328125
2115,57.05537577913486,240.61061964663455,1.016357421875
2116,57.08708585314889,240.38175491919185,1.0166015625
2117,57.11926398846418,240.15292694298842,1.016845703125
2118,57.15191010936243,239.92413625647868,1.01708984375
2119,57.18502413902411,239.69538339802924,1.017333984375
2120,57.21860599952879,239.46666890591754,1.017578125
2121,57.25265561185506,239.23799331833106,1.017822265625
2122,57.28717289588093,239.00935717336537,1.01806640625
2123,57.32215777038388,238.78076100902348,1.018310546875
2124,57.357610153041065,238.55220536321434,1.0185546875
2125,57.39352996042973,238.32369077375128,1.018798828125
2126,57.429917108026984,238.0952177783513,1.01904296875
2127,57.46677151021041,237.86678691463348,1.019287109375
2128,57.504093080258,237.63839872011758,1.01953125
2129,57.541881730348535,237.41005373222316,1.019775390625
2130,57.58013737156165,237.1817524882681,1.02001953125
2131,57.61885991387814,236.95349552546713,1.020263671875
2132,57.658049266180086,236.72528338093107,1.0205078125
2133,57.697705336251204,236.49711659166502,1.020751953125
2134,57.73782803077691,236.26899569456754,1.02099609375
2135,57.778417255344635,236.0409212264292,1.021240234375
2136,57.81947291444399,235.8128937239311,1.021484375
2137,57.86099491146706,235.58491372364406,1.021728515625
2138,57.902983148708586,235.35698176202715,1.02197265625
2139,57.94543752736618,235.12909837542608,1.022216796875
2140,57.98835794754058,234.9012641000726,1.0224609375
2141,58.031744308235886,234.67347947208282,1.022705078125
2142,58.07559650735982,234.44574502745584,1.02294921875
2143,58.11991444172392,234.21806130207293,1.023193359375
2144,58.164698007043796,233.99042883169577,1.0234375
2145,58.20994709793939,233.76284815196558,1.023681640625
2146,58.25566160793525,233.53531979840182,1.02392578125
2147,58.301841429460666,233.30784430640048,1.024169921875
2148,58.348486453850114,233.0804222112335,1.0244140625
2149,58.395596571343276,232.85305404804703,1.024658203125
2150,58.443171671085565,232.62574035186023,1.02490234375
2151,58.49121164112816,232.39848165756425,1.025146484375
2152,58.539716368428316,232.17127849992082,1.025390625
2153,58.58868573884982,231.94413141356077,1.025634765625
2154,58.6381196371629,231.71704093298328,1.02587890625
2155,58.6880179470449,231.49000759255404,1.026123046875
2156,58.73838055108027,231.2630319265045,1.0263671875
2157,58.78920733076092,231.03611446893044,1.026611328125
2158,58.8404981664865,230.80925575379035,1.02685546875
2159,58.89225293756479,230.5824563149048,1.027099609375
2160,58.94447152221173,230.35571668595486,1.02734375
2161,58.997153797552045,230.12903740048063,1.027587890625
2162,59.05029963961917,229.9024189918804,1.02783203125
2163,59.10390892335582,229.6758619934093,1.028076171875
2164,59.157981522614165,229.4493669381777,1.0283203125
2165,59.212517310156215,229.22293435915043,1.028564453125
2166,59.267516157653944,228.9965647891451,1.02880859375
2167,59.32297793568978,228.77025876083127,1.029052734375
2168,59.378902513756714,228.5440168067289,1.029296875
2169,59.43528976025894,228.31783945920708,1.029541015625
2170,59.49213954251175,228.091727250483,1.02978515625
2171,59.54945172674209,227.8656807126206,1.030029296875
2172,59.60722617808895,227.6397003775291,1.0302734375
2173,59.66546276060339,227.41378677696207,1.030517578125
2174,59.72416133724906,227.18794044251618,1.03076171875
2175,59.78332176990267,226.96216190562947,1.031005859375
2176,59.8429439193539,226.73645169758075,1.03125
2177,59.90302764530611,226.510810349488,1.031494140625
2178,59.963572806376504,226.28523839230695,1.03173828125
2179,60.02457926009646,226.0597363568304,1.031982421875
2180,60.0860468629119,225.83430477368623,1.0322265625
2181,60.14797547018361,225.60894417333682,1.032470703125
2182,60.210364936187574,225.3836550860775,1.03271484375
2183,60.273215114115345,225.15843804203513,1.032958984375
2184,60.33652585607447,224.9332935711672,1.033203125
2185,60.40029701308856,224.7082222032605,1.033447265625
2186,60.464528435098,224.48322446792957,1.03369140625
2187,60.529219970960014,224.25830089461584,1.033935546875
2188,60.59437146844911,224.0334520125863,1.0341796875
2189,60.65998277425763,223.80867835093198,1.034423828125
2190,60.72605373399574,223.58398043856712,1.03466796875
2191,60.79258419219218,223.35935880422747,1.034912109375
2192,60.85957399229429,223.13481397646953,1.03515625
2193,60.92702297666861,222.910346483669,1.035400390625
2194,60.99493098660116,222.68595685401948,1.03564453125
2195,61.06329786229787,222.4616456155315,1.035888671875
2196,61.13212344288482,222.2374132960311,1.0361328125
2197,61.20140756640882,222.0132604231585,1.036376953125
2198,61.27115006983763,221.78918752436712,1.03662109375
2199,61.34135078906036,221.5651951269222,1.036865234375
2200,61.41200955888797,221.34128375789933,1.037109375
2201,61.48312621305354,221.11745394418375,1.037353515625
2202,61.554700584212725,220.89370621246852,1.03759765625
2203,61.62673250394411,220.6700410892537,1.037841796875
2204,61.69922180274963,220.44645910084495,1.0380859375
2205,61.77216831005495,220.22296077335227,1.038330078125
2206,61.845571854209965,219.99954663268878,1.03857421875
2207,61.9194322624889,219.77621720456963,1.038818359375
2208,61.993749361091204,219.55297301451043,1.0390625
2209,62.06852297514152,219.32981458782638,1.039306640625
2210,62.143752928690304,219.10674244963084,1.03955078125
2211,62.21943904471422,218.883757124834,1.039794921875
2212,62.29558114511653,218.66085913814203,1.0400390625
2213,62.37217905072751,218.43804901405522,1.040283203125
2214,62.4492325813049,218.21532727686747,1.04052734375
2215,62.52674155553427,217.99269445066452,1.040771484375
2216,62.60470579102957,217.7701510593228,1.041015625
2217,62.683125104333385,217.54769762650858,1.041259765625
2218,62.761999310917474,217.32533467567617,1.04150390625
2219,62.841328225183275,217.10306273006708,1.041748046875
2220,62.92111166046212,216.88088231270865,1.0419921875
2221,63.0013494290159,216.65879394641297,1.042236328125
2222,63.082041342037456,216.4367981537753,1.04248046875
2223,63.16318720965083,216.21489545717327,1.042724609375
2224,63.24478684091201,215.99308637876527,1.04296875
2225,63.3268400438092,215.77137144048953,1.043212890625
2226,63.4093466252632,215.54975116406277,1.04345703125
2227,63.49230639112818,215.32822607097881,1.043701171875
2228,63.57571914619169,215.10679668250765,1.0439453125
2229,63.659584694175464,214.88546351969407,1.044189453125
2230,63.743902837735874,214.6642271033563,1.04443359375
2231,63.82867337846409,214.443087954085,1.044677734375
2232,63.91389611688683,214.22204659224207,1.044921875
2233,63.9995708524668,214.001103537959,1.045166015625
2234,64.08569738360308,213.78025931113635,1.04541015625
2235,64.17227550763161,213.55951443144173,1.045654296875
2236,64.25930502082568,213.33886941830923,1.0458984375
2237,64.34678571839643,213.11832479093795,1.046142578125
2238,64.43471739449342,212.8978810682906,1.04638671875
2239,64.52309984220483,212.67753876909256,1.046630859375
2240,64.61193285355822,212.4572984118307,1.046875
2241,64.70121621952097,212.23716051475162,1.047119140625
2242,64.7909497300007,212.0171255958612,1.04736328125
2243,64.88113317384577,211.79719417292287,1.047607421875
2244,64.97176633884584,211.57736676345644,1.0478515625
2245,65.06284901173231,211.35764388473712,1.048095703125
2246,65.15438097817886,211.13802605379396,1.04833984375
2247,65.24636202280195,210.91851378740898,1.048583984375
2248,65.3387919291612,210.69910760211582,1.048828125
2249,65.43167047976027,210.4798080141983,1.049072265625
2250,65.52499745604683,210.26061553968964,1.04931640625
2251,65.61877263841353,210.0415306943709,1.049560546875
2252,65.71299580619834,209.8225539937698,1.0498046875
2253,65.807666737685,209.6036859531597,1.050048828125
2254,65.90278521010364,209.3849270875583,1.05029296875
2255,65.99835099963141,209.16627791172627,1.050537109375
2256,66.09436388139264,208.94773894016632,1.05078125
2257,66.19082362945986,208.72931068712165,1.051025390625
2258,66.28773001685394,208.51099366657513,1.05126953125
2259,66.38508281554473,208.29278839224781,1.051513671875
2260,66.48288179645175,208.07469537759766,1.0517578125
2261,66.58112672944455,207.85671513581872,1.052001953125
2262,66.67981738334328,207.63884817983956,1.05224609375
2263,66.77895352591932,207.42109502232208,1.052490234375
2264,66.87853492389576,207.20345617566056,1.052734375
2265,66.97856134294787,206.98593215198025,1.052978515625
2266,67.07903254770395,206.76852346313612,1.05322265625
2267,67.17994830174544,206.55123062071192,1.053466796875
2268,67.28130836760792,206.33405413601855,1.0537109375
2269,67.38311250678129,206.11699452009336,1.053955078125
2270,67.48536047971061,205.90005228369864,1.05419921875
2271,67.5880520457965,205.68322793732028,1.054443359375
2272,67.69118696339584,205.46652199116699,1.0546875
2273,67.79476498982211,205.24993495516887,1.054931640625
2274,67.89878588134633,205.03346733897598,1.05517578125
2275,68.00324939319722,204.81711965195763,1.055419921875
2276,68.108155279562,204.60089240320087,1.0556640625
2277,68.21350329358708,204.38478610150918,1.055908203125
2278,68.31929318737835,204.1688012554017,1.05615234375
2279,68.42552471200202,203.95293837311146,1.056396484375
2280,68.532197617485,203.73719796258482,1.056640625
2281,68.63931165281568,203.5215805314798,1.056884765625
2282,68.74686656594434,203.30608658716494,1.05712890625
2283,68.85486210378392,203.09071663671838,1.057373046875
2284,68.96329801221046,202.8754711869265,1.0576171875
2285,69.07217403606384,202.66035074428243,1.057861328125
2286,69.18148991914822,202.44535581498548,1.05810546875
2287,69.29124540423274,202.23048690493954,1.058349609375
2288,69.4014402330522,202.0157445197518,1.05859375
2289,69.5120741463075,201.8011291647319,1.058837890625
2290,69.62314688366638,201.58664134489044,1.05908203125
2291,69.73465818376391,201.37228156493802,1.059326171875
2292,69.84660778420323,201.15805032928398,1.0595703125
2293,69.95899542155618,200.94394814203494,1.059814453125
2294,70.07182083136377,200.72997550699415,1.06005859375
2295,70.18508374813683,200.51613292765992,1.060302734375
2296,70.29878390535688,200.3024209072244,1.060546875
2297,70.41292103547644,200.08883994857263,1.060791015625
2298,70.52749486991976,199.87539055428132,1.06103515625
2299,70.64250513908362,199.66207322661742,1.061279296875
2300,70.7579515723377,199.4488884675373,1.0615234375
2301,70.87383389802542,199.23583677868518,1.061767578125
2302,70.99015184346447,199.02291866139234,1.06201171875
2303,71.10690513494745,198.81013461667567,1.062255859375
2304,71.22409349774264,198.59748514523653,1.0625
2305,71.34171665609446,198.38497074745973,1.062744140625
2306,71.45977433322429,198.1725919234122,1.06298828125
2307,71.57826625133097,197.96034917284172,1.063232421875
2308,71.6971921315916,197.74824299517604,1.0634765625
2309,71.81655169416209,197.53627388952157,1.063720703125
2310,71.93634465817789,197.32444235466193,1.06396484375
2311,72.05657074175451,197.11274888905731,1.064208984375
2312,72.17722966198843,196.9011939908428,1.064453125
2313,72.29832113495755,196.68977815782756,1.064697265625
2314,72.41984487572188,196.4785018874935,1.06494140625
2315,72.54180059832439,196.267365676994,1.065185546875
2316,72.66418801579147,196.05637002315297,1.0654296875
2317,72.78700684013364,195.84551542246368,1.065673828125
2318,72.91025678234644,195.63480237108723,1.06591796875
2319,73.03393755241078,195.42423136485186,1.066162109375
2320,73.15804885929387,195.21380289925156,1.06640625
2321,73.28259041094984,195.00351746944466,1.066650390625
2322,73.40756191432033,194.79337557025326,1.06689453125
2323,73.53296307533543,194.5833776961614,1.067138671875
2324,73.65879359891403,194.3735243413144,1.0673828125
2325,73.7850531889647,194.16381599951762,1.067626953125
2326,73.91174154838654,193.95425316423484,1.06787109375
2327,74.03885837906955,193.74483632858775,1.068115234375
2328,74.16640338189549,193.53556598535445,1.068359375
2329,74.29437625673879,193.32644262696817,1.068603515625
2330,74.42277670246676,193.1174667455164,1.06884765625
2331,74.55160441694082,192.90863883273965,1.069091796875
2332,74.6808590970169,192.69995938003007,1.0693359375
2333,74.8105404385463,192.49142887843064,1.069580078125
2334,74.94064813637624,192.2830478186337,1.06982421875
2335,75.07118188435075,192.07481669098007,1.070068359375
2336,75.2021413753113,191.86673598545772,1.0703125
2337,75.3335263010976,191.6588061917006,1.070556640625
2338,75.46533635254823,191.45102779898758,1.07080078125
2339,75.59757121950133,191.24340129624144,1.071044921875
2340,75.7302305907956,191.03592717202724,1.0712890625
2341,75.86331415427063,190.82860591455164,1.071533203125
2342,75.99682159676794,190.62143801166172,1.07177734375
2343,76.13075260413169,190.4144239508434,1.072021484375
2344,76.2651068612092,190.2075642192209,1.072265625
2345,76.39988405185201,190.00085930355505,1.072509765625
2346,76.53508385891632,189.7943096902425,1.07275390625
2347,76.67070596426393,189.58791586531453,1.072998046875
2348,76.80675004876295,189.38167831443565,1.0732421875
2349,76.9432157922885,189.17559752290273,1.073486328125
2350,77.08010287372343,188.9696739756439,1.07373046875
2351,77.21741097095935,188.76390815721703,1.073974609375
2352,77.35513976089695,188.558300551809,1.07421875
2353,77.49328891944705,188.35285164323446,1.074462890625
2354,77.63185812153145,188.14756191493439,1.07470703125
2355,77.77084704108333,187.94243184997546,1.074951171875
2356,77.91025535104839,187.73746193104844,1.0751953125
2357,78.05008272338546,187.5326526404674,1.075439453125
2358,78.19032882906706,187.32800446016847,1.07568359375
2359,78.33099333808073,187.1235178717084,1.075927734375
2360,78.47207591942922,186.91919335626397,1.076171875
2361,78.61357624113154,186.7150313946306,1.076416015625
2362,78.75549397022388,186.51103246722099,1.07666015625
2363,78.89782877276002,186.30719705406432,1.076904296875
2364,79.04058031381243,186.10352563480512,1.0771484375
2365,79.18374825747301,185.90001868870175,1.077392578125
2366,79.32733226685363,185.69667669462586,1.07763671875
2367,79.47133200408743,185.49350013106067,1.077880859375
2368,79.615747130329,185.29048947610033,1.078125
2369,79.76057730575556,185.08764520744862,1.078369140625
2370,79.90582218956783,184.88496780241752,1.07861328125
2371,80.05148143999051,184.68245773792663,1.078857421875
2372,80.19755471427328,184.4801154905017,1.0791015625
2373,80.34404166869169,184.27794153627354,1.079345703125
2374,80.49094195854775,184.07593635097703,1.07958984375
2375,80.63825523817084,183.87410040994996,1.079833984375
2376,80.78598116091868,183.6724341881316,1.080078125
2377,80.93411937917779,183.47093816006225,1.080322265625
2378,81.08266954436476,183.26961279988137,1.08056640625
2379,81.23163130692663,183.06845858132704,1.080810546875
2380,81.38100431634197,182.86747597773467,1.0810546875
2381,81.5307882211217,182.66666546203555,1.081298828125
2382,81.68098266880978,182.46602750675632,1.08154296875
2383,81.83158730598419,182.26556258401754,1.081787109375
2384,81.9826017782577,182.0652711655324,1.08203125
2385,82.13402573027867,181.86515372260604,1.082275390625
2386,82.2858588057318,181.66521072613415,1.08251953125
2387,82.43810064733933,181.46544264660184,1.082763671875
2388,82.59075089686144,181.26584995408277,1.0830078125
2389,82.74380919509738,181.06643311823774,1.083251953125
2390,82.89727518188619,180.8671926083139,1.08349609375
2391,83.05114849610752,180.66812889314343,1.083740234375
2392,83.20542877568263,180.4692424411424,1.083984375
2393,83.36011565757516,180.27053372030986,1.084228515625
2394,83.51520877779186,180.07200319822675,1.08447265625
2395,83.67070777138372,179.8736513420544,1.084716796875
2396,83.82661227244654,179.67547861853393,1.0849609375
2397,83.98292191412196,179.477485493985,1.085205078125
2398,84.1396363285983,179.27967243430447,1.08544921875
2399,84.29675514711141,179.0820399049656,1.085693359375
2400,84.45427799994559,178.88458837101678,1.0859375
2401,84.61220451643425,178.68731829708057,1.086181640625
2402,84.77053432496106,178.49023014735255,1.08642578125
2403,84.92926705296077,178.2933243856001,1.086669921875
2404,85.08840232691989,178.09660147516158,1.0869140625
2405,85.24793977237769,177.90006187894494,1.087158203125
2406,85.40787901392724,177.70370605942685,1.08740234375
2407,85.56821967521603,177.50753447865154,1.087646484375
2408,85.72896137894693,177.3115475982297,1.087890625
2409,85.8901037468793,177.1157458793373,1.088134765625
2410,86.05164639982948,176.92012978271484,1.08837890625
2411,86.21358895767204,176.72469976866574,1.088623046875
2412,86.37593103934054,176.52945629705582,1.0888671875
2413,86.5386722628283,176.3343998273118,1.089111328125
2414,86.70181224518959,176.13953081842033,1.08935546875
2415,86.86535060254019,175.94484972892707,1.089599609375
2416,87.02928695005855,175.75035701693545,1.08984375
2417,87.19362090198669,175.55605314010552,1.090087890625
2418,87.35835207163092,175.36193855565318,1.09033203125
2419,87.5234800713628,175.16801372034877,1.090576171875
2420,87.6890045126203,174.97427909051606,1.0908203125
2421,87.85492500590837,174.7807351220315,1.091064453125
2422,88.02124116080006,174.58738227032262,1.09130859375
2423,88.18795258593744,174.39422099036744,1.091552734375
2424,88.35505888903236,174.20125173669308,1.091796875
2425,88.52255967686759,174.0084749633748,1.092041015625
2426,88.6904545552976,173.81589112403498,1.09228515625
2427,88.85874312924946,173.62350067184207,1.092529296875
2428,89.02742500272399,173.4313040595093,1.0927734375
2429,89.19649977879638,173.23930173929386,1.093017578125
2430,89.36596705961733,173.04749416299592,1.09326171875
2431,89.53582644641406,172.855881781957,1.093505859375
2432,89.7060775394909,172.6644650470597,1.09375
2433,89.8767199382307,172.47324440872603,1.093994140625
2434,90.04775324109539,172.28222031691658,1.09423828125
2435,90.21917704562699,172.09139322112964,1.094482421875
2436,90.39099094844883,171.90076357039962,1.0947265625
2437,90.56319454526619,171.7103318132966,1.094970703125
2438,90.73578743086728,171.52009839792493,1.09521484375
2439,90.90876919912449,171.33006377192208,1.095458984375
2440,91.08213944299493,171.14022838245802,1.095703125
2441,91.2558977545217,170.95059267623373,1.095947265625
2442,91.43004372483472,170.76115709948027,1.09619140625
2443,91.60457694415169,170.5719220979579,1.096435546875
2444,91.77949700177905,170.38288811695492,1.0966796875
2445,91.95480348611306,170.19405560128644,1.096923828125
2446,92.13049598464059,170.0054249952937,1.09716796875
2447,92.30657408394023,169.81699674284266,1.097412109375
2448,92.48303736968325,169.62877128732322,1.09765625
2449,92.65988542663442,169.4407490716481,1.097900390625
2450,92.83711783865323,169.2529305382517,1.09814453125
2451,93.01473418869469,169.06531612908913,1.098388671875
2452,93.19273405881029,168.87790628563533,1.0986328125
2453,93.37111703014929,168.6907014488837,1.098876953125
2454,93.54988268295924,168.50370205934524,1.09912109375
2455,93.72903059658722,168.31690855704773,1.099365234375
2456,93.90856034948104,168.13032138153417,1.099609375
2457,94.08847151918971,167.94394097186233,1.099853515625
2458,94.26876368236498,167.75776776660325,1.10009765625
2459,94.44943641476192,167.5718022038404,1.100341796875
2460,94.63048929124011,167.3860447211689,1.1005859375
2461,94.81192188576472,167.20049575569385,1.100830078125
2462,94.99373377140728,167.01515574403004,1.10107421875
2463,95.17592452034683,166.83002512230036,1.101318359375
2464,95.358493703871,166.64510432613503,1.1015625
2465,95.54144089237687,166.46039379067054,1.101806640625
2466,95.72476565537193,166.27589395054866,1.10205078125
2467,95.90846756147545,166.09160523991534,1.102294921875
2468,96.09254617841896,165.9075280924197,1.1025390625
2469,96.27700107304781,165.723662941213,1.102783203125
2470,96.46183181132176,165.54001021894777,1.10302734375
2471,96.64703795831622,165.3565703577766,1.103271484375
2472,96.83261907822327,165.17334378935118,1.103515625
2473,97.0185747343526,164.99033094482132,1.103759765625
2474,97.20490448913253,164.80753225483397,1.10400390625
2475,97.39160790411125,164.62494814953203,1.104248046875
2476,97.57868453995755,164.44257905855358,1.1044921875
2477,97.76613395646194,164.26042541103072,1.104736328125
2478,97.953955712538,164.07848763558854,1.10498046875
2479,98.14214936622284,163.89676616034427,1.105224609375
2480,98.33071447467873,163.715261412906,1.10546875
2481,98.5196505941937,163.53397382037195,1.105712890625
2482,98.70895728018283,163.35290380932943,1.10595703125
2483,98.89863408718918,163.17205180585358,1.106201171875
2484,99.08868056888494,162.99141823550661,1.1064453125
2485,99.2790962780723,162.81100352333686,1.106689453125
2486,99.46988076668484,162.63080809387753,1.10693359375
2487,99.66103358578812,162.4508323711458,1.107177734375
2488,99.85255428558108,162.27107677864205,1.107421875
2489,100.0444424153971,162.0915417393485,1.107666015625
2490,100.23669752370475,161.91222767572842,1.10791015625
2491,100.42931915810934,161.73313500972512,1.108154296875
2492,100.62230686535352,161.55426416276094,1.1083984375
2493,100.81566019131844,161.37561555573637,1.108642578125
2494,101.00937868102523,161.19718960902867,1.10888671875
2495,101.20346187863544,161.0189867424914,1.109130859375
2496,101.39790932745257,160.84100737545322,1.109375
2497,101.5927205699231,160.66325192671658,1.109619140625
2498,101.78789514763727,160.48572081455734,1.10986328125
2499,101.98343260133038,160.30841445672343,1.110107421875
2500,102.17933247088405,160.13133327043363,1.1103515625
2501,102.37559429532686,159.95447767237727,1.110595703125
2502,102.57221761283589,159.77784807871254,1.11083984375
2503,102.7692019607374,159.601444905066,1.111083984375
2504,102.96654687550819,159.42526856653132,1.111328125
2505,103.16425189277663,159.24931947766842,1.111572265625
2506,103.36231654732376,159.07359805250255,1.11181640625
2507,103.56074037308417,158.89810470452323,1.112060546875
2508,103.75952290314763,158.72283984668314,1.1123046875
2509,103.95866366975952,158.5478038913975,1.112548828125
2510,104.15816220432237,158.37299725054288,1.11279296875
2511,104.35801803739693,158.1984203354561,1.113037109375
2512,104.55823069870303,158.0240735569335,1.11328125
2513,104.75879971712106,157.84995732522995,1.113525390625
2514,104.9597246206927,157.6760720500577,1.11376953125
2515,105.16100493662213,157.5024181405857,1.114013671875
2516,105.3626401912775,157.32899600543823,1.1142578125
2517,105.56462991019146,157.1558060526944,1.114501953125
2518,105.76697361806268,156.98284868988696,1.11474609375
2519,105.969670838757,156.81012432400118,1.114990234375
2520,106.17272109530813,156.63763336147423,1.115234375
2521,106.37612390991924,156.46537620819407,1.115478515625
2522,106.57987880396396,156.29335326949828,1.11572265625
2523,106.78398529798719,156.1215649501736,1.115966796875
2524,106.98844291170678,155.95001165445439,1.1162109375
2525,107.19325116401413,155.77869378602225,1.116455078125
2526,107.39840957297562,155.60761174800462,1.11669921875
2527,107.60391765583378,155.43676594297403,1.116943359375
2528,107.80977492900817,155.26615677294723,1.1171875
2529,108.01598090809674,155.09578463938408,1.117431640625
2530,108.22253510787695,154.9256499431866,1.11767578125
2531,108.4294370423068,154.7557530846982,1.117919921875
2532,108.63668622452599,154.58609446370264,1.1181640625
2533,108.84428216685728,154.41667447942297,1.118408203125
2534,109.05222438080725,154.2474935305208,1.11865234375
2535,109.26051237706793,154.07855201509528,1.118896484375
2536,109.46914566551743,153.90985033068205,1.119140625
2537,109.67812375522146,153.74138887425255,1.119384765625
2538,109.88744615443446,153.57316804221279,1.11962890625
2539,110.0971123706006,153.4051882304027,1.119873046875
2540,110.30712191035491,153.23744983409497,1.1201171875
2541,110.51747427952483,153.06995324799425,1.120361328125
2542,110.72816898313081,152.9026988662361,1.12060546875
2543,110.93920552538782,152.73568708238645,1.120849609375
2544,111.1505834097066,152.56891828943998,1.12109375
2545,111.36230213869447,152.40239287981984,1.121337890625
2546,111.57436121415691,152.23611124537635,1.12158203125
2547,111.78676013709838,152.0700737773863,1.121826171875
2548,111.99949840772362,151.90428086655191,1.1220703125
2549,112.21257552543909,151.73873290299989,1.122314453125
2550,112.42599098885367,151.57343027628053,1.12255859375
2551,112.63974429578008,151.40837337536703,1.122802734375
2552,112.85383494323625,151.24356258865407,1.123046875
2553,113.0682624274462,151.0789983039574,1.123291015625
2554,113.28302624384125,150.91468090851276,1.12353515625
2555,113.49812588706152,150.7506107889747,1.123779296875
2556,113.71356085095667,150.58678833141624,1.1240234375
2557,113.92933062858751,150.42321392132726,1.124267578125
2558,114.14543471222686,150.25988794361427,1.12451171875
2559,114.36187259336089,150.09681078259908,1.124755859375
2560,114.57864376269046,149.93398282201787,1.125
2561,114.79574771013205,149.77140444502072,1.125244140625
2562,115.01318392481897,149.6090760341702,1.12548828125
2563,115.23095189510298,149.44699797144065,1.125732421875
2564,115.44905110855495,149.28517063821755,1.1259765625
2565,115.66748105196626,149.12359441529617,1.126220703125
2566,115.88624121135032,148.96226968288096,1.12646484375
2567,116.10533107194317,148.8011968205847,1.126708984375
2568,116.3247501182054,148.6403762074272,1.126953125
2569,116.54449783382267,148.47980822183507,1.127197265625
2570,116.76457370170735,148.31949324164026,1.12744140625
2571,116.98497720399979,148.15943164407935,1.127685546875
2572,117.2057078220692,147.99962380579274,1.1279296875
2573,117.42676503651504,147.8400701028238,1.128173828125
2574,117.64814832716843,147.6807709106177,1.12841796875
2575,117.86985717309307,147.5217266040209,1.128662109375
2576,118.09189105258659,147.36293755727996,1.12890625
2577,118.3142494431819,147.2044041440409,1.129150390625
2578,118.53693182164812,147.04612673734812,1.12939453125
2579,118.75993766399225,146.88810570964364,1.129638671875
2580,118.98326644545992,146.73034143276624,1.1298828125
2581,119.20691764053689,146.57283427795048,1.130126953125
2582,119.43089072295035,146.41558461582588,1.13037109375
2583,119.65518516567005,146.25859281641613,1.130615234375
2584,119.87980044090935,146.1018592491381,1.130859375
2585,120.10473602012698,145.94538428280097,1.131103515625
2586,120.32999137402771,145.78916828560546,1.13134765625
2587,120.5555659725639,145.633211625143,1.131591796875
2588,120.7814592849368,145.47751466839452,1.1318359375
2589,121.00767077959756,145.32207778173012,1.132080078125
2590,121.23419992424877,145.16690133090776,1.13232421875
2591,121.46104618584542,145.0119856810726,1.132568359375
2592,121.68820903059625,144.85733119675615,1.1328125
2593,121.91568792396535,144.70293824187536,1.133056640625
2594,122.14348233067281,144.54880717973174,1.13330078125
2595,122.37159171469625,144.39493837301063,1.133544921875
2596,122.60001553927248,144.24133218378012,1.1337890625
2597,122.82875326689808,144.08798897349044,1.134033203125
2598,123.05780435933099,143.934909102973,1.13427734375
2599,123.28716827759203,143.78209293243947,1.134521484375
2600,123.51684448196559,143.62954082148116,1.134765625
2601,123.74683243200153,143.47725312906778,1.135009765625
2602,123.9771315865159,143.32523021354706,1.13525390625
2603,124.20774140359248,143.17347243264362,1.135498046875
2604,124.43866134058425,143.02198014345814,1.1357421875
2605,124.66989085411419,142.87075370246663,1.135986328125
2606,124.90142940007689,142.71979346551956,1.13623046875
2607,125.13327643363988,142.56909978784086,1.136474609375
2608,125.3654314092446,142.41867302402738,1.13671875
2609,125.59789378060805,142.26851352804775,1.136962890625
2610,125.8306630007238,142.1186216532418,1.13720703125
2611,126.06373852186337,141.96899775231964,1.137451171875
2612,126.29711979557754,141.81964217736072,1.1376953125
2613,126.5308062726975,141.67055527981321,1.137939453125
2614,126.76479740333667,141.52173741049285,1.13818359375
2615,126.99909263689116,141.3731889195825,1.138427734375
2616,127.23369142204169,141.22491015663115,1.138671875
2617,127.46859320675466,141.07690147055303,1.138916015625
2618,127.70379743828329,140.929163209627,1.13916015625
2619,127.9393035631696,140.78169572149523,1.139404296875
2620,128.1751110272448,140.63449935316308,1.1396484375
2621,128.41121927563117,140.4875744509978,1.139892578125
2622,128.64762775274318,140.34092136072792,1.14013671875
2623,128.8843359022888,140.1945404274423,1.140380859375
2624,129.12134316727082,140.0484319955895,1.140625
2625,129.3586489899885,139.90259640897662,1.140869140625
2626,129.59625281203816,139.75703401076893,1.14111328125
2627,129.83415407431508,139.61174514348886,1.141357421875
2628,130.0723522170146,139.46673014901512,1.1416015625
2629,130.31084667963336,139.32198936858208,1.141845703125
2630,130.5496369009711,139.17752314277865,1.14208984375
2631,130.78872231913124,139.03333181154784,1.142333984375
2632,131.02810237152272,138.88941571418584,1.142578125
2633,131.2677764948611,138.7457751893411,1.142822265625
2634,131.50774412517006,138.6024105750136,1.14306640625
2635,131.7480046977824,138.45932220855434,1.143310546875
2636,131.98855764734213,138.31651042666374,1.1435546875
2637,132.2294024078047,138.1739755653919,1.143798828125
2638,132.4705384124392,138.03171796013714,1.14404296875
2639,132.7119650938293,137.88973794564527,1.144287109375
2640,132.95368188387454,137.7480358560091,1.14453125
2641,133.19568821379227,137.60661202466719,1.144775390625
2642,133.437983514118,137.46546678440353,1.14501953125
2643,133.6805672147076,137.3246004673465,1.145263671875
2644,133.92343874473812,137.18401340496814,1.1455078125
2645,134.1665975327094,137.04370592808343,1.145751953125
2646,134.41004300644516,136.90367836684948,1.14599609375
2647,134.65377459309502,136.76393105076448,1.146240234375
2648,134.8977917191349,136.62446430866748,1.146484375
2649,135.1420938103688,136.4852784687372,1.146728515625
2650,135.3866802919304,136.34637385849135,1.14697265625
2651,135.63155058828391,136.20775080478592,1.147216796875
2652,135.87670412322615,136.06940963381427,1.1474609375
2653,136.12214031988705,135.9313506711066,1.147705078125
2654,136.36785860073152,135.79357424152897,1.14794921875
2655,136.61385838756073,135.65608066928263,1.148193359375
2656,136.86013910151337,135.51887027790326,1.1484375
2657,137.10670016306702,135.38194339026018,1.148681640625
2658,137.35354099203997,135.2453003285555,1.14892578125
2659,137.60066100759178,135.10894141432357,1.149169921875
2660,137.84805962822514,134.9728669684301,1.1494140625
2661,138.09573627178725,134.83707731107143,1.149658203125
2662,138.34369035547084,134.7015727617738,1.14990234375
2663,138.59192129581635,134.56635363939233,1.150146484375
2664,138.8404285087122,134.4314202621108,1.150390625
2665,139.08921140939694,134.29677294744045,1.150634765625
2666,139.33826941246033,134.16241201221942,1.15087890625
2667,139.58760193184492,134.02833777261196,1.151123046875
2668,139.83720838084702,133.8945505441078,1.1513671875
2669,140.0870881721188,133.76105064152102,1.151611328125
2670,140.33724071766886,133.62783837898996,1.15185546875
2671,140.58766542886409,133.49491406997583,1.152099609375
2672,140.83836171643094,133.36227802726242,1.15234375
2673,141.08932899045675,133.22993056295525,1.152587890625
2674,141.3405666603915,133.0978719884805,1.15283203125
2675,141.59207413504856,132.96610261458483,1.153076171875
2676,141.84385082260653,132.8346227513343,1.1533203125
2677,142.09589613061058,132.70343270811378,1.153564453125
2678,142.34820946597372,132.57253279362604,1.15380859375
2679,142.6007902349782,132.44192331589133,1.154052734375
2680,142.8536378432773,132.31160458224625,1.154296875
2681,143.1067516958961,132.18157689934338,1.154541015625
2682,143.3601311972332,132.05184057315049,1.15478515625
2683,143.61377575106215,131.92239590894962,1.155029296875
2684,143.8676847605327,131.7932432113367,1.1552734375
2685,144.1218576281727,131.66438278422032,1.155517578125
2686,144.37629375588875,131.53581493082157,1.15576171875
2687,144.63099254496797,131.40753995367305,1.156005859375
2688,144.88595339607957,131.2795581546182,1.15625
2689,145.141175709276,131.15186983481053,1.156494140625
2690,145.3966588839944,131.02447529471306,1.15673828125
2691,145.65240231905847,130.89737483409732,1.156982421875
2692,145.90840541267903,130.770568752043,1.1572265625
2693,146.16466756245603,130.6440573469371,1.157470703125
2694,146.42118816538,130.51784091647318,1.15771484375
2695,146.6779666178329,130.39191975765075,1.157958984375
2696,146.93500231559062,130.26629416677432,1.158203125
2697,147.19229465382318,130.1409644394531,1.158447265625
2698,147.4498430270968,130.01593087060007,1.15869140625
2699,147.7076468293753,129.8911937544313,1.158935546875
2700,147.96570545402145,129.76675338446523,1.1591796875
2701,148.22401829379822,129.64261005352216,1.159423828125
2702,148.48258474087083,129.5187640537232,1.15966796875
2703,148.74140418680736,129.39521567649007,1.159912109375
2704,149.00047602258053,129.27196521254393,1.16015625
2705,149.25979963856943,129.14901295190512,1.160400390625
2706,149.5193744245603,129.02635918389223,1.16064453125
2707,149.7791997697489,128.90400419712128,1.160888671875
2708,150.039275062741,128.78194827950543,1.1611328125
2709,150.29959969155428,128.66019171825405,1.161376953125
2710,150.56017304361973,128.53873479987212,1.16162109375
2711,150.8209945057831,128.41757781015946,1.161865234375
2712,151.08206346430615,128.29672103421026,1.162109375
2713,151.34337930486865,128.17616475641205,1.162353515625
2714,151.6049414125691,128.05590926044547,1.16259765625
2715,151.86674917192659,127.93595482928328,1.162841796875
2716,152.12880196688212,127.81630174518992,1.1630859375
2717,152.39109918080004,127.69695028972063,1.163330078125
2718,152.65364019646995,127.57790074372087,1.16357421875
2719,152.91642439610735,127.4591533873257,1.163818359375
2720,153.17945116135564,127.34070849995919,1.1640625
2721,153.44271987328742,127.22256636033356,1.164306640625
2722,153.70622991240595,127.10472724644873,1.16455078125
2723,153.96998065864653,126.98719143559151,1.164794921875
2724,154.23397149137855,126.86995920433495,1.1650390625
2725,154.4982017894058,126.75303082853782,1.165283203125
2726,154.76267093096894,126.63640658334393,1.16552734375
2727,155.02737829374652,126.52008674318137,1.165771484375
2728,155.2923232548564,126.40407158176203,1.166015625
2729,155.5575051908578,126.28836137208069,1.166259765625
2730,155.82292347775177,126.17295638641465,1.16650390625
2731,156.0885774909836,126.05785689632307,1.166748046875
2732,156.35446660544363,125.9430631726461,1.1669921875
2733,156.62059019546913,125.8285754855045,1.167236328125
2734,156.8869476348454,125.71439410429889,1.16748046875
2735,157.153538296808,125.60051929770901,1.167724609375
2736,157.42036155404315,125.4869513336933,1.16796875
2737,157.68741677869002,125.37369047948818,1.168212890625
2738,157.9547033423418,125.26073700160734,1.16845703125
2739,158.22222061604725,125.14809116584132,1.168701171875
2740,158.48996797031273,125.03575323725653,1.1689453125
2741,158.75794477510266,124.92372348019501,1.169189453125
2742,159.02615039984175,124.81200215827357,1.16943359375
2743,159.29458421341627,124.70058953438337,1.169677734375
2744,159.5632455841755,124.589485870689,1.169921875
2745,159.8321338799331,124.4786914286282,1.170166015625
2746,160.10124846796933,124.36820646891084,1.17041015625
2747,160.37058871503137,124.25803125151879,1.170654296875
2748,160.64015398733557,124.14816603570497,1.1708984375
2749,160.90994365056883,124.03861107999288,1.171142578125
2750,161.1799570698899,123.92936664217592,1.17138671875
2751,161.45019360993138,123.8204329793167,1.171630859375
2752,161.72065263480044,123.71181034774676,1.171875
2753,161.99133350808086,123.6034990030656,1.172119140625
2754,162.26223559283443,123.49549920014027,1.17236328125
2755,162.53335825160235,123.38781119310474,1.172607421875
2756,162.80470084640666,123.28043523535936,1.1728515625
2757,163.07626273875238,123.17337157957004,1.173095703125
2758,163.34804328962792,123.06662047766793,1.17333984375
2759,163.62004185950744,122.96018218084868,1.173583984375
2760,163.89225780835204,122.8540569395719,1.173828125
2761,164.16469049561107,122.74824500356058,1.174072265625
2762,164.43733928022448,122.64274662180034,1.17431640625
2763,164.71020352062317,122.5375620425391,1.174560546875
2764,164.98328257473122,122.43269151328633,1.1748046875
2765,165.25657579996724,122.32813528081252,1.175048828125
2766,165.53008255324585,122.22389359114857,1.17529296875
2767,165.80380219097913,122.11996668958534,1.175537109375
2768,166.07773406907862,122.01635482067272,1.17578125
2769,166.35187754295598,121.91305822821954,1.176025390625
2770,166.62623196752514,121.81007715529259,1.17626953125
2771,166.90079669720367,121.70741184421635,1.176513671875
2772,167.17557108591404,121.60506253657226,1.1767578125
2773,167.45055448708592,121.50302947319798,1.177001953125
2774,167.7257462536566,121.40131289418727,1.17724609375
2775,168.00114573807332,121.29991303888903,1.177490234375
2776,168.27675229229447,121.19883014590692,1.177734375
2777,168.5525652677912,121.09806445309874,1.177978515625
2778,168.8285840155488,120.99761619757601,1.17822265625
2779,169.10480788606878,120.89748561570298,1.178466796875
2780,169.38123622936956,120.7976729430967,1.1787109375
2781,169.65786839498855,120.69817841462603,1.178955078125
2782,169.93470373198352,120.59900226441118,1.17919921875
2783,170.211741588934,120.50014472582325,1.179443359375
2784,170.4889813139435,120.40160603148354,1.1796875
2785,170.76642225464002,120.30338641326307,1.179931640625
2786,171.0440637581782,120.20548610228221,1.18017578125
2787,171.32190517124081,120.10790532890974,1.180419921875
2788,171.5999458400401,120.01064432276269,1.1806640625
2789,171.8781851103194,119.91370331270565,1.180908203125
2790,172.15662232735514,119.8170825268501,1.18115234375
2791,172.4352568359575,119.72078219255411,1.181396484375
2792,172.71408798047256,119.62480253642164,1.181640625
2793,172.9931151047837,119.52914378430216,1.181884765625
2794,173.272337552313,119.43380616128997,1.18212890625
2795,173.55175466602333,119.3387898917236,1.182373046875
2796,173.83136578841916,119.24409519918552,1.1826171875
2797,174.11117026154847,119.14972230650159,1.182861328125
2798,174.3911674270043,119.05567143574027,1.18310546875
2799,174.67135662592622,118.96194280821237,1.183349609375
2800,174.9517371990019,118.86853664447042,1.18359375
2801,175.2323084864691,118.77545316430809,1.183837890625
2802,175.51306982811627,118.68269258675983,1.18408203125
2803,175.79402056328485,118.59025513010025,1.184326171875
2804,176.07516003087065,118.49814101184359,1.1845703125
2805,176.35648756932517,118.40635044874335,1.184814453125
2806,176.63800251665785,118.31488365679147,1.18505859375
2807,176.9197042104367,118.22374085121817,1.185302734375
2808,177.20159198779035,118.13292224649135,1.185546875
2809,177.4836651854097,118.04242805631588,1.185791015625
2810,177.76592313954927,117.95225849363342,1.18603515625
2811,178.0483651860286,117.8624137706216,1.186279296875
2812,178.33099066023468,117.77289409869374,1.1865234375
2813,178.61379889712225,117.68369968849825,1.186767578125
2814,178.89678923121622,117.59483074991823,1.18701171875
2815,179.17996099661303,117.50628749207087,1.187255859375
2816,179.46331352698195,117.41807012330702,1.1875
2817,179.74684615556745,117.33017885121063,1.187744140625
2818,180.03055821518973,117.24261388259839,1.18798828125
2819,180.31444903824683,117.1553754235191,1.188232421875
2820,180.59851795671636,117.06846367925328,1.1884765625
2821,180.8827643021566,116.98187885431273,1.188720703125
2822,181.16718740570832,116.89562115243987,1.18896484375
2823,181.45178659809676,116.80969077660734,1.189208984375
2824,181.73656120963244,116.72408792901768,1.189453125
2825,182.02151057021317,116.63881281110264,1.189697265625
2826,182.30663400932556,116.5538656235228,1.18994140625
2827,182.5919308560466,116.46924656616713,1.190185546875
2828,182.87740043904515,116.38495583815245,1.1904296875
2829,183.16304208658397,116.30099363782296,1.190673828125
2830,183.44885512652053,116.2173601627498,1.19091796875
2831,183.73483888630915,116.13405560973064,1.191162109375
2832,184.02099269300243,116.05108017478915,1.19140625
2833,184.3073158732526,115.9684340531746,1.191650390625
2834,184.5938077533139,115.88611743936119,1.19189453125
2835,184.88046765904318,115.8041305270479,1.192138671875
2836,185.1672949159019,115.72247350915785,1.1923828125
2837,185.45428884895787,115.64114657783796,1.192626953125
2838,185.7414487828866,115.56014992445824,1.19287109375
2839,186.02877404197292,115.4794837396118,1.193115234375
2840,186.316263950113,115.39914821311376,1.193359375
2841,186.60391783081525,115.31914353400154,1.193603515625
2842,186.8917350072022,115.23946989053377,1.19384765625
2843,187.17971480201226,115.1601274701903,1.194091796875
2844,187.46785653760102,115.08111645967153,1.1943359375
2845,187.75615953594345,115.00243704489793,1.194580078125
2846,188.0446231186346,114.92408941100976,1.19482421875
2847,188.33324660689175,114.8460737423666,1.195068359375
2848,188.622029321556,114.76839022254688,1.1953125
2849,188.91097058309373,114.6910390343474,1.195556640625
2850,189.20006971159802,114.61402035978298,1.19580078125
2851,189.4893260267911,114.53733438008598,1.196044921875
2852,189.7787388480247,114.46098127570596,1.1962890625
2853,190.06830749428252,114.38496122630909,1.196533203125
2854,190.35803128418155,114.30927441077793,1.19677734375
2855,190.64790953597355,114.23392100721094,1.197021484375
2856,190.93794156754734,114.15890119292183,1.197265625
2857,191.2281266964294,114.0842151444395,1.197509765625
2858,191.518464239786,114.00986303750747,1.19775390625
2859,191.80895351442496,113.9358450470834,1.197998046875
2860,192.0995938367969,113.86216134733883,1.1982421875
2861,192.39038452299692,113.78881211165859,1.198486328125
2862,192.68132488876677,113.71579751264048,1.19873046875
2863,192.9724142494955,113.64311772209493,1.198974609375
2864,193.26365192022172,113.57077291104449,1.19921875
2865,193.55503721563505,113.49876324972354,1.199462890625
2866,193.8465694500776,113.42708890757777,1.19970703125
2867,194.1382479375462,113.35575005326376,1.199951171875
2868,194.43007199169298,113.28474685464874,1.2001953125
2869,194.7220409258278,113.21407947881013,1.200439453125
2870,195.01415405291954,113.14374809203511,1.20068359375
2871,195.3064106855978,113.07375285982019,1.200927734375
2872,195.5988101361543,113.00409394687097,1.201171875
2873,195.89135171654524,112.93477151710147,1.201416015625
2874,196.1840347383919,112.86578573363417,1.20166015625
2875,196.47685851298274,112.79713675879924,1.201904296875
2876,196.76982235127525,112.7288247541344,1.2021484375
2877,197.062925563897,112.66084988038438,1.202392578125
2878,197.3561674611482,112.59321229750054,1.20263671875
2879,197.6495473530021,112.52591216464074,1.202880859375
2880,197.9430645491075,112.45894964016867,1.203125
2881,198.23671835879014,112.3923248816536,1.203369140625
2882,198.53050809105414,112.32603804587004,1.20361328125
2883,198.82443305458378,112.26008928879736,1.203857421875
2884,199.11849255774558,112.19447876561927,1.2041015625
2885,199.4126859085889,112.12920663072373,1.204345703125
2886,199.7070124148484,112.06427303770232,1.20458984375
2887,200.0014713839454,111.9996781393501,1.204833984375
2888,200.29606212298927,111.93542208766516,1.205078125
2889,200.59078393877994,111.87150503384808,1.205322265625
2890,200.88563613780832,111.80792712830191,1.20556640625
2891,201.1806180262587,111.74468852063163,1.205810546875
2892,201.47572891001022,111.68178935964377,1.2060546875
2893,201.77096809463845,111.61922979334611,1.206298828125
2894,202.0663348854169,111.55700996894743,1.20654296875
2895,202.36182858731928,111.4951300328569,1.206787109375
2896,202.65744850502028,111.43359013068402,1.20703125
2897,202.95319394289766,111.37239040723813,1.207275390625
2898,203.24906420503376,111.3115310065281,1.20751953125
2899,203.54505859521717,111.25101207176198,1.207763671875
2900,203.84117641694482,111.1908337453466,1.2080078125
2901,204.13741697342272,111.13099616888746,1.208251953125
2902,204.4337795675682,111.07149948318812,1.20849609375
2903,204.73026350201144,111.01234382825004,1.208740234375
2904,205.02686807909714,110.95352934327218,1.208984375
2905,205.3235926008859,110.89505616665073,1.209228515625
2906,205.62043636915655,110.83692443597869,1.20947265625
2907,205.9173986854069,110.77913428804564,1.209716796875
2908,206.21447885085598,110.72168585883742,1.2099609375
2909,206.51167616644537,110.66457928353566,1.210205078125
2910,206.80898993284097,110.60781469651775,1.21044921875
2911,207.10641945043508,110.55139223135615,1.210693359375
2912,207.40396401934717,110.4953120208184,1.2109375
2913,207.7016229394261,110.43957419686669,1.211181640625
2914,207.99939551025173,110.38417889065744,1.21142578125
2915,208.29728103113638,110.32912623254123,1.211669921875
2916,208.59527880112648,110.27441635206225,1.2119140625
2917,208.89338811900484,110.2200493779581,1.212158203125
2918,209.1916082832913,110.16602543815955,1.21240234375
2919,209.48993859224495,110.11234465979018,1.212646484375
2920,209.78837834386582,110.05900716916597,1.212890625
2921,210.08692683589612,110.00601309179527,1.213134765625
2922,210.38558336582278,109.95336255237822,1.21337890625
2923,210.68434723087796,109.90105567480663,1.213623046875
2924,210.9832177280414,109.84909258216362,1.2138671875
2925,211.28219415404203,109.7974733967234,1.214111328125
2926,211.58127580535933,109.74619823995087,1.21435546875
2927,211.8804619782252,109.69526723250146,1.214599609375
2928,212.17975196862596,109.64468049422072,1.21484375
2929,212.47914507230325,109.59443814414414,1.215087890625
2930,212.7786405847561,109.54454030049683,1.21533203125
2931,213.07823780124266,109.49498708069322,1.215576171875
2932,213.37793601678163,109.44577860133685,1.2158203125
2933,213.6777345261544,109.39691497822,1.216064453125
2934,213.97763262390603,109.34839632632352,1.21630859375
2935,214.27762960434728,109.30022275981645,1.216552734375
2936,214.5777247615563,109.25239439205586,1.216796875
2937,214.8779173893802,109.20491133558653,1.217041015625
2938,215.17820678143653,109.15777370214067,1.21728515625
2939,215.47859223111573,109.11098160263771,1.217529296875
2940,215.7790730315816,109.06453514718393,1.2177734375
2941,216.0796484757738,109.01843444507236,1.218017578125
2942,216.3803178564093,108.9726796047824,1.21826171875
2943,216.68108046598385,108.92727073397961,1.218505859375
2944,216.98193559677426,108.88220793951544,1.21875
2945,217.28288254083924,108.83749132742702,1.218994140625
2946,217.5839205900215,108.79312100293683,1.21923828125
2947,217.88504903594946,108.74909707045254,1.219482421875
2948,218.1862671700388,108.70541963356669,1.2197265625
2949,218.48757428349398,108.6620887950566,1.219970703125
2950,218.7889696673106,108.61910465688382,1.22021484375
2951,219.09045261227604,108.57646732019421,1.220458984375
2952,219.3920224089718,108.53417688531755,1.220703125
2953,219.69367834777503,108.4922334517673,1.220947265625
2954,219.99541971885998,108.45063711824048,1.22119140625
2955,220.2972458122004,108.40938798261718,1.221435546875
2956,220.59915591757022,108.36848614196066,1.2216796875
2957,220.9011493245457,108.32793169251687,1.221923828125
2958,221.20322532250725,108.28772472971437,1.22216796875
2959,221.50538320064086,108.24786534816403,1.222412109375
2960,221.80762224793966,108.20835364165885,1.22265625
2961,222.10994175320633,108.1691897031736,1.222900390625
2962,222.41234100505375,108.13037362486489,1.22314453125
2963,222.7148192919072,108.09190549807067,1.223388671875
2964,223.01737590200605,108.05378541331021,1.2236328125
2965,223.32001012340524,108.01601346028369,1.223876953125
2966,223.62272124397754,107.97858972787219,1.22412109375
2967,223.92550855141428,107.94151430413734,1.224365234375
2968,224.2283713332277,107.90478727632126,1.224609375
2969,224.53130887675235,107.86840873084611,1.224853515625
2970,224.834320469147,107.83237875331417,1.22509765625
2971,225.1374053973959,107.79669742850746,1.225341796875
2972,225.44056294831125,107.76136484038759,1.2255859375
2973,225.74379240853392,107.7263810720955,1.225830078125
2974,226.0470930645357,107.69174620595143,1.22607421875
2975,226.35046420262083,107.65746032345456,1.226318359375
2976,226.65390510892755,107.62352350528286,1.2265625
2977,226.95741506943043,107.58993583129296,1.226806640625
2978,227.26099336994105,107.55669738051989,1.22705078125
2979,227.56463929611039,107.52380823117693,1.227294921875
2980,227.86835213343016,107.49126846065542,1.2275390625
2981,228.1721311672348,107.45907814552464,1.227783203125
2982,228.47597568270268,107.42723736153144,1.22802734375
2983,228.7798849648587,107.3957461836003,1.228271484375
2984,229.08385829857474,107.364604685833,1.228515625
2985,229.3878949685722,107.33381294150846,1.228759765625
2986,229.6919942594234,107.30337102308269,1.22900390625
2987,229.9961554555532,107.27327900218842,1.229248046875
2988,230.30037784124127,107.24353694963506,1.2294921875
2989,230.6046607006228,107.2141449354086,1.229736328125
2990,230.90900331769075,107.18510302867122,1.22998046875
2991,231.21340497629757,107.1564112977614,1.230224609375
2992,231.5178649601568,107.1280698101935,1.23046875
2993,231.8223825528445,107.10007863265781,1.230712890625
2994,232.12695703780167,107.07243783102024,1.23095703125
2995,232.43158769833497,107.04514747032229,1.231201171875
2996,232.73627381761904,107.01820761478083,1.2314453125
2997,233.04101467869802,106.9916183277879,1.231689453125
2998,233.345809564487,106.96537967191071,1.23193359375
2999,233.6506577577746,106.9394917088913,1.232177734375
3000,233.95555854122335,106.9139544996466,1.232421875
3001,234.26051119737224,106.88876810426808,1.232666015625
3002,234.56551500863824,106.86393258202182,1.23291015625
3003,234.87056925731792,106.83944799134812,1.233154296875
3004,235.17567322558898,106.8153143898617,1.2333984375
3005,235.4808261955127,106.79153183435113,1.233642578125
3006,235.7860274490344,106.76810038077915,1.23388671875
3007,236.09127626798613,106.7450200842822,1.234130859375
3008,236.39657193408792,106.72229099917047,1.234375
3009,236.70191372894936,106.69991317892769,1.234619140625
3010,237.00730093407213,106.67788667621096,1.23486328125
3011,237.3127328308504,106.65621154285085,1.235107421875
3012,237.61820870057343,106.63488782985104,1.2353515625
3013,237.92372782442703,106.61391558738825,1.235595703125
3014,238.22928948349514,106.59329486481221,1.23583984375
3015,238.53489295876147,106.57302571064548,1.236083984375
3016,238.84053753111195,106.55310817258331,1.236328125
3017,239.14622248133514,106.5335422974936,1.236572265625
3018,239.45194709012486,106.51432813141676,1.23681640625
3019,239.75771063808153,106.4954657195656,1.237060546875
3020,240.06351240571385,106.47695510632514,1.2373046875
3021,240.36935167344106,106.45879633525269,1.237548828125
3022,240.67522772159364,106.44098944907756,1.23779296875
3023,240.9811398304157,106.4235344897011,1.238037109375
3024,241.28708728006652,106.40643149819647,1.23828125
3025,241.5930693506222,106.3896805148087,1.238525390625
3026,241.89908532207713,106.37328157895448,1.23876953125
3027,242.20513447434658,106.35723472922206,1.239013671875
3028,242.51121608726714,106.34154000337125,1.2392578125
3029,242.81732944059922,106.32619743833325,1.239501953125
3030,243.12347381402853,106.3112070702106,1.23974609375
3031,243.4296484871676,106.29656893427708,1.239990234375
3032,243.7358527395582,106.28228306497763,1.240234375
3033,244.04208585067198,106.26834949592828,1.240478515625
3034,244.34834709991281,106.25476825991609,1.24072265625
3035,244.65463576661847,106.24153938889899,1.240966796875
3036,244.96095113006206,106.22866291400578,1.2412109375
3037,245.2672924694538,106.2161388655361,1.241455078125
3038,245.57365906394327,106.20396727296023,1.24169921875
3039,245.8800501926201,106.19214816491905,1.241943359375
3040,246.1864651345164,106.18068156922413,1.2421875
3041,246.49290316860817,106.16956751285747,1.242431640625
3042,246.79936357381695,106.15880602197146,1.24267578125
3043,247.10584562901218,106.14839712188902,1.242919921875
3044,247.41234861301177,106.13834083710319,1.2431640625
3045,247.71887180458464,106.12863719127748,1.243408203125
3046,248.02541448245205,106.11928620724541,1.24365234375
3047,248.3319759252895,106.11028790701084,1.243896484375
3048,248.63855541172813,106.10164231174758,1.244140625
3049,248.94515222035713,106.09334944179957,1.244384765625
3050,249.25176562972445,106.08540931668074,1.24462890625
3051,249.55839491833908,106.07782195507497,1.244873046875
3052,249.8650393646727,106.07058737483604,1.2451171875
3053,250.17169824716115,106.06370559298762,1.245361328125
3054,250.47837084420678,106.0571766257232,1.24560546875
3055,250.78505643417918,106.05100048840612,1.245849609375
3056,251.09175429541753,106.04517719556935,1.24609375
3057,251.39846370623215,106.03970676091575,1.246337890625
3058,251.70518394490614,106.0345891973177,1.24658203125
3059,252.01191428969702,106.02982451681737,1.246826171875
3060,252.31865401883897,106.0254127306265,1.2470703125
3061,252.62540241054361,106.02135384912643,1.247314453125
3062,252.9321587430024,106.01764788186813,1.24755859375
3063,253.23892229438795,106.01429483757207,1.247802734375
3064,253.5456923428559,106.01129472412833,1.248046875
3065,253.85246816654703,106.0086475485964,1.248291015625
3066,254.15924904358798,106.00635331720542,1.24853515625
3067,254.46603425209375,106.00441203535388,1.248779296875
3068,254.77282307016912,106.00282370760982,1.2490234375
3069,255.07961477591033,106.00158833771073,1.249267578125
3070,255.3864086474067,106.00070592856358,1.24951171875
3071,255.69320396274298,106.00017648224471,1.249755859375
3072,255.99999999999997,106.0,1.25
3073,256.30679603725696,106.00017648224471,1.250244140625
3074,256.61359135259323,106.00070592856358,1.25048828125
3075,256.9203852240896,106.00158833771073,1.250732421875
3076,257.2271769298308,106.00282370760982,1.2509765625
3077,257.53396574790617,106.00441203535388,1.251220703125
3078,257.84075095641197,106.00635331720542,1.25146484375
3079,258.1475318334529,106.0086475485964,1.251708984375
3080,258.45430765714406,106.01129472412833,1.251953125
3081,258.76107770561197,106.01429483757207,1.252197265625
3082,259.06784125699755,106.01764788186813,1.25244140625
3083,259.3745975894563,106.02135384912643,1.252685546875
3084,259.681345981161,106.0254127306265,1.2529296875
3085,259.9880857103029,106.02982451681737,1.253173828125
3086,260.2948160550938,106.0345891973177,1.25341796875
3087,260.60153629376777,106.03970676091575,1.253662109375
3088,260.9082457045824,106.04517719556935,1.25390625
3089,261.21494356582076,106.05100048840612,1.254150390625
3090,261.52162915579316,106.0571766257232,1.25439453125
3091,261.8283017528388,106.06370559298762,1.254638671875
3092,262.1349606353272,106.07058737483604,1.2548828125
3093,262.44160508166084,106.07782195507497,1.255126953125
3094,262.7482343702755,106.08540931668074,1.25537109375
3095,263.0548477796428,106.09334944179957,1.255615234375
3096,263.3614445882718,106.10164231174758,1.255859375
3097,263.66802407471044,106.11028790701081,1.256103515625
3098,263.9745855175479,106.11928620724541,1.25634765625
3099,264.2811281954153,106.12863719127748,1.256591796875
3100,264.58765138698817,106.13834083710319,1.2568359375
3101,264.89415437098774,106.14839712188899,1.257080078125
3102,265.200636426183,106.15880602197146,1.25732421875
3103,265.5070968313918,106.16956751285747,1.257568359375
3104,265.8135348654835,106.18068156922413,1.2578125
3105,266.11994980737984,106.19214816491905,1.258056640625
3106,266.42634093605665,106.2039672729602,1.25830078125
3107,266.7327075305461,106.2161388655361,1.258544921875
3108,267.03904886993786,106.22866291400578,1.2587890625
3109,267.3453642333815,106.24153938889899,1.259033203125
3110,267.6516529000871,106.25476825991606,1.25927734375
3111,267.95791414932796,106.26834949592828,1.259521484375
3112,268.26414726044175,106.28228306497763,1.259765625
3113,268.5703515128323,106.29656893427708,1.260009765625
3114,268.8765261859714,106.3112070702106,1.26025390625
3115,269.18267055940066,106.32619743833325,1.260498046875
3116,269.4887839127328,106.34154000337125,1.2607421875
3117,269.79486552565334,106.35723472922206,1.260986328125
3118,270.1009146779228,106.37328157895448,1.26123046875
3119,270.4069306493777,106.3896805148087,1.261474609375
3120,270.7129127199334,106.40643149819647,1.26171875
3121,271.01886016958423,106.42353448970107,1.261962890625
3122,271.3247722784063,106.44098944907756,1.26220703125
3123,271.63064832655886,106.45879633525269,1.262451171875
3124,271.93648759428606,106.47695510632514,1.2626953125
3125,272.2422893619184,106.4954657195656,1.262939453125
3126,272.5480529098751,106.51432813141676,1.26318359375
3127,272.8537775186648,106.5335422974936,1.263427734375
3128,273.15946246888797,106.55310817258331,1.263671875
3129,273.4651070412384,106.57302571064548,1.263916015625
3130,273.7707105165048,106.59329486481218,1.26416015625
3131,274.0762721755729,106.61391558738825,1.264404296875
3132,274.3817912994265,106.63488782985104,1.2646484375
3133,274.68726716914955,106.65621154285085,1.264892578125
3134,274.9926990659278,106.67788667621096,1.26513671875
3135,275.2980862710506,106.69991317892766,1.265380859375
3136,275.603428065912,106.72229099917047,1.265625
3137,275.9087237320138,106.7450200842822,1.265869140625
3138,276.21397255096554,106.76810038077915,1.26611328125
3139,276.51917380448725,106.79153183435113,1.266357421875
3140,276.82432677441096,106.8153143898617,1.2666015625
3141,277.129430742682,106.83944799134812,1.266845703125
3142,277.43448499136167,106.86393258202179,1.26708984375
3143,277.7394888026277,106.88876810426808,1.267333984375
3144,278.0444414587766,106.9139544996466,1.267578125
3145,278.3493422422253,106.9394917088913,1.267822265625
3146,278.65419043551293,106.96537967191071,1.26806640625
3147,278.9589853213019,106.99161832778788,1.268310546875
3148,279.2637261823809,107.0182076147808,1.2685546875
3149,279.568412301665,107.04514747032229,1.268798828125
3150,279.87304296219827,107.07243783102024,1.26904296875
3151,280.17761744715546,107.10007863265778,1.269287109375
3152,280.4821350398431,107.1280698101935,1.26953125
3153,280.7865950237024,107.1564112977614,1.269775390625
3154,281.0909966823092,107.18510302867122,1.27001953125
3155,281.39533929937716,107.2141449354086,1.270263671875
3156,281.69962215875864,107.24353694963506,1.2705078125
3157,282.0038445444467,107.27327900218842,1.270751953125
3158,282.3080057405765,107.30337102308269,1.27099609375
3159,282.61210503142775,107.33381294150846,1.271240234375
3160,282.9161417014252,107.364604685833,1.271484375
3161,283.22011503514125,107.3957461836003,1.271728515625
3162,283.52402431729723,107.42723736153144,1.27197265625
3163,283.82786883276515,107.45907814552461,1.272216796875
3164,284.1316478665698,107.49126846065542,1.2724609375
3165,284.43536070388956,107.52380823117693,1.272705078125
3166,284.73900663005884,107.55669738051986,1.27294921875
3167,285.0425849305695,107.58993583129293,1.273193359375
3168,285.34609489107237,107.62352350528286,1.2734375
3169,285.6495357973791,107.65746032345453,1.273681640625
3170,285.9529069354642,107.69174620595143,1.27392578125
3171,286.256207591466,107.7263810720955,1.274169921875
3172,286.5594370516887,107.76136484038759,1.2744140625
3173,286.862594602604,107.79669742850746,1.274658203125
3174,287.1656795308529,107.83237875331415,1.27490234375
3175,287.46869112324754,107.86840873084611,1.275146484375
3176,287.77162866677224,107.90478727632123,1.275390625
3177,288.0744914485856,107.94151430413734,1.275634765625
3178,288.3772787560224,107.97858972787219,1.27587890625
3179,288.6799898765947,108.01601346028369,1.276123046875
3180,288.9826240979939,108.05378541331018,1.2763671875
3181,289.28518070809275,108.09190549807067,1.276611328125
3182,289.5876589949462,108.13037362486489,1.27685546875
3183,289.8900582467936,108.1691897031736,1.277099609375
3184,290.1923777520603,108.20835364165882,1.27734375
3185,290.49461679935905,108.247865348164,1.277587890625
3186,290.7967746774927,108.28772472971434,1.27783203125
3187,291.09885067545423,108.32793169251687,1.278076171875
3188,291.4008440824297,108.36848614196063,1.2783203125
3189,291.70275418779954,108.40938798261715,1.278564453125
3190,292.00458028113997,108.45063711824045,1.27880859375
3191,292.3063216522249,108.4922334517673,1.279052734375
3192,292.6079775910281,108.53417688531755,1.279296875
3193,292.9095473877239,108.57646732019421,1.279541015625
3194,293.21103033268935,108.61910465688382,1.27978515625
3195,293.51242571650596,108.6620887950566,1.280029296875
3196,293.8137328299611,108.70541963356669,1.2802734375
3197,294.1149509640505,108.7490970704525,1.280517578125
3198,294.4160794099784,108.7931210029368,1.28076171875
3199,294.7171174591607,108.83749132742699,1.281005859375
3200,295.01806440322565,108.88220793951544,1.28125
3201,295.31891953401606,108.92727073397961,1.281494140625
3202,295.6196821435906,108.97267960478237,1.28173828125
3203,295.92035152422613,109.01843444507233,1.281982421875
3204,296.2209269684183,109.0645351471839,1.2822265625
3205,296.5214077688842,109.11098160263771,1.282470703125
3206,296.8217932185634,109.15777370214067,1.28271484375
3207,297.1220826106197,109.2049113355865,1.282958984375
3208,297.4222752384436,109.25239439205583,1.283203125
3209,297.72237039565266,109.30022275981642,1.283447265625
3210,298.0223673760939,109.3483963263235,1.28369140625
3211,298.3222654738455,109.39691497822,1.283935546875
3212,298.6220639832183,109.44577860133685,1.2841796875
3213,298.9217621987573,109.49498708069322,1.284423828125
3214,299.2213594152438,109.5445403004968,1.28466796875
3215,299.5208549276967,109.59443814414414,1.284912109375
3216,299.8202480313739,109.64468049422072,1.28515625
3217,300.1195380217747,109.69526723250146,1.285400390625
3218,300.41872419464056,109.74619823995087,1.28564453125
3219,300.7178058459579,109.79747339672338,1.285888671875
3220,301.0167822719585,109.84909258216359,1.2861328125
3221,301.315652769122,109.9010556748066,1.286376953125
3222,301.61441663417713,109.95336255237822,1.28662109375
3223,301.9130731641038,110.00601309179527,1.286865234375
3224,302.2116216561341,110.05900716916597,1.287109375
3225,302.51006140775496,110.11234465979015,1.287353515625
3226,302.8083917167086,110.16602543815955,1.28759765625
3227,303.1066118809951,110.22004937795808,1.287841796875
3228,303.40472119887346,110.27441635206225,1.2880859375
3229,303.70271896886356,110.3291262325412,1.288330078125
3230,304.0006044897482,110.38417889065744,1.28857421875
3231,304.2983770605738,110.43957419686669,1.288818359375
3232,304.59603598065274,110.4953120208184,1.2890625
3233,304.89358054956483,110.55139223135615,1.289306640625
3234,305.19101006715897,110.60781469651775,1.28955078125
3235,305.48832383355455,110.66457928353566,1.289794921875
3236,305.78552114914396,110.72168585883739,1.2900390625
3237,306.08260131459303,110.77913428804564,1.290283203125
3238,306.3795636308434,110.83692443597869,1.29052734375
3239,306.67640739911405,110.89505616665073,1.290771484375
3240,306.9731319209028,110.95352934327215,1.291015625
3241,307.2697364979885,111.01234382825001,1.291259765625
3242,307.56622043243175,111.07149948318812,1.29150390625
3243,307.8625830265772,111.13099616888744,1.291748046875
3244,308.1588235830551,111.1908337453466,1.2919921875
3245,308.45494140478274,111.25101207176195,1.292236328125
3246,308.75093579496615,111.31153100652807,1.29248046875
3247,309.0468060571023,111.3723904072381,1.292724609375
3248,309.34255149497966,111.433590130684,1.29296875
3249,309.6381714126806,111.4951300328569,1.293212890625
3250,309.93366511458305,111.55700996894743,1.29345703125
3251,310.22903190536147,111.61922979334608,1.293701171875
3252,310.5242710899897,111.68178935964374,1.2939453125
3253,310.8193819737412,111.7446885206316,1.294189453125
3254,311.1143638621916,111.80792712830191,1.29443359375
3255,311.40921606122,111.87150503384805,1.294677734375
3256,311.7039378770107,111.93542208766513,1.294921875
3257,311.99852861605456,111.9996781393501,1.295166015625
3258,312.29298758515154,112.06427303770229,1.29541015625
3259,312.58731409141103,112.1292066307237,1.295654296875
3260,312.88150744225436,112.19447876561927,1.2958984375
3261,313.1755669454161,112.26008928879736,1.296142578125
3262,313.46949190894577,112.32603804587004,1.29638671875
3263,313.7632816412098,112.3923248816536,1.296630859375
3264,314.0569354508924,112.45894964016867,1.296875
3265,314.35045264699784,112.52591216464074,1.297119140625
3266,314.6438325388517,112.59321229750054,1.29736328125
3267,314.9370744361029,112.66084988038435,1.297607421875
3268,315.23017764872463,112.72882475413437,1.2978515625
3269,315.52314148701714,112.79713675879924,1.298095703125
3270,315.815965261608,112.86578573363414,1.29833984375
3271,316.10864828345467,112.93477151710144,1.298583984375
3272,316.4011898638456,113.00409394687091,1.298828125
3273,316.6935893144021,113.07375285982019,1.299072265625
3274,316.9858459470804,113.14374809203511,1.29931640625
3275,317.27795907417214,113.21407947881013,1.299560546875
3276,317.56992800830693,113.28474685464874,1.2998046875
3277,317.8617520624538,113.35575005326373,1.300048828125
3278,318.15343054992235,113.42708890757774,1.30029296875
3279,318.44496278436486,113.49876324972351,1.300537109375
3280,318.7363480797782,113.57077291104449,1.30078125
3281,319.02758575050444,113.6431177220949,1.301025390625
3282,319.3186751112332,113.71579751264045,1.30126953125
3283,319.609615477003,113.78881211165856,1.301513671875
3284,319.900406163203,113.8621613473388,1.3017578125
3285,320.19104648557493,113.9358450470834,1.302001953125
3286,320.4815357602139,114.00986303750744,1.30224609375
3287,320.77187330357054,114.08421514443947,1.302490234375
3288,321.0620584324526,114.1589011929218,1.302734375
3289,321.3520904640264,114.23392100721094,1.302978515625
3290,321.6419687158184,114.30927441077793,1.30322265625
3291,321.9316925057174,114.38496122630909,1.303466796875
3292,322.2212611519752,114.46098127570593,1.3037109375
3293,322.51067397320884,114.53733438008598,1.303955078125
3294,322.7999302884019,114.61402035978298,1.30419921875
3295,323.0890294169062,114.69103903434737,1.304443359375
3296,323.37797067844394,114.76839022254686,1.3046875
3297,323.66675339310814,114.8460737423666,1.304931640625
3298,323.95537688136534,114.92408941100973,1.30517578125
3299,324.24384046405646,115.0024370448979,1.305419921875
3300,324.5321434623989,115.08111645967153,1.3056640625
3301,324.8202851979877,115.1601274701903,1.305908203125
3302,325.10826499279773,115.23946989053377,1.30615234375
3303,325.3960821691847,115.31914353400151,1.306396484375
3304,325.6837360498869,115.39914821311376,1.306640625
3305,325.971225958027,115.47948373961177,1.306884765625
3306,326.25855121711334,115.56014992445822,1.30712890625
3307,326.54571115104204,115.64114657783793,1.307373046875
3308,326.832705084098,115.72247350915785,1.3076171875
3309,327.11953234095677,115.80413052704787,1.307861328125
3310,327.40619224668603,115.88611743936116,1.30810546875
3311,327.69268412674734,115.96843405317458,1.308349609375
3312,327.9790073069975,116.05108017478915,1.30859375
3313,328.2651611136908,116.13405560973061,1.308837890625
3314,328.5511448734794,116.21736016274977,1.30908203125
3315,328.836957913416,116.30099363782293,1.309326171875
3316,329.12259956095477,116.38495583815245,1.3095703125
3317,329.4080691439533,116.4692465661671,1.309814453125
3318,329.69336599067435,116.5538656235228,1.31005859375
3319,329.97848942978675,116.63881281110261,1.310302734375
3320,330.26343879036745,116.72408792901766,1.310546875
3321,330.5482134019032,116.80969077660731,1.310791015625
3322,330.8328125942916,116.89562115243984,1.31103515625
3323,331.11723569784334,116.9818788543127,1.311279296875
3324,331.4014820432836,117.06846367925328,1.3115234375
3325,331.68555096175305,117.15537542351908,1.311767578125
3326,331.9694417848102,117.24261388259836,1.31201171875
3327,332.2531538444325,117.3301788512106,1.312255859375
3328,332.536686473018,117.41807012330702,1.3125
3329,332.8200390033869,117.50628749207081,1.312744140625
3330,333.1032107687837,117.5948307499182,1.31298828125
3331,333.3862011028777,117.68369968849822,1.313232421875
3332,333.66900933976524,117.77289409869371,1.3134765625
3333,333.95163481397134,117.8624137706216,1.313720703125
3334,334.23407686045067,117.95225849363337,1.31396484375
3335,334.5163348145902,118.04242805631588,1.314208984375
3336,334.79840801220956,118.13292224649132,1.314453125
3337,335.08029578956325,118.22374085121817,1.314697265625
3338,335.36199748334207,118.31488365679144,1.31494140625
3339,335.6435124306748,118.40635044874332,1.315185546875
3340,335.92483996912927,118.49814101184359,1.3154296875
3341,336.2059794367151,118.59025513010022,1.315673828125
3342,336.48693017188367,118.68269258675983,1.31591796875
3343,336.76769151353085,118.77545316430806,1.316162109375
3344,337.04826280099803,118.86853664447042,1.31640625
3345,337.3286433740737,118.96194280821234,1.316650390625
3346,337.60883257299565,119.05567143574027,1.31689453125
3347,337.8888297384515,119.14972230650156,1.317138671875
3348,338.16863421158075,119.24409519918552,1.3173828125
3349,338.4482453339766,119.33878989172356,1.317626953125
3350,338.72766244768695,119.43380616128994,1.31787109375
3351,339.0068848952162,119.52914378430214,1.318115234375
3352,339.28591201952736,119.62480253642164,1.318359375
3353,339.5647431640424,119.72078219255405,1.318603515625
3354,339.8433776726448,119.81708252685007,1.31884765625
3355,340.12181488968054,119.91370331270562,1.319091796875
3356,340.40005415995984,120.01064432276266,1.3193359375
3357,340.67809482875913,120.10790532890971,1.319580078125
3358,340.95593624182175,120.20548610228215,1.31982421875
3359,341.2335777453599,120.30338641326307,1.320068359375
3360,341.51101868605645,120.40160603148351,1.3203125
3361,341.78825841106595,120.50014472582325,1.320556640625
3362,342.0652962680164,120.59900226441115,1.32080078125
3363,342.3421316050114,120.698178414626,1.321044921875
3364,342.6187637706304,120.79767294309667,1.3212890625
3365,342.89519211393116,120.89748561570298,1.321533203125
3366,343.17141598445113,120.99761619757598,1.32177734375
3367,343.4474347322087,121.09806445309874,1.322021484375
3368,343.72324770770547,121.1988301459069,1.322265625
3369,343.9988542619266,121.299913038889,1.322509765625
3370,344.27425374634333,121.40131289418724,1.32275390625
3371,344.549445512914,121.50302947319798,1.322998046875
3372,344.8244289140859,121.60506253657226,1.3232421875
3373,345.09920330279624,121.70741184421635,1.323486328125
3374,345.3737680324748,121.81007715529259,1.32373046875
3375,345.64812245704394,121.91305822821948,1.323974609375
3376,345.9222659309213,122.01635482067269,1.32421875
3377,346.1961978090208,122.11996668958531,1.324462890625
3378,346.4699174467541,122.22389359114857,1.32470703125
3379,346.7434242000327,122.32813528081249,1.324951171875
3380,347.0167174252687,122.4326915132863,1.3251953125
3381,347.2897964793768,122.53756204253907,1.325439453125
3382,347.56266071977547,122.64274662180031,1.32568359375
3383,347.8353095043889,122.74824500356056,1.325927734375
3384,348.1077421916479,122.85405693957188,1.326171875
3385,348.3799581404925,122.96018218084865,1.326416015625
3386,348.651956710372,123.0666204776679,1.32666015625
3387,348.92373726124754,123.17337157957002,1.326904296875
3388,349.1952991535933,123.28043523535933,1.3271484375
3389,349.4666417483976,123.38781119310471,1.327392578125
3390,349.7377644071655,123.49549920014022,1.32763671875
3391,350.0086664919191,123.60349900306556,1.327880859375
3392,350.2793473651995,123.71181034774673,1.328125
3393,350.54980639006857,123.8204329793167,1.328369140625
3394,350.82004293011005,123.92936664217589,1.32861328125
3395,351.09005634943105,124.03861107999285,1.328857421875
3396,351.3598460126644,124.14816603570495,1.3291015625
3397,351.62941128496857,124.25803125151876,1.329345703125
3398,351.8987515320306,124.36820646891081,1.32958984375
3399,352.16786612006683,124.47869142862814,1.329833984375
3400,352.43675441582445,124.58948587068895,1.330078125
3401,352.70541578658367,124.70058953438334,1.330322265625
3402,352.9738496001582,124.81200215827357,1.33056640625
3403,353.2420552248973,124.92372348019498,1.330810546875
3404,353.5100320296872,125.0357532372565,1.3310546875
3405,353.7777793839527,125.1480911658413,1.331298828125
3406,354.0452966576581,125.26073700160731,1.33154296875
3407,354.3125832213099,125.37369047948815,1.331787109375
3408,354.5796384459568,125.48695133369327,1.33203125
3409,354.84646170319195,125.60051929770898,1.332275390625
3410,355.11305236515454,125.71439410429889,1.33251953125
3411,355.37940980453084,125.82857548550447,1.332763671875
3412,355.6455333945563,125.94306317264608,1.3330078125
3413,355.91142250901635,126.05785689632305,1.333251953125
3414,356.17707652224817,126.17295638641463,1.33349609375
3415,356.44249480914215,126.28836137208063,1.333740234375
3416,356.70767674514354,126.40407158176203,1.333984375
3417,356.97262170625345,126.52008674318134,1.334228515625
3418,357.23732906903103,126.6364065833439,1.33447265625
3419,357.50179821059413,126.75303082853779,1.334716796875
3420,357.7660285086214,126.86995920433489,1.3349609375
3421,358.0300193413534,126.98719143559148,1.335205078125
3422,358.293770087594,127.1047272464487,1.33544921875
3423,358.5572801267125,127.22256636033356,1.335693359375
3424,358.8205488386443,127.34070849995916,1.3359375
3425,359.0835756038926,127.4591533873257,1.336181640625
3426,359.34635980353,127.57790074372082,1.33642578125
3427,359.6089008191999,127.6969502897206,1.336669921875
3428,359.8711980331178,127.81630174518989,1.3369140625
3429,360.13325082807336,127.93595482928328,1.337158203125
3430,360.39505858743087,128.05590926044545,1.33740234375
3431,360.65662069513127,128.17616475641202,1.337646484375
3432,360.9179365356938,128.29672103421024,1.337890625
3433,361.1790054942168,128.41757781015943,1.338134765625
3434,361.4398269563802,128.5387347998721,1.33837890625
3435,361.70040030844564,128.66019171825405,1.338623046875
3436,361.96072493725893,128.7819482795054,1.3388671875
3437,362.22080023025103,128.90400419712125,1.339111328125
3438,362.4806255754396,129.02635918389223,1.33935546875
3439,362.74020036143054,129.1490129519051,1.339599609375
3440,362.99952397741936,129.27196521254393,1.33984375
3441,363.2585958131926,129.39521567649,1.340087890625
3442,363.5174152591291,129.5187640537232,1.34033203125
3443,363.7759817062017,129.6426100535221,1.340576171875
3444,364.03429454597847,129.76675338446518,1.3408203125
3445,364.2923531706246,129.89119375443124,1.341064453125
3446,364.55015697290315,130.01593087060007,1.34130859375
3447,364.80770534617676,130.14096443945309,1.341552734375
3448,365.06499768440926,130.2662941667743,1.341796875
3449,365.32203338216704,130.39191975765073,1.342041015625
3450,365.57881183461996,130.51784091647318,1.34228515625
3451,365.8353324375439,130.64405734693707,1.342529296875
3452,366.0915945873209,130.77056875204298,1.3427734375
3453,366.3475976809415,130.89737483409726,1.343017578125
3454,366.60334111600554,131.02447529471306,1.34326171875
3455,366.85882429072393,131.1518698348105,1.343505859375
3456,367.1140466039204,131.2795581546182,1.34375
3457,367.369007455032,131.40753995367305,1.343994140625
3458,367.6237062441112,131.53581493082152,1.34423828125
3459,367.8781423718272,131.66438278422027,1.344482421875
3460,368.13231523946723,131.79324321133663,1.3447265625
3461,368.3862242489378,131.9223959089496,1.344970703125
3462,368.6398688027668,132.05184057315046,1.34521484375
3463,368.89324830410385,132.18157689934336,1.345458984375
3464,369.1463621567226,132.31160458224622,1.345703125
3465,369.39920976502174,132.4419233158913,1.345947265625
3466,369.6517905340262,132.572532793626,1.34619140625
3467,369.90410386938936,132.70343270811372,1.346435546875
3468,370.1561491773934,132.83462275133428,1.3466796875
3469,370.4079258649514,132.9661026145848,1.346923828125
3470,370.6594333396084,133.09787198848045,1.34716796875
3471,370.9106710095432,133.22993056295522,1.347412109375
3472,371.161638283569,133.3622780272624,1.34765625
3473,371.41233457113583,133.4949140699758,1.347900390625
3474,371.6627592823311,133.6278383789899,1.34814453125
3475,371.91291182788115,133.76105064152102,1.348388671875
3476,372.1627916191529,133.89455054410774,1.3486328125
3477,372.412398068155,134.0283377726119,1.348876953125
3478,372.6617305875396,134.16241201221936,1.34912109375
3479,372.91078859060303,134.2967729474404,1.349365234375
3480,373.15957149128775,134.43142026211075,1.349609375
3481,373.4080787041836,134.56635363939233,1.349853515625
3482,373.6563096445291,134.70157276177378,1.35009765625
3483,373.9042637282127,134.83707731107143,1.350341796875
3484,374.1519403717748,134.97286696843008,1.3505859375
3485,374.39933899240816,135.10894141432354,1.350830078125
3486,374.64645900795995,135.24530032855546,1.35107421875
3487,374.8932998369329,135.38194339026015,1.351318359375
3488,375.1398608984866,135.5188702779032,1.3515625
3489,375.38614161243925,135.6560806692826,1.351806640625
3490,375.6321413992684,135.79357424152894,1.35205078125
3491,375.8778596801129,135.93135067110657,1.352294921875
3492,376.1232958767738,136.06940963381425,1.3525390625
3493,376.368449411716,136.2077508047859,1.352783203125
3494,376.6133197080696,136.3463738584913,1.35302734375
3495,376.85790618963114,136.48527846873716,1.353271484375
3496,377.10220828086506,136.62446430866743,1.353515625
3497,377.34622540690486,136.76393105076446,1.353759765625
3498,377.5899569935548,136.90367836684945,1.35400390625
3499,377.8334024672905,137.0437059280834,1.354248046875
3500,378.0765612552618,137.1840134049681,1.3544921875
3501,378.31943278529235,137.32460046734644,1.354736328125
3502,378.56201648588194,137.46546678440347,1.35498046875
3503,378.8043117862077,137.60661202466716,1.355224609375
3504,379.0463181161254,137.7480358560091,1.35546875
3505,379.28803490617065,137.88973794564527,1.355712890625
3506,379.5294615875607,138.0317179601371,1.35595703125
3507,379.77059759219526,138.1739755653919,1.356201171875
3508,380.0114423526578,138.3165104266637,1.3564453125
3509,380.25199530221755,138.45932220855428,1.356689453125
3510,380.4922558748299,138.6024105750136,1.35693359375
3511,380.73222350513885,138.74577518934103,1.357177734375
3512,380.9718976284772,138.8894157141858,1.357421875
3513,381.21127768086865,139.0333318115478,1.357666015625
3514,381.45036309902883,139.17752314277863,1.35791015625
3515,381.6891533203666,139.32198936858208,1.358154296875
3516,381.92764778298533,139.46673014901506,1.3583984375
3517,382.16584592568483,139.61174514348883,1.358642578125
3518,382.40374718796176,139.7570340107689,1.35888671875
3519,382.6413510100114,139.9025964089766,1.359130859375
3520,382.8786568327291,140.04843199558945,1.359375
3521,383.11566409771115,140.1945404274423,1.359619140625
3522,383.35237224725677,140.3409213607279,1.35986328125
3523,383.58878072436875,140.48757445099778,1.360107421875
3524,383.8248889727551,140.63449935316305,1.3603515625
3525,384.0606964368303,140.78169572149517,1.360595703125
3526,384.29620256171665,140.92916320962695,1.36083984375
3527,384.5314067932453,141.07690147055303,1.361083984375
3528,384.7663085779582,141.22491015663113,1.361328125
3529,385.00090736310875,141.3731889195825,1.361572265625
3530,385.23520259666327,141.5217374104928,1.36181640625
3531,385.46919372730247,141.6705552798132,1.362060546875
3532,385.7028802044224,141.81964217736066,1.3623046875
3533,385.93626147813654,141.9689977523196,1.362548828125
3534,386.16933699927614,142.11862165324177,1.36279296875
3535,386.4021062193919,142.2685135280477,1.363037109375
3536,386.63456859075535,142.41867302402733,1.36328125
3537,386.8667235663601,142.56909978784086,1.363525390625
3538,387.098570599923,142.71979346551947,1.36376953125
3539,387.33010914588573,142.87075370246657,1.364013671875
3540,387.5613386594157,143.0219801434581,1.3642578125
3541,387.79225859640746,143.1734724326436,1.364501953125
3542,388.0228684134841,143.32523021354706,1.36474609375
3543,388.25316756799833,143.4772531290677,1.364990234375
3544,388.4831555180343,143.62954082148104,1.365234375
3545,388.71283172240794,143.78209293243944,1.365478515625
3546,388.94219564066896,143.93490910297297,1.36572265625
3547,389.17124673310195,144.08798897349044,1.365966796875
3548,389.3999844607275,144.24133218378012,1.3662109375
3549,389.62840828530364,144.39493837301058,1.366455078125
3550,389.85651766932716,144.5488071797317,1.36669921875
3551,390.0843120760346,144.70293824187533,1.366943359375
3552,390.31179096940366,144.85733119675615,1.3671875
3553,390.5389538141546,145.0119856810726,1.367431640625
3554,390.76580007575114,145.16690133090765,1.36767578125
3555,390.9923292204023,145.32207778173006,1.367919921875
3556,391.2185407150631,145.47751466839446,1.3681640625
3557,391.44443402743605,145.63321162514296,1.368408203125
3558,391.6700086259723,145.7891682856055,1.36865234375
3559,391.89526397987305,145.94538428280097,1.368896484375
3560,392.12019955909057,146.10185924913804,1.369140625
3561,392.3448148343299,146.25859281641607,1.369384765625
3562,392.56910927704956,146.41558461582585,1.36962890625
3563,392.7930823594631,146.57283427795045,1.369873046875
3564,393.0167335545401,146.73034143276624,1.3701171875
3565,393.24006233600767,146.88810570964358,1.370361328125
3566,393.4630681783517,147.04612673734806,1.37060546875
3567,393.68575055681805,147.20440414404084,1.370849609375
3568,393.9081089474133,147.36293755727996,1.37109375
3569,394.13014282690693,147.5217266040209,1.371337890625
3570,394.3518516728316,147.68077091061775,1.37158203125
3571,394.5732349634849,147.84007010282374,1.371826171875
3572,394.79429217793074,147.99962380579274,1.3720703125
3573,395.01502279600015,148.1594316440793,1.372314453125
3574,395.23542629829257,148.31949324164023,1.37255859375
3575,395.4555021661773,148.47980822183507,1.372802734375
3576,395.67524988179446,148.64037620742715,1.373046875
3577,395.8946689280567,148.80119682058458,1.373291015625
3578,396.11375878864965,148.96226968288096,1.37353515625
3579,396.3325189480337,149.12359441529614,1.373779296875
3580,396.55094889144505,149.28517063821755,1.3740234375
3581,396.769048104897,149.44699797144068,1.374267578125
3582,396.9868160751809,149.6090760341701,1.37451171875
3583,397.2042522898679,149.77140444502066,1.374755859375
3584,397.4213562373095,149.93398282201787,1.375
3585,397.63812740663906,150.09681078259902,1.375244140625
3586,397.85456528777314,150.25988794361427,1.37548828125
3587,398.07066937141235,150.4232139213272,1.375732421875
3588,398.2864391490432,150.58678833141616,1.3759765625
3589,398.5018741129384,150.7506107889747,1.376220703125
3590,398.7169737561587,150.91468090851274,1.37646484375
3591,398.93173757255386,151.07899830395743,1.376708984375
3592,399.1461650567638,151.2435625886541,1.376953125
3593,399.3602557042198,151.40837337536695,1.377197265625
3594,399.5740090111463,151.57343027628053,1.37744140625
3595,399.78742447456085,151.73873290299986,1.377685546875
3596,400.00050159227635,151.90428086655191,1.3779296875
3597,400.2132398629017,152.0700737773863,1.378173828125
3598,400.425638785843,152.23611124537626,1.37841796875
3599,400.6376978613054,152.40239287981976,1.378662109375
3600,400.84941659029334,152.56891828943992,1.37890625
3601,401.0607944746121,152.73568708238642,1.379150390625
3602,401.2718310168692,152.90269886623614,1.37939453125
3603,401.48252572047517,153.06995324799425,1.379638671875
3604,401.692878089645,153.2374498340949,1.3798828125
3605,401.90288762939934,153.40518823040264,1.380126953125
3606,402.11255384556546,153.57316804221279,1.38037109375
3607,402.32187624477854,153.74138887425252,1.380615234375
3608,402.53085433448257,153.90985033068205,1.380859375
3609,402.73948762293196,154.07855201509517,1.381103515625
3610,402.9477756191926,154.24749353052073,1.38134765625
3611,403.15571783314266,154.4166744794229,1.381591796875
3612,403.36331377547396,154.58609446370258,1.3818359375
3613,403.5705629576932,154.7557530846982,1.382080078125
3614,403.777464892123,154.9256499431866,1.38232421875
3615,403.9840190919032,155.09578463938402,1.382568359375
3616,404.1902250709918,155.2661567729472,1.3828125
3617,404.3960823441662,155.436765942974,1.383056640625
3618,404.60159042702435,155.6076117480046,1.38330078125
3619,404.8067488359859,155.77869378602225,1.383544921875
3620,405.0115570882931,155.9500116544543,1.3837890625
3621,405.21601470201267,156.12156495017348,1.384033203125
3622,405.420121196036,156.29335326949823,1.38427734375
3623,405.62387609008067,156.46537620819402,1.384521484375
3624,405.82727890469187,156.63763336147423,1.384765625
3625,406.030329161243,156.8101243240012,1.385009765625
3626,406.2330263819372,156.98284868988685,1.38525390625
3627,406.4353700898085,157.15580605269434,1.385498046875
3628,406.63735980872247,157.32899600543817,1.3857421875
3629,406.83899506337787,157.50241814058563,1.385986328125
3630,407.04027537930733,157.6760720500577,1.38623046875
3631,407.2412002828788,157.84995732522987,1.386474609375
3632,407.44176930129686,158.02407355693344,1.38671875
3633,407.64198196260304,158.19842033545603,1.386962890625
3634,407.84183779567763,158.37299725054285,1.38720703125
3635,408.0413363302405,158.5478038913975,1.387451171875
3636,408.2404770968524,158.72283984668314,1.3876953125
3637,408.4392596269157,158.89810470452312,1.387939453125
3638,408.63768345267624,159.07359805250252,1.38818359375
3639,408.8357481072233,159.2493194776684,1.388427734375
3640,409.03345312449176,159.42526856653126,1.388671875
3641,409.2307980392626,159.601444905066,1.388916015625
3642,409.42778238716403,159.77784807871245,1.38916015625
3643,409.624405704673,159.9544776723772,1.389404296875
3644,409.8206675291159,160.1313332704336,1.3896484375
3645,410.01656739866957,160.30841445672337,1.389892578125
3646,410.21210485236276,160.48572081455737,1.39013671875
3647,410.4072794300769,160.6632519267166,1.390380859375
3648,410.6020906725473,160.8410073754531,1.390625
3649,410.7965381213645,161.01898674249136,1.390869140625
3650,410.9906213189747,161.1971896090286,1.39111328125
3651,411.18433980868156,161.37561555573632,1.391357421875
3652,411.3776931346465,161.55426416276094,1.3916015625
3653,411.5706808418905,161.73313500972503,1.391845703125
3654,411.76330247629517,161.91222767572833,1.39208984375
3655,411.95555758460284,162.09154173934843,1.392333984375
3656,412.14744571441884,162.27107677864203,1.392578125
3657,412.3389664142119,162.45083237114582,1.392822265625
3658,412.5301192333152,162.63080809387753,1.39306640625
3659,412.7209037219276,162.8110035233368,1.393310546875
3660,412.911319431115,162.9914182355066,1.3935546875
3661,413.10136591281076,163.17205180585353,1.393798828125
3662,413.29104271981714,163.3529038093294,1.39404296875
3663,413.4803494058063,163.53397382037195,1.394287109375
3664,413.6692855253212,163.71526141290587,1.39453125
3665,413.85785063377705,163.89676616034416,1.394775390625
3666,414.046044287462,164.07848763558852,1.39501953125
3667,414.233866043538,164.2604254110307,1.395263671875
3668,414.4213154600425,164.44257905855358,1.3955078125
3669,414.60839209588875,164.62494814953203,1.395751953125
3670,414.7950955108673,164.8075322548339,1.39599609375
3671,414.9814252656473,164.99033094482127,1.396240234375
3672,415.16738092177667,165.17334378935115,1.396484375
3673,415.3529620416838,165.3565703577766,1.396728515625
3674,415.53816818867824,165.54001021894777,1.39697265625
3675,415.7229989269521,165.72366294121292,1.397216796875
3676,415.90745382158093,165.90752809241962,1.3974609375
3677,416.0915324385245,166.09160523991528,1.397705078125
3678,416.275234344628,166.27589395054864,1.39794921875
3679,416.45855910762316,166.46039379067054,1.398193359375
3680,416.641506296129,166.64510432613503,1.3984375
3681,416.82407547965306,166.83002512230027,1.398681640625
3682,417.00626622859266,167.01515574402998,1.39892578125
3683,417.1880781142352,167.20049575569385,1.399169921875
3684,417.36951070875983,167.38604472116884,1.3994140625
3685,417.5505635852381,167.57180220384043,1.399658203125
3686,417.73123631763497,167.75776776660314,1.39990234375
3687,417.91152848081015,167.94394097186222,1.400146484375
3688,418.0914396505189,168.13032138153415,1.400390625
3689,418.2709694034127,168.31690855704767,1.400634765625
3690,418.45011731704074,168.50370205934524,1.40087890625
3691,418.6288829698507,168.6907014488837,1.401123046875
3692,418.8072659411896,168.87790628563525,1.4013671875
3693,418.9852658113053,169.06531612908907,1.401611328125
3694,419.1628821613467,169.25293053825163,1.40185546875
3695,419.34011457336555,169.44074907164807,1.402099609375
3696,419.51696263031675,169.62877128732322,1.40234375
3697,419.69342591605965,169.81699674284255,1.402587890625
3698,419.8695040153593,170.0054249952936,1.40283203125
3699,420.0451965138869,170.19405560128638,1.403076171875
3700,420.2205029982209,170.3828881169549,1.4033203125
3701,420.3954230558483,170.57192209795792,1.403564453125
3702,420.5699562751653,170.7611570994803,1.40380859375
3703,420.7441022454782,170.9505926762336,1.404052734375
3704,420.91786055700504,171.14022838245796,1.404296875
3705,421.09123080087545,171.33006377192206,1.404541015625
3706,421.2642125691327,171.52009839792487,1.40478515625
3707,421.4368054547338,171.7103318132966,1.405029296875
3708,421.6090090515511,171.9007635703995,1.4052734375
3709,421.7808229543729,172.09139322112952,1.405517578125
3710,421.95224675890455,172.28222031691655,1.40576171875
3711,422.12328006176926,172.47324440872598,1.406005859375
3712,422.29392246050907,172.66446504705968,1.40625
3713,422.46417355358597,172.855881781957,1.406494140625
3714,422.63403294038255,173.0474941629958,1.40673828125
3715,422.8035002212036,173.23930173929384,1.406982421875
3716,422.97257499727596,173.43130405950924,1.4072265625
3717,423.1412568707505,173.62350067184204,1.407470703125
3718,423.3095454447024,173.81589112403498,1.40771484375
3719,423.4774403231323,174.00847496337468,1.407958984375
3720,423.6449411109676,174.201251736693,1.408203125
3721,423.8120474140625,174.3942209903674,1.408447265625
3722,423.9787588391999,174.58738227032262,1.40869140625
3723,424.1450749940916,174.7807351220315,1.408935546875
3724,424.3109954873797,174.9742790905161,1.4091796875
3725,424.4765199286371,175.16801372034865,1.409423828125
3726,424.641647928369,175.36193855565313,1.40966796875
3727,424.8063790980133,175.5560531401055,1.409912109375
3728,424.9707130499414,175.75035701693542,1.41015625
3729,425.13464939745984,175.94484972892707,1.410400390625
3730,425.29818775481033,176.1395308184202,1.41064453125
3731,425.4613277371716,176.3343998273117,1.410888671875
3732,425.62406896065943,176.52945629705576,1.4111328125
3733,425.7864110423279,176.72469976866572,1.411376953125
3734,425.9483536001705,176.9201297827148,1.41162109375
3735,426.1098962531207,177.11574587933734,1.411865234375
3736,426.271038621053,177.3115475982296,1.412109375
3737,426.4317803247839,177.50753447865148,1.412353515625
3738,426.5921209860727,177.70370605942682,1.41259765625
3739,426.7520602276222,177.9000618789449,1.412841796875
3740,426.9115976730801,178.09660147516158,1.4130859375
3741,427.0707329470391,178.29332438560002,1.413330078125
3742,427.22946567503885,178.49023014735246,1.41357421875
3743,427.3877954835657,178.6873182970805,1.413818359375
3744,427.5457220000544,178.88458837101672,1.4140625
3745,427.7032448528886,179.08203990496554,1.414306640625
3746,427.86036367140173,179.27967243430447,1.41455078125
3747,428.017078085878,179.47748549398491,1.414794921875
3748,428.1733877275534,179.67547861853387,1.4150390625
3749,428.3292922286162,179.87365134205433,1.415283203125
3750,428.48479122220806,180.0720031982267,1.41552734375
3751,428.6398843424248,180.27053372030988,1.415771484375
3752,428.7945712243173,180.46924244114228,1.416015625
3753,428.94885150389246,180.66812889314332,1.416259765625
3754,429.10272481811376,180.86719260831384,1.41650390625
3755,429.2561908049026,181.06643311823768,1.416748046875
3756,429.40924910313856,181.26584995408274,1.4169921875
3757,429.5618993526607,181.46544264660184,1.417236328125
3758,429.7141411942681,181.66521072613403,1.41748046875
3759,429.86597426972133,181.865153722606,1.417724609375
3760,430.01739822174227,182.06527116553235,1.41796875
3761,430.1684126940158,182.26556258401752,1.418212890625
3762,430.31901733119025,182.46602750675635,1.41845703125
3763,430.4692117788783,182.66666546203544,1.418701171875
3764,430.618995683658,182.86747597773456,1.4189453125
3765,430.76836869307334,183.06845858132698,1.419189453125
3766,430.91733045563524,183.26961279988132,1.41943359375
3767,431.06588062082216,183.4709381600622,1.419677734375
3768,431.21401883908135,183.6724341881316,1.419921875
3769,431.3617447618291,183.87410040994985,1.420166015625
3770,431.50905804145225,184.07593635097697,1.42041015625
3771,431.6559583313083,184.2779415362735,1.420654296875
3772,431.80244528572666,184.48011549050167,1.4208984375
3773,431.9485185600095,184.68245773792663,1.421142578125
3774,432.0941778104321,184.8849678024174,1.42138671875
3775,432.23942269424435,185.08764520744853,1.421630859375
3776,432.38425286967095,185.2904894761003,1.421875
3777,432.52866799591254,185.4935001310606,1.422119140625
3778,432.67266773314634,185.6966766946258,1.42236328125
3779,432.816251742527,185.90001868870175,1.422607421875
3780,432.9594196861875,186.103525634805,1.4228515625
3781,433.10217122724,186.30719705406426,1.423095703125
3782,433.2445060297761,186.51103246722096,1.42333984375
3783,433.38642375886843,186.71503139463056,1.423583984375
3784,433.52792408057076,186.919193356264,1.423828125
3785,433.6690066619192,187.12351787170832,1.424072265625
3786,433.80967117093286,187.32800446016836,1.42431640625
3787,433.94991727661454,187.53265264046735,1.424560546875
3788,434.0897446489515,187.73746193104841,1.4248046875
3789,434.22915295891664,187.94243184997543,1.425048828125
3790,434.3681418784686,188.14756191493439,1.42529296875
3791,434.50671108055286,188.35285164323435,1.425537109375
3792,434.644860239103,188.55830055180894,1.42578125
3793,434.78258902904065,188.76390815721697,1.426025390625
3794,434.9198971262765,188.96967397564384,1.42626953125
3795,435.05678420771153,189.17559752290276,1.426513671875
3796,435.19324995123696,189.38167831443553,1.4267578125
3797,435.329294035736,189.58791586531441,1.427001953125
3798,435.4649161410836,189.79430969024244,1.42724609375
3799,435.60011594814796,190.000859303555,1.427490234375
3800,435.73489313879077,190.20756421922084,1.427734375
3801,435.86924739586834,190.4144239508434,1.427978515625
3802,436.003178403232,190.6214380116616,1.42822265625
3803,436.13668584572935,190.8286059145516,1.428466796875
3804,436.2697694092044,191.0359271720272,1.4287109375
3805,436.40242878049867,191.2434012962414,1.428955078125
3806,436.5346636474518,191.4510277989876,1.42919921875
3807,436.66647369890234,191.65880619170048,1.429443359375
3808,436.7978586246886,191.86673598545764,1.4296875
3809,436.92881811564916,192.07481669098001,1.429931640625
3810,437.05935186362376,192.28304781863363,1.43017578125
3811,437.1894595614537,192.49142887843058,1.430419921875
3812,437.3191409029831,192.69995938003007,1.4306640625
3813,437.4483955830591,192.90863883273954,1.430908203125
3814,437.57722329753324,193.11746674551634,1.43115234375
3815,437.7056237432612,193.32644262696812,1.431396484375
3816,437.8335966181045,193.53556598535442,1.431640625
3817,437.96114162093045,193.74483632858778,1.431884765625
3818,438.08825845161334,193.95425316423473,1.43212890625
3819,438.21494681103525,194.1638159995175,1.432373046875
3820,438.34120640108597,194.37352434131435,1.4326171875
3821,438.4670369246645,194.58337769616134,1.432861328125
3822,438.59243808567965,194.7933755702532,1.43310546875
3823,438.7174095890502,195.00351746944466,1.433349609375
3824,438.8419511407061,195.21380289925145,1.43359375
3825,438.9660624475892,195.42423136485183,1.433837890625
3826,439.08974321765356,195.6348023710872,1.43408203125
3827,439.2129931598663,195.84551542246365,1.434326171875
3828,439.33581198420853,196.05637002315297,1.4345703125
3829,439.45819940167553,196.26736567699388,1.434814453125
3830,439.58015512427806,196.4785018874934,1.43505859375
3831,439.70167886504237,196.6897781578275,1.435302734375
3832,439.82277033801154,196.90119399084276,1.435546875
3833,439.9434292582455,197.1127488890573,1.435791015625
3834,440.06365534182214,197.32444235466193,1.43603515625
3835,440.1834483058378,197.53627388952145,1.436279296875
3836,440.30280786840837,197.74824299517599,1.4365234375
3837,440.421733748669,197.9603491728417,1.436767578125
3838,440.5402256667757,198.17259192341214,1.43701171875
3839,440.6582833439055,198.38497074745976,1.437255859375
3840,440.77590650225727,198.59748514523645,1.4375
3841,440.8930948650525,198.81013461667558,1.437744140625
3842,441.0098481565355,199.02291866139228,1.43798828125
3843,441.12616610197455,199.23583677868513,1.438232421875
3844,441.24204842766227,199.44888846753724,1.4384765625
3845,441.3574948609164,199.66207322661745,1.438720703125
3846,441.4725051300802,199.8753905542812,1.43896484375
3847,441.5870789645235,200.08883994857257,1.439208984375
3848,441.7012160946431,200.30242090722433,1.439453125
3849,441.8149162518631,200.51613292765987,1.439697265625
3850,441.92817916863623,200.72997550699415,1.43994140625
3851,442.04100457844385,200.94394814203494,1.440185546875
3852,442.15339221579666,201.15805032928384,1.4404296875
3853,442.26534181623606,201.37228156493796,1.440673828125
3854,442.3768531163336,201.58664134489038,1.44091796875
3855,442.48792585369245,201.80112916473186,1.441162109375
3856,442.5985597669478,202.0157445197518,1.44140625
3857,442.70875459576723,202.23048690493943,1.441650390625
3858,442.81851008085175,202.44535581498545,1.44189453125
3859,442.92782596393613,202.66035074428237,1.442138671875
3860,443.0367019877895,202.87547118692643,1.4423828125
3861,443.14513789621606,203.0907166367184,1.442626953125
3862,443.2531334340557,203.30608658716497,1.44287109375
3863,443.3606883471843,203.52158053147969,1.443115234375
3864,443.46780238251495,203.73719796258476,1.443359375
3865,443.574475287998,203.9529383731114,1.443603515625
3866,443.6807068126216,204.16880125540163,1.44384765625
3867,443.7864967064129,204.38478610150918,1.444091796875
3868,443.8918447204379,204.60089240320076,1.4443359375
3869,443.9967506068028,204.81711965195757,1.444580078125
3870,444.1012141186536,205.03346733897592,1.44482421875
3871,444.20523501017783,205.2499349551688,1.445068359375
3872,444.3088130366042,205.46652199116699,1.4453125
3873,444.41194795420347,205.68322793732028,1.445556640625
3874,444.5146395202894,205.90005228369853,1.44580078125
3875,444.61688749321866,206.11699452009333,1.446044921875
3876,444.71869163239205,206.3340541360185,1.4462890625
3877,444.82005169825453,206.55123062071186,1.446533203125
3878,444.92096745229605,206.76852346313615,1.44677734375
3879,445.02143865705204,206.98593215198014,1.447021484375
3880,445.12146507610424,207.2034561756605,1.447265625
3881,445.2210464740807,207.42109502232202,1.447509765625
3882,445.32018261665667,207.6388481798395,1.44775390625
3883,445.4188732705554,207.85671513581872,1.447998046875
3884,445.51711820354825,208.07469537759766,1.4482421875
3885,445.61491718445524,208.29278839224767,1.448486328125
3886,445.71226998314603,208.51099366657508,1.44873046875
3887,445.8091763705401,208.7293106871216,1.448974609375
3888,445.90563611860733,208.9477389401663,1.44921875
3889,446.0016490003686,209.16627791172627,1.449462890625
3890,446.09721478989627,209.3849270875582,1.44970703125
3891,446.192333262315,209.60368595315964,1.449951171875
3892,446.28700419380164,209.82255399376973,1.4501953125
3893,446.3812273615864,210.04153069437083,1.450439453125
3894,446.47500254395317,210.26061553968964,1.45068359375
3895,446.56832952023973,210.47980801419834,1.450927734375
3896,446.6612080708387,210.6991076021157,1.451171875
3897,446.7536379771981,210.91851378740893,1.451416015625
3898,446.8456190218211,211.1380260537939,1.45166015625
3899,446.93715098826766,211.35764388473706,1.451904296875
3900,447.02823366115416,211.57736676345644,1.4521484375
3901,447.1188668261542,211.79719417292276,1.452392578125
3902,447.20905026999924,212.01712559586113,1.45263671875
3903,447.29878378047897,212.23716051475157,1.452880859375
3904,447.38806714644176,212.45729841183064,1.453125
3905,447.47690015779517,212.6775387690926,1.453369140625
3906,447.5652826055066,212.8978810682906,1.45361328125
3907,447.6532142816035,213.11832479093783,1.453857421875
3908,447.7406949791743,213.33886941830917,1.4541015625
3909,447.82772449236836,213.55951443144167,1.454345703125
3910,447.91430261639687,213.7802593111363,1.45458984375
3911,448.00042914753317,214.00110353795904,1.454833984375
3912,448.08610388311314,214.22204659224195,1.455078125
3913,448.1713266215359,214.44308795408494,1.455322265625
3914,448.2560971622641,214.66422710335624,1.45556640625
3915,448.34041530582454,214.88546351969404,1.455810546875
3916,448.42428085380834,215.10679668250765,1.4560546875
3917,448.5076936088718,215.32822607097881,1.456298828125
3918,448.59065337473675,215.54975116406266,1.45654296875
3919,448.6731599561908,215.77137144048947,1.456787109375
3920,448.75521315908793,215.9930863787652,1.45703125
3921,448.8368127903492,216.2148954571732,1.457275390625
3922,448.9179586579626,216.4367981537753,1.45751953125
3923,448.99865057098407,216.65879394641286,1.457763671875
3924,449.07888833953785,216.8808823127086,1.4580078125
3925,449.15867177481675,217.10306273006702,1.458251953125
3926,449.23800068908247,217.32533467567612,1.45849609375
3927,449.3168748956666,217.54769762650858,1.458740234375
3928,449.3952942089704,217.77015105932284,1.458984375
3929,449.47325844446567,217.9926944506644,1.459228515625
3930,449.55076741869505,218.2153272768674,1.45947265625
3931,449.62782094927246,218.4380490140552,1.459716796875
3932,449.70441885488344,218.66085913814197,1.4599609375
3933,449.78056095528575,218.883757124834,1.460205078125
3934,449.85624707130967,219.10674244963073,1.46044921875
3935,449.9314770248585,219.32981458782632,1.460693359375
3936,450.0062506389088,219.55297301451037,1.4609375
3937,450.08056773751105,219.77621720456958,1.461181640625
3938,450.15442814579006,219.99954663268878,1.46142578125
3939,450.22783168994505,220.22296077335227,1.461669921875
3940,450.30077819725034,220.44645910084483,1.4619140625
3941,450.37326749605586,220.67004108925363,1.462158203125
3942,450.44529941578725,220.89370621246846,1.46240234375
3943,450.51687378694646,221.1174539441837,1.462646484375
3944,450.587990441112,221.34128375789936,1.462890625
3945,450.65864921093964,221.56519512692208,1.463134765625
3946,450.72884993016237,221.78918752436707,1.46337890625
3947,450.7985924335911,222.01326042315844,1.463623046875
3948,450.8678765571152,222.23741329603106,1.4638671875
3949,450.9367021377021,222.4616456155315,1.464111328125
3950,451.00506901339884,222.6859568540195,1.46435546875
3951,451.07297702333136,222.9103464836689,1.464599609375
3952,451.1404260077057,223.13481397646947,1.46484375
3953,451.2074158078078,223.35935880422744,1.465087890625
3954,451.27394626600426,223.58398043856707,1.46533203125
3955,451.3400172257424,223.80867835093198,1.465576171875
3956,451.40562853155086,224.0334520125862,1.4658203125
3957,451.47078002904,224.2583008946158,1.466064453125
3958,451.53547156490197,224.48322446792952,1.46630859375
3959,451.59970298691144,224.70822220326045,1.466552734375
3960,451.66347414392555,224.9332935711672,1.466796875
3961,451.7267848858846,225.15843804203513,1.467041015625
3962,451.7896350638124,225.3836550860774,1.46728515625
3963,451.8520245298164,225.60894417333677,1.467529296875
3964,451.91395313708813,225.83430477368617,1.4677734375
3965,451.97542073990354,226.05973635683034,1.468017578125
3966,452.03642719362347,226.28523839230698,1.46826171875
3967,452.0969723546939,226.51081034948788,1.468505859375
3968,452.15705608064604,226.7364516975807,1.46875
3969,452.21667823009733,226.96216190562942,1.468994140625
3970,452.2758386627509,227.18794044251612,1.46923828125
3971,452.3345372393966,227.4137867769621,1.469482421875
3972,452.3927738219111,227.6397003775291,1.4697265625
3973,452.4505482732578,227.86568071262047,1.469970703125
3974,452.5078604574882,228.09172725048296,1.47021484375
3975,452.5647102397411,228.31783945920702,1.470458984375
3976,452.62109748624323,228.54401680672885,1.470703125
3977,452.6770220643102,228.77025876083127,1.470947265625
3978,452.732483842346,228.99656478914497,1.47119140625
3979,452.7874826898437,229.22293435915032,1.471435546875
3980,452.8420184773858,229.44936693817763,1.4716796875
3981,452.8960910766442,229.67586199340926,1.471923828125
3982,452.9497003603808,229.90241899188044,1.47216796875
3983,453.0028462024479,230.12903740048063,1.472412109375
3984,453.05552847778824,230.35571668595475,1.47265625
3985,453.1077470624352,230.58245631490473,1.472900390625
3986,453.15950183351345,230.8092557537903,1.47314453125
3987,453.2107926692391,231.03611446893038,1.473388671875
3988,453.26161944891976,231.26303192650454,1.4736328125
3989,453.31198205295505,231.49000759255392,1.473876953125
3990,453.36188036283704,231.71704093298317,1.47412109375
3991,453.4113142611502,231.9441314135607,1.474365234375
3992,453.46028363157166,232.17127849992076,1.474609375
3993,453.5087883588718,232.39848165756428,1.474853515625
3994,453.55682832891443,232.62574035186023,1.47509765625
3995,453.6044034286567,232.8530540480469,1.475341796875
3996,453.6515135461499,233.08042221123344,1.4755859375
3997,453.6981585705393,233.30784430640043,1.475830078125
3998,453.7443383920647,233.53531979840176,1.47607421875
3999,453.7900529020606,233.7628481519656,1.476318359375
4000,453.83530199295615,233.99042883169565,1.4765625
4001,453.88008555827605,234.2180613020728,1.476806640625
4002,453.9244034926402,234.44574502745579,1.47705078125
4003,453.9682556917641,234.67347947208276,1.477294921875
4004,454.0116420524594,234.9012641000726,1.4775390625
4005,454.05456247263385,235.1290983754261,1.477783203125
4006,454.0970168512914,235.356981762027,1.47802734375
4007,454.13900508853294,235.584913723644,1.478271484375
4008,454.18052708555604,235.81289372393104,1.478515625
4009,454.2215827446554,236.04092122642913,1.478759765625
4010,454.2621719692231,236.26899569456754,1.47900390625
4011,454.30229466374874,236.4971165916649,1.479248046875
4012,454.3419507338199,236.72528338093096,1.4794921875
4013,454.38114008612183,236.95349552546708,1.479736328125
4014,454.4198626284383,237.18175248826805,1.47998046875
4015,454.45811826965144,237.41005373222316,1.480224609375
4016,454.49590691974197,237.6383987201176,1.48046875
4017,454.5332284897896,237.86678691463337,1.480712890625
4018,454.570082891973,238.09521777835124,1.48095703125
4019,454.60647003957024,238.32369077375122,1.481201171875
4020,454.6423898469589,238.55220536321428,1.4814453125
4021,454.6778422296161,238.7807610090235,1.481689453125
4022,454.71282710411907,239.00935717336526,1.48193359375
4023,454.74734438814494,239.23799331833095,1.482177734375
4024,454.7813940004712,239.4666689059175,1.482421875
4025,454.8149758609759,239.69538339802918,1.482666015625
4026,454.84808989063754,239.92413625647868,1.48291015625
4027,454.8807360115358,240.15292694298844,1.483154296875
4028,454.9129141468511,240.38175491919174,1.4833984375
4029,454.94462422086514,240.6106196466345,1.483642578125
4030,454.97586615896114,240.8395205867758,1.48388671875
4031,455.0066398876237,241.0684572009896,1.484130859375
4032,455.0369453344394,241.29742895056592,1.484375
4033,455.0667824280964,241.526435296712,1.484619140625
4034,455.09615109838535,241.7554757005541,1.48486328125
4035,455.12505127619886,241.98454962313778,1.485107421875
4036,455.153482893532,242.21365652543005,1.4853515625
4037,455.18144588348235,242.44279586832025,1.485595703125
4038,455.20894018025035,242.67196711262133,1.48583984375
4039,455.23596571913936,242.9011697190711,1.486083984375
4040,455.2625224365556,243.13040314833395,1.486328125
4041,455.2886102700085,243.35966686100136,1.486572265625
4042,455.31422915811095,243.58896031759363,1.48681640625
4043,455.3393790405792,243.81828297856114,1.487060546875
4044,455.36405985823313,244.0476343042854,1.4873046875
4045,455.3882715529964,244.2770137550808,1.487548828125
4046,455.4120140678966,244.50642079119524,1.48779296875
4047,455.43528734706524,244.73585487281179,1.488037109375
4048,455.458091335738,244.96531546004988,1.48828125
4049,455.48042598025506,245.19480201296662,1.488525390625
4050,455.5022912280607,245.42431399155782,1.48876953125
4051,455.5236870277039,245.65385085575994,1.489013671875
4052,455.5446133288383,245.88341206545036,1.4892578125
4053,455.5650700822223,246.11299708044942,1.489501953125
4054,455.58505723971916,246.3426053605214,1.48974609375
4055,455.60457475429723,246.5722363653757,1.489990234375
4056,455.62362258002986,246.80188955466863,1.490234375
4057,455.64220067209567,247.03156438800397,1.490478515625
4058,455.66030898677855,247.26126032493463,1.49072265625
4059,455.67794748146804,247.49097682496384,1.490966796875
4060,455.69511611465896,247.72071334754654,1.4912109375
4061,455.71181484595184,247.95046935209035,1.491455078125
4062,455.72804363605303,248.18024429795744,1.49169921875
4063,455.74380244677457,248.41003764446506,1.491943359375
4064,455.75909124103447,248.6398488508873,1.4921875
4065,455.7739099828567,248.8696773764561,1.492431640625
4066,455.78825863737137,249.0995226803627,1.49267578125
4067,455.80213717081466,249.32938422175914,1.492919921875
4068,455.81554555052907,249.55926145975883,1.4931640625
4069,455.82848374496336,249.78915385343848,1.493408203125
4070,455.8409517236728,250.01906086183902,1.49365234375
4071,455.8529494573189,250.24898194396712,1.493896484375
4072,455.8644769176699,250.4789165587961,1.494140625
4073,455.8755340776006,250.70886416526784,1.494384765625
4074,455.88612091109235,250.93882422229333,1.49462890625
4075,455.8962373932334,251.1687961887543,1.494873046875
4076,455.90588350021864,251.39877952350452,1.4951171875
4077,455.9150592093498,251.62877368537085,1.495361328125
4078,455.92376449903577,251.85877813315506,1.49560546875
4079,455.9319993487918,252.08879232563436,1.495849609375
4080,455.93976373924085,252.31881572156314,1.49609375
4081,455.94705765211233,252.5488477796741,1.496337890625
4082,455.953881070243,252.7788879586796,1.49658203125
4083,455.9602339775769,253.00893571727275,1.496826171875
4084,455.9661163591647,253.23899051412923,1.4970703125
4085,455.9715282011648,253.4690518079077,1.497314453125
4086,455.97646949084253,253.69911905725178,1.49755859375
4087,455.9809402165706,253.92919172079095,1.497802734375
4088,455.9849403678289,254.15926925714191,1.498046875
4089,455.98846993520476,254.38935112491026,1.498291015625
4090,455.9915289103928,254.61943678269097,1.49853515625
4091,455.99411728619486,254.8495256890703,1.498779296875
4092,455.9962350565202,255.07961730262681,1.4990234375
4093,455.9978822163857,255.30971108193273,1.499267578125
4094,455.99905876191525,255.539806485555,1.49951171875
4095,455.9997646903404,255.76990297205722,1.499755859375
